ISO-10303-21;
HEADER;
FILE_DESCRIPTION(('Open CASCADE Model'),'2;1');
FILE_NAME('Open CASCADE Shape Model','2026-08-11T19:29:07',('Author'),(
    'Open CASCADE'),'Open CASCADE STEP processor 7.8','Open CASCADE 7.8'
  ,'Unknown');
FILE_SCHEMA(('AUTOMOTIVE_DESIGN { 1 0 10303 214 1 1 1 1 }'));
ENDSEC;
DATA;
#1 = APPLICATION_PROTOCOL_DEFINITION('international standard',
  'automotive_design',2000,#2);
#2 = APPLICATION_CONTEXT(
  'core data for automotive mechanical design processes');
#3 = SHAPE_DEFINITION_REPRESENTATION(#4,#10);
#4 = PRODUCT_DEFINITION_SHAPE('','',#5);
#5 = PRODUCT_DEFINITION('design','',#6,#9);
#6 = PRODUCT_DEFINITION_FORMATION('','',#7);
#7 = PRODUCT('Open CASCADE STEP translator 7.8 18',
  'Open CASCADE STEP translator 7.8 18','',(#8));
#8 = PRODUCT_CONTEXT('',#2,'mechanical');
#9 = PRODUCT_DEFINITION_CONTEXT('part definition',#2,'design');
#10 = ADVANCED_BREP_SHAPE_REPRESENTATION('',(#11,#15),#3497);
#11 = AXIS2_PLACEMENT_3D('',#12,#13,#14);
#12 = CARTESIAN_POINT('',(0.,0.,0.));
#13 = DIRECTION('',(0.,0.,1.));
#14 = DIRECTION('',(1.,0.,-0.));
#15 = MANIFOLD_SOLID_BREP('',#16);
#16 = CLOSED_SHELL('',(#17,#137,#213,#1270,#1319,#1822,#1975,#2024,#2073
    ,#2100,#2149,#2198,#2225,#2301,#2350,#2399,#2426,#2473,#2500,#2527,
    #2554,#2581,#2659,#2732,#2759,#2835,#2884,#2933,#2960,#3007,#3034,
    #3061,#3068,#3115,#3142,#3169,#3247,#3274,#3323,#3350,#3401,#3428,
    #3455,#3462,#3469,#3476,#3483,#3490));
#17 = ADVANCED_FACE('',(#18),#32,.F.);
#18 = FACE_BOUND('',#19,.F.);
#19 = EDGE_LOOP('',(#20,#55,#83,#111));
#20 = ORIENTED_EDGE('',*,*,#21,.F.);
#21 = EDGE_CURVE('',#22,#24,#26,.T.);
#22 = VERTEX_POINT('',#23);
#23 = CARTESIAN_POINT('',(0.,0.,0.));
#24 = VERTEX_POINT('',#25);
#25 = CARTESIAN_POINT('',(0.,0.,3.));
#26 = SURFACE_CURVE('',#27,(#31,#43),.PCURVE_S1.);
#27 = LINE('',#28,#29);
#28 = CARTESIAN_POINT('',(0.,0.,0.));
#29 = VECTOR('',#30,1.);
#30 = DIRECTION('',(0.,0.,1.));
#31 = PCURVE('',#32,#37);
#32 = PLANE('',#33);
#33 = AXIS2_PLACEMENT_3D('',#34,#35,#36);
#34 = CARTESIAN_POINT('',(0.,0.,0.));
#35 = DIRECTION('',(1.,0.,0.));
#36 = DIRECTION('',(0.,0.,1.));
#37 = DEFINITIONAL_REPRESENTATION('',(#38),#42);
#38 = LINE('',#39,#40);
#39 = CARTESIAN_POINT('',(0.,0.));
#40 = VECTOR('',#41,1.);
#41 = DIRECTION('',(1.,0.));
#42 = ( GEOMETRIC_REPRESENTATION_CONTEXT(2) 
PARAMETRIC_REPRESENTATION_CONTEXT() REPRESENTATION_CONTEXT('2D SPACE',''
  ) );
#43 = PCURVE('',#44,#49);
#44 = PLANE('',#45);
#45 = AXIS2_PLACEMENT_3D('',#46,#47,#48);
#46 = CARTESIAN_POINT('',(0.,0.,0.));
#47 = DIRECTION('',(0.,1.,0.));
#48 = DIRECTION('',(0.,0.,1.));
#49 = DEFINITIONAL_REPRESENTATION('',(#50),#54);
#50 = LINE('',#51,#52);
#51 = CARTESIAN_POINT('',(0.,0.));
#52 = VECTOR('',#53,1.);
#53 = DIRECTION('',(1.,0.));
#54 = ( GEOMETRIC_REPRESENTATION_CONTEXT(2) 
PARAMETRIC_REPRESENTATION_CONTEXT() REPRESENTATION_CONTEXT('2D SPACE',''
  ) );
#55 = ORIENTED_EDGE('',*,*,#56,.F.);
#56 = EDGE_CURVE('',#57,#22,#59,.T.);
#57 = VERTEX_POINT('',#58);
#58 = CARTESIAN_POINT('',(0.,95.,0.));
#59 = SURFACE_CURVE('',#60,(#64,#71),.PCURVE_S1.);
#60 = LINE('',#61,#62);
#61 = CARTESIAN_POINT('',(0.,95.,0.));
#62 = VECTOR('',#63,1.);
#63 = DIRECTION('',(0.,-1.,0.));
#64 = PCURVE('',#32,#65);
#65 = DEFINITIONAL_REPRESENTATION('',(#66),#70);
#66 = LINE('',#67,#68);
#67 = CARTESIAN_POINT('',(0.,-95.));
#68 = VECTOR('',#69,1.);
#69 = DIRECTION('',(0.,1.));
#70 = ( GEOMETRIC_REPRESENTATION_CONTEXT(2) 
PARAMETRIC_REPRESENTATION_CONTEXT() REPRESENTATION_CONTEXT('2D SPACE',''
  ) );
#71 = PCURVE('',#72,#77);
#72 = PLANE('',#73);
#73 = AXIS2_PLACEMENT_3D('',#74,#75,#76);
#74 = CARTESIAN_POINT('',(0.,0.,0.));
#75 = DIRECTION('',(0.,0.,1.));
#76 = DIRECTION('',(1.,0.,0.));
#77 = DEFINITIONAL_REPRESENTATION('',(#78),#82);
#78 = LINE('',#79,#80);
#79 = CARTESIAN_POINT('',(0.,95.));
#80 = VECTOR('',#81,1.);
#81 = DIRECTION('',(0.,-1.));
#82 = ( GEOMETRIC_REPRESENTATION_CONTEXT(2) 
PARAMETRIC_REPRESENTATION_CONTEXT() REPRESENTATION_CONTEXT('2D SPACE',''
  ) );
#83 = ORIENTED_EDGE('',*,*,#84,.T.);
#84 = EDGE_CURVE('',#57,#85,#87,.T.);
#85 = VERTEX_POINT('',#86);
#86 = CARTESIAN_POINT('',(0.,95.,3.));
#87 = SURFACE_CURVE('',#88,(#92,#99),.PCURVE_S1.);
#88 = LINE('',#89,#90);
#89 = CARTESIAN_POINT('',(0.,95.,0.));
#90 = VECTOR('',#91,1.);
#91 = DIRECTION('',(0.,0.,1.));
#92 = PCURVE('',#32,#93);
#93 = DEFINITIONAL_REPRESENTATION('',(#94),#98);
#94 = LINE('',#95,#96);
#95 = CARTESIAN_POINT('',(0.,-95.));
#96 = VECTOR('',#97,1.);
#97 = DIRECTION('',(1.,0.));
#98 = ( GEOMETRIC_REPRESENTATION_CONTEXT(2) 
PARAMETRIC_REPRESENTATION_CONTEXT() REPRESENTATION_CONTEXT('2D SPACE',''
  ) );
#99 = PCURVE('',#100,#105);
#100 = PLANE('',#101);
#101 = AXIS2_PLACEMENT_3D('',#102,#103,#104);
#102 = CARTESIAN_POINT('',(0.,95.,0.));
#103 = DIRECTION('',(0.,1.,0.));
#104 = DIRECTION('',(0.,0.,1.));
#105 = DEFINITIONAL_REPRESENTATION('',(#106),#110);
#106 = LINE('',#107,#108);
#107 = CARTESIAN_POINT('',(0.,0.));
#108 = VECTOR('',#109,1.);
#109 = DIRECTION('',(1.,0.));
#110 = ( GEOMETRIC_REPRESENTATION_CONTEXT(2) 
PARAMETRIC_REPRESENTATION_CONTEXT() REPRESENTATION_CONTEXT('2D SPACE',''
  ) );
#111 = ORIENTED_EDGE('',*,*,#112,.F.);
#112 = EDGE_CURVE('',#24,#85,#113,.T.);
#113 = SURFACE_CURVE('',#114,(#118,#125),.PCURVE_S1.);
#114 = LINE('',#115,#116);
#115 = CARTESIAN_POINT('',(0.,0.,3.));
#116 = VECTOR('',#117,1.);
#117 = DIRECTION('',(0.,1.,0.));
#118 = PCURVE('',#32,#119);
#119 = DEFINITIONAL_REPRESENTATION('',(#120),#124);
#120 = LINE('',#121,#122);
#121 = CARTESIAN_POINT('',(3.,0.));
#122 = VECTOR('',#123,1.);
#123 = DIRECTION('',(0.,-1.));
#124 = ( GEOMETRIC_REPRESENTATION_CONTEXT(2) 
PARAMETRIC_REPRESENTATION_CONTEXT() REPRESENTATION_CONTEXT('2D SPACE',''
  ) );
#125 = PCURVE('',#126,#131);
#126 = PLANE('',#127);
#127 = AXIS2_PLACEMENT_3D('',#128,#129,#130);
#128 = CARTESIAN_POINT('',(0.,0.,3.));
#129 = DIRECTION('',(0.,0.,1.));
#130 = DIRECTION('',(1.,0.,0.));
#131 = DEFINITIONAL_REPRESENTATION('',(#132),#136);
#132 = LINE('',#133,#134);
#133 = CARTESIAN_POINT('',(0.,0.));
#134 = VECTOR('',#135,1.);
#135 = DIRECTION('',(0.,1.));
#136 = ( GEOMETRIC_REPRESENTATION_CONTEXT(2) 
PARAMETRIC_REPRESENTATION_CONTEXT() REPRESENTATION_CONTEXT('2D SPACE',''
  ) );
#137 = ADVANCED_FACE('',(#138),#44,.F.);
#138 = FACE_BOUND('',#139,.F.);
#139 = EDGE_LOOP('',(#140,#163,#164,#187));
#140 = ORIENTED_EDGE('',*,*,#141,.F.);
#141 = EDGE_CURVE('',#22,#142,#144,.T.);
#142 = VERTEX_POINT('',#143);
#143 = CARTESIAN_POINT('',(128.,0.,0.));
#144 = SURFACE_CURVE('',#145,(#149,#156),.PCURVE_S1.);
#145 = LINE('',#146,#147);
#146 = CARTESIAN_POINT('',(0.,0.,0.));
#147 = VECTOR('',#148,1.);
#148 = DIRECTION('',(1.,0.,0.));
#149 = PCURVE('',#44,#150);
#150 = DEFINITIONAL_REPRESENTATION('',(#151),#155);
#151 = LINE('',#152,#153);
#152 = CARTESIAN_POINT('',(0.,0.));
#153 = VECTOR('',#154,1.);
#154 = DIRECTION('',(0.,1.));
#155 = ( GEOMETRIC_REPRESENTATION_CONTEXT(2) 
PARAMETRIC_REPRESENTATION_CONTEXT() REPRESENTATION_CONTEXT('2D SPACE',''
  ) );
#156 = PCURVE('',#72,#157);
#157 = DEFINITIONAL_REPRESENTATION('',(#158),#162);
#158 = LINE('',#159,#160);
#159 = CARTESIAN_POINT('',(0.,0.));
#160 = VECTOR('',#161,1.);
#161 = DIRECTION('',(1.,0.));
#162 = ( GEOMETRIC_REPRESENTATION_CONTEXT(2) 
PARAMETRIC_REPRESENTATION_CONTEXT() REPRESENTATION_CONTEXT('2D SPACE',''
  ) );
#163 = ORIENTED_EDGE('',*,*,#21,.T.);
#164 = ORIENTED_EDGE('',*,*,#165,.F.);
#165 = EDGE_CURVE('',#166,#24,#168,.T.);
#166 = VERTEX_POINT('',#167);
#167 = CARTESIAN_POINT('',(128.,0.,3.));
#168 = SURFACE_CURVE('',#169,(#173,#180),.PCURVE_S1.);
#169 = LINE('',#170,#171);
#170 = CARTESIAN_POINT('',(128.,0.,3.));
#171 = VECTOR('',#172,1.);
#172 = DIRECTION('',(-1.,0.,0.));
#173 = PCURVE('',#44,#174);
#174 = DEFINITIONAL_REPRESENTATION('',(#175),#179);
#175 = LINE('',#176,#177);
#176 = CARTESIAN_POINT('',(3.,128.));
#177 = VECTOR('',#178,1.);
#178 = DIRECTION('',(0.,-1.));
#179 = ( GEOMETRIC_REPRESENTATION_CONTEXT(2) 
PARAMETRIC_REPRESENTATION_CONTEXT() REPRESENTATION_CONTEXT('2D SPACE',''
  ) );
#180 = PCURVE('',#126,#181);
#181 = DEFINITIONAL_REPRESENTATION('',(#182),#186);
#182 = LINE('',#183,#184);
#183 = CARTESIAN_POINT('',(128.,0.));
#184 = VECTOR('',#185,1.);
#185 = DIRECTION('',(-1.,0.));
#186 = ( GEOMETRIC_REPRESENTATION_CONTEXT(2) 
PARAMETRIC_REPRESENTATION_CONTEXT() REPRESENTATION_CONTEXT('2D SPACE',''
  ) );
#187 = ORIENTED_EDGE('',*,*,#188,.F.);
#188 = EDGE_CURVE('',#142,#166,#189,.T.);
#189 = SURFACE_CURVE('',#190,(#194,#201),.PCURVE_S1.);
#190 = LINE('',#191,#192);
#191 = CARTESIAN_POINT('',(128.,0.,0.));
#192 = VECTOR('',#193,1.);
#193 = DIRECTION('',(0.,0.,1.));
#194 = PCURVE('',#44,#195);
#195 = DEFINITIONAL_REPRESENTATION('',(#196),#200);
#196 = LINE('',#197,#198);
#197 = CARTESIAN_POINT('',(0.,128.));
#198 = VECTOR('',#199,1.);
#199 = DIRECTION('',(1.,0.));
#200 = ( GEOMETRIC_REPRESENTATION_CONTEXT(2) 
PARAMETRIC_REPRESENTATION_CONTEXT() REPRESENTATION_CONTEXT('2D SPACE',''
  ) );
#201 = PCURVE('',#202,#207);
#202 = PLANE('',#203);
#203 = AXIS2_PLACEMENT_3D('',#204,#205,#206);
#204 = CARTESIAN_POINT('',(128.,0.,0.));
#205 = DIRECTION('',(1.,0.,0.));
#206 = DIRECTION('',(0.,0.,1.));
#207 = DEFINITIONAL_REPRESENTATION('',(#208),#212);
#208 = LINE('',#209,#210);
#209 = CARTESIAN_POINT('',(0.,0.));
#210 = VECTOR('',#211,1.);
#211 = DIRECTION('',(1.,0.));
#212 = ( GEOMETRIC_REPRESENTATION_CONTEXT(2) 
PARAMETRIC_REPRESENTATION_CONTEXT() REPRESENTATION_CONTEXT('2D SPACE',''
  ) );
#213 = ADVANCED_FACE('',(#214,#476,#590,#816,#930,#1044),#72,.F.);
#214 = FACE_BOUND('',#215,.F.);
#215 = EDGE_LOOP('',(#216,#239,#240,#241,#264,#292,#320,#348,#371,#399,
    #427,#455));
#216 = ORIENTED_EDGE('',*,*,#217,.F.);
#217 = EDGE_CURVE('',#57,#218,#220,.T.);
#218 = VERTEX_POINT('',#219);
#219 = CARTESIAN_POINT('',(128.,95.,0.));
#220 = SURFACE_CURVE('',#221,(#225,#232),.PCURVE_S1.);
#221 = LINE('',#222,#223);
#222 = CARTESIAN_POINT('',(0.,95.,0.));
#223 = VECTOR('',#224,1.);
#224 = DIRECTION('',(1.,0.,0.));
#225 = PCURVE('',#72,#226);
#226 = DEFINITIONAL_REPRESENTATION('',(#227),#231);
#227 = LINE('',#228,#229);
#228 = CARTESIAN_POINT('',(0.,95.));
#229 = VECTOR('',#230,1.);
#230 = DIRECTION('',(1.,0.));
#231 = ( GEOMETRIC_REPRESENTATION_CONTEXT(2) 
PARAMETRIC_REPRESENTATION_CONTEXT() REPRESENTATION_CONTEXT('2D SPACE',''
  ) );
#232 = PCURVE('',#100,#233);
#233 = DEFINITIONAL_REPRESENTATION('',(#234),#238);
#234 = LINE('',#235,#236);
#235 = CARTESIAN_POINT('',(0.,0.));
#236 = VECTOR('',#237,1.);
#237 = DIRECTION('',(0.,1.));
#238 = ( GEOMETRIC_REPRESENTATION_CONTEXT(2) 
PARAMETRIC_REPRESENTATION_CONTEXT() REPRESENTATION_CONTEXT('2D SPACE',''
  ) );
#239 = ORIENTED_EDGE('',*,*,#56,.T.);
#240 = ORIENTED_EDGE('',*,*,#141,.T.);
#241 = ORIENTED_EDGE('',*,*,#242,.F.);
#242 = EDGE_CURVE('',#243,#142,#245,.T.);
#243 = VERTEX_POINT('',#244);
#244 = CARTESIAN_POINT('',(128.,15.7,0.));
#245 = SURFACE_CURVE('',#246,(#250,#257),.PCURVE_S1.);
#246 = LINE('',#247,#248);
#247 = CARTESIAN_POINT('',(128.,95.,0.));
#248 = VECTOR('',#249,1.);
#249 = DIRECTION('',(0.,-1.,0.));
#250 = PCURVE('',#72,#251);
#251 = DEFINITIONAL_REPRESENTATION('',(#252),#256);
#252 = LINE('',#253,#254);
#253 = CARTESIAN_POINT('',(128.,95.));
#254 = VECTOR('',#255,1.);
#255 = DIRECTION('',(0.,-1.));
#256 = ( GEOMETRIC_REPRESENTATION_CONTEXT(2) 
PARAMETRIC_REPRESENTATION_CONTEXT() REPRESENTATION_CONTEXT('2D SPACE',''
  ) );
#257 = PCURVE('',#202,#258);
#258 = DEFINITIONAL_REPRESENTATION('',(#259),#263);
#259 = LINE('',#260,#261);
#260 = CARTESIAN_POINT('',(0.,-95.));
#261 = VECTOR('',#262,1.);
#262 = DIRECTION('',(0.,1.));
#263 = ( GEOMETRIC_REPRESENTATION_CONTEXT(2) 
PARAMETRIC_REPRESENTATION_CONTEXT() REPRESENTATION_CONTEXT('2D SPACE',''
  ) );
#264 = ORIENTED_EDGE('',*,*,#265,.T.);
#265 = EDGE_CURVE('',#243,#266,#268,.T.);
#266 = VERTEX_POINT('',#267);
#267 = CARTESIAN_POINT('',(125.3,15.7,0.));
#268 = SURFACE_CURVE('',#269,(#273,#280),.PCURVE_S1.);
#269 = LINE('',#270,#271);
#270 = CARTESIAN_POINT('',(62.65,15.7,0.));
#271 = VECTOR('',#272,1.);
#272 = DIRECTION('',(-1.,0.,0.));
#273 = PCURVE('',#72,#274);
#274 = DEFINITIONAL_REPRESENTATION('',(#275),#279);
#275 = LINE('',#276,#277);
#276 = CARTESIAN_POINT('',(62.65,15.7));
#277 = VECTOR('',#278,1.);
#278 = DIRECTION('',(-1.,0.));
#279 = ( GEOMETRIC_REPRESENTATION_CONTEXT(2) 
PARAMETRIC_REPRESENTATION_CONTEXT() REPRESENTATION_CONTEXT('2D SPACE',''
  ) );
#280 = PCURVE('',#281,#286);
#281 = PLANE('',#282);
#282 = AXIS2_PLACEMENT_3D('',#283,#284,#285);
#283 = CARTESIAN_POINT('',(125.3,15.7,-0.1));
#284 = DIRECTION('',(0.,1.,0.));
#285 = DIRECTION('',(0.,0.,1.));
#286 = DEFINITIONAL_REPRESENTATION('',(#287),#291);
#287 = LINE('',#288,#289);
#288 = CARTESIAN_POINT('',(0.1,-62.65));
#289 = VECTOR('',#290,1.);
#290 = DIRECTION('',(0.,-1.));
#291 = ( GEOMETRIC_REPRESENTATION_CONTEXT(2) 
PARAMETRIC_REPRESENTATION_CONTEXT() REPRESENTATION_CONTEXT('2D SPACE',''
  ) );
#292 = ORIENTED_EDGE('',*,*,#293,.T.);
#293 = EDGE_CURVE('',#266,#294,#296,.T.);
#294 = VERTEX_POINT('',#295);
#295 = CARTESIAN_POINT('',(125.3,21.3,0.));
#296 = SURFACE_CURVE('',#297,(#301,#308),.PCURVE_S1.);
#297 = LINE('',#298,#299);
#298 = CARTESIAN_POINT('',(125.3,7.85,0.));
#299 = VECTOR('',#300,1.);
#300 = DIRECTION('',(0.,1.,0.));
#301 = PCURVE('',#72,#302);
#302 = DEFINITIONAL_REPRESENTATION('',(#303),#307);
#303 = LINE('',#304,#305);
#304 = CARTESIAN_POINT('',(125.3,7.85));
#305 = VECTOR('',#306,1.);
#306 = DIRECTION('',(0.,1.));
#307 = ( GEOMETRIC_REPRESENTATION_CONTEXT(2) 
PARAMETRIC_REPRESENTATION_CONTEXT() REPRESENTATION_CONTEXT('2D SPACE',''
  ) );
#308 = PCURVE('',#309,#314);
#309 = PLANE('',#310);
#310 = AXIS2_PLACEMENT_3D('',#311,#312,#313);
#311 = CARTESIAN_POINT('',(125.3,15.7,-0.1));
#312 = DIRECTION('',(1.,0.,0.));
#313 = DIRECTION('',(0.,0.,1.));
#314 = DEFINITIONAL_REPRESENTATION('',(#315),#319);
#315 = LINE('',#316,#317);
#316 = CARTESIAN_POINT('',(0.1,7.85));
#317 = VECTOR('',#318,1.);
#318 = DIRECTION('',(0.,-1.));
#319 = ( GEOMETRIC_REPRESENTATION_CONTEXT(2) 
PARAMETRIC_REPRESENTATION_CONTEXT() REPRESENTATION_CONTEXT('2D SPACE',''
  ) );
#320 = ORIENTED_EDGE('',*,*,#321,.F.);
#321 = EDGE_CURVE('',#322,#294,#324,.T.);
#322 = VERTEX_POINT('',#323);
#323 = CARTESIAN_POINT('',(128.,21.3,0.));
#324 = SURFACE_CURVE('',#325,(#329,#336),.PCURVE_S1.);
#325 = LINE('',#326,#327);
#326 = CARTESIAN_POINT('',(62.65,21.3,0.));
#327 = VECTOR('',#328,1.);
#328 = DIRECTION('',(-1.,0.,0.));
#329 = PCURVE('',#72,#330);
#330 = DEFINITIONAL_REPRESENTATION('',(#331),#335);
#331 = LINE('',#332,#333);
#332 = CARTESIAN_POINT('',(62.65,21.3));
#333 = VECTOR('',#334,1.);
#334 = DIRECTION('',(-1.,0.));
#335 = ( GEOMETRIC_REPRESENTATION_CONTEXT(2) 
PARAMETRIC_REPRESENTATION_CONTEXT() REPRESENTATION_CONTEXT('2D SPACE',''
  ) );
#336 = PCURVE('',#337,#342);
#337 = PLANE('',#338);
#338 = AXIS2_PLACEMENT_3D('',#339,#340,#341);
#339 = CARTESIAN_POINT('',(125.3,21.3,-0.1));
#340 = DIRECTION('',(0.,1.,0.));
#341 = DIRECTION('',(0.,0.,1.));
#342 = DEFINITIONAL_REPRESENTATION('',(#343),#347);
#343 = LINE('',#344,#345);
#344 = CARTESIAN_POINT('',(0.1,-62.65));
#345 = VECTOR('',#346,1.);
#346 = DIRECTION('',(0.,-1.));
#347 = ( GEOMETRIC_REPRESENTATION_CONTEXT(2) 
PARAMETRIC_REPRESENTATION_CONTEXT() REPRESENTATION_CONTEXT('2D SPACE',''
  ) );
#348 = ORIENTED_EDGE('',*,*,#349,.F.);
#349 = EDGE_CURVE('',#350,#322,#352,.T.);
#350 = VERTEX_POINT('',#351);
#351 = CARTESIAN_POINT('',(128.,73.7,0.));
#352 = SURFACE_CURVE('',#353,(#357,#364),.PCURVE_S1.);
#353 = LINE('',#354,#355);
#354 = CARTESIAN_POINT('',(128.,95.,0.));
#355 = VECTOR('',#356,1.);
#356 = DIRECTION('',(0.,-1.,0.));
#357 = PCURVE('',#72,#358);
#358 = DEFINITIONAL_REPRESENTATION('',(#359),#363);
#359 = LINE('',#360,#361);
#360 = CARTESIAN_POINT('',(128.,95.));
#361 = VECTOR('',#362,1.);
#362 = DIRECTION('',(0.,-1.));
#363 = ( GEOMETRIC_REPRESENTATION_CONTEXT(2) 
PARAMETRIC_REPRESENTATION_CONTEXT() REPRESENTATION_CONTEXT('2D SPACE',''
  ) );
#364 = PCURVE('',#202,#365);
#365 = DEFINITIONAL_REPRESENTATION('',(#366),#370);
#366 = LINE('',#367,#368);
#367 = CARTESIAN_POINT('',(0.,-95.));
#368 = VECTOR('',#369,1.);
#369 = DIRECTION('',(0.,1.));
#370 = ( GEOMETRIC_REPRESENTATION_CONTEXT(2) 
PARAMETRIC_REPRESENTATION_CONTEXT() REPRESENTATION_CONTEXT('2D SPACE',''
  ) );
#371 = ORIENTED_EDGE('',*,*,#372,.T.);
#372 = EDGE_CURVE('',#350,#373,#375,.T.);
#373 = VERTEX_POINT('',#374);
#374 = CARTESIAN_POINT('',(125.3,73.7,0.));
#375 = SURFACE_CURVE('',#376,(#380,#387),.PCURVE_S1.);
#376 = LINE('',#377,#378);
#377 = CARTESIAN_POINT('',(62.65,73.7,0.));
#378 = VECTOR('',#379,1.);
#379 = DIRECTION('',(-1.,0.,0.));
#380 = PCURVE('',#72,#381);
#381 = DEFINITIONAL_REPRESENTATION('',(#382),#386);
#382 = LINE('',#383,#384);
#383 = CARTESIAN_POINT('',(62.65,73.7));
#384 = VECTOR('',#385,1.);
#385 = DIRECTION('',(-1.,0.));
#386 = ( GEOMETRIC_REPRESENTATION_CONTEXT(2) 
PARAMETRIC_REPRESENTATION_CONTEXT() REPRESENTATION_CONTEXT('2D SPACE',''
  ) );
#387 = PCURVE('',#388,#393);
#388 = PLANE('',#389);
#389 = AXIS2_PLACEMENT_3D('',#390,#391,#392);
#390 = CARTESIAN_POINT('',(125.3,73.7,-0.1));
#391 = DIRECTION('',(0.,1.,0.));
#392 = DIRECTION('',(0.,0.,1.));
#393 = DEFINITIONAL_REPRESENTATION('',(#394),#398);
#394 = LINE('',#395,#396);
#395 = CARTESIAN_POINT('',(0.1,-62.65));
#396 = VECTOR('',#397,1.);
#397 = DIRECTION('',(0.,-1.));
#398 = ( GEOMETRIC_REPRESENTATION_CONTEXT(2) 
PARAMETRIC_REPRESENTATION_CONTEXT() REPRESENTATION_CONTEXT('2D SPACE',''
  ) );
#399 = ORIENTED_EDGE('',*,*,#400,.T.);
#400 = EDGE_CURVE('',#373,#401,#403,.T.);
#401 = VERTEX_POINT('',#402);
#402 = CARTESIAN_POINT('',(125.3,79.3,0.));
#403 = SURFACE_CURVE('',#404,(#408,#415),.PCURVE_S1.);
#404 = LINE('',#405,#406);
#405 = CARTESIAN_POINT('',(125.3,36.85,0.));
#406 = VECTOR('',#407,1.);
#407 = DIRECTION('',(0.,1.,0.));
#408 = PCURVE('',#72,#409);
#409 = DEFINITIONAL_REPRESENTATION('',(#410),#414);
#410 = LINE('',#411,#412);
#411 = CARTESIAN_POINT('',(125.3,36.85));
#412 = VECTOR('',#413,1.);
#413 = DIRECTION('',(0.,1.));
#414 = ( GEOMETRIC_REPRESENTATION_CONTEXT(2) 
PARAMETRIC_REPRESENTATION_CONTEXT() REPRESENTATION_CONTEXT('2D SPACE',''
  ) );
#415 = PCURVE('',#416,#421);
#416 = PLANE('',#417);
#417 = AXIS2_PLACEMENT_3D('',#418,#419,#420);
#418 = CARTESIAN_POINT('',(125.3,73.7,-0.1));
#419 = DIRECTION('',(1.,0.,0.));
#420 = DIRECTION('',(0.,0.,1.));
#421 = DEFINITIONAL_REPRESENTATION('',(#422),#426);
#422 = LINE('',#423,#424);
#423 = CARTESIAN_POINT('',(0.1,36.85));
#424 = VECTOR('',#425,1.);
#425 = DIRECTION('',(0.,-1.));
#426 = ( GEOMETRIC_REPRESENTATION_CONTEXT(2) 
PARAMETRIC_REPRESENTATION_CONTEXT() REPRESENTATION_CONTEXT('2D SPACE',''
  ) );
#427 = ORIENTED_EDGE('',*,*,#428,.F.);
#428 = EDGE_CURVE('',#429,#401,#431,.T.);
#429 = VERTEX_POINT('',#430);
#430 = CARTESIAN_POINT('',(128.,79.3,0.));
#431 = SURFACE_CURVE('',#432,(#436,#443),.PCURVE_S1.);
#432 = LINE('',#433,#434);
#433 = CARTESIAN_POINT('',(62.65,79.3,0.));
#434 = VECTOR('',#435,1.);
#435 = DIRECTION('',(-1.,0.,0.));
#436 = PCURVE('',#72,#437);
#437 = DEFINITIONAL_REPRESENTATION('',(#438),#442);
#438 = LINE('',#439,#440);
#439 = CARTESIAN_POINT('',(62.65,79.3));
#440 = VECTOR('',#441,1.);
#441 = DIRECTION('',(-1.,0.));
#442 = ( GEOMETRIC_REPRESENTATION_CONTEXT(2) 
PARAMETRIC_REPRESENTATION_CONTEXT() REPRESENTATION_CONTEXT('2D SPACE',''
  ) );
#443 = PCURVE('',#444,#449);
#444 = PLANE('',#445);
#445 = AXIS2_PLACEMENT_3D('',#446,#447,#448);
#446 = CARTESIAN_POINT('',(125.3,79.3,-0.1));
#447 = DIRECTION('',(0.,1.,0.));
#448 = DIRECTION('',(0.,0.,1.));
#449 = DEFINITIONAL_REPRESENTATION('',(#450),#454);
#450 = LINE('',#451,#452);
#451 = CARTESIAN_POINT('',(0.1,-62.65));
#452 = VECTOR('',#453,1.);
#453 = DIRECTION('',(0.,-1.));
#454 = ( GEOMETRIC_REPRESENTATION_CONTEXT(2) 
PARAMETRIC_REPRESENTATION_CONTEXT() REPRESENTATION_CONTEXT('2D SPACE',''
  ) );
#455 = ORIENTED_EDGE('',*,*,#456,.F.);
#456 = EDGE_CURVE('',#218,#429,#457,.T.);
#457 = SURFACE_CURVE('',#458,(#462,#469),.PCURVE_S1.);
#458 = LINE('',#459,#460);
#459 = CARTESIAN_POINT('',(128.,95.,0.));
#460 = VECTOR('',#461,1.);
#461 = DIRECTION('',(0.,-1.,0.));
#462 = PCURVE('',#72,#463);
#463 = DEFINITIONAL_REPRESENTATION('',(#464),#468);
#464 = LINE('',#465,#466);
#465 = CARTESIAN_POINT('',(128.,95.));
#466 = VECTOR('',#467,1.);
#467 = DIRECTION('',(0.,-1.));
#468 = ( GEOMETRIC_REPRESENTATION_CONTEXT(2) 
PARAMETRIC_REPRESENTATION_CONTEXT() REPRESENTATION_CONTEXT('2D SPACE',''
  ) );
#469 = PCURVE('',#202,#470);
#470 = DEFINITIONAL_REPRESENTATION('',(#471),#475);
#471 = LINE('',#472,#473);
#472 = CARTESIAN_POINT('',(0.,-95.));
#473 = VECTOR('',#474,1.);
#474 = DIRECTION('',(0.,1.));
#475 = ( GEOMETRIC_REPRESENTATION_CONTEXT(2) 
PARAMETRIC_REPRESENTATION_CONTEXT() REPRESENTATION_CONTEXT('2D SPACE',''
  ) );
#476 = FACE_BOUND('',#477,.F.);
#477 = EDGE_LOOP('',(#478,#508,#536,#564));
#478 = ORIENTED_EDGE('',*,*,#479,.T.);
#479 = EDGE_CURVE('',#480,#482,#484,.T.);
#480 = VERTEX_POINT('',#481);
#481 = CARTESIAN_POINT('',(2.7,15.7,0.));
#482 = VERTEX_POINT('',#483);
#483 = CARTESIAN_POINT('',(0.5,15.7,0.));
#484 = SURFACE_CURVE('',#485,(#489,#496),.PCURVE_S1.);
#485 = LINE('',#486,#487);
#486 = CARTESIAN_POINT('',(0.25,15.7,0.));
#487 = VECTOR('',#488,1.);
#488 = DIRECTION('',(-1.,0.,0.));
#489 = PCURVE('',#72,#490);
#490 = DEFINITIONAL_REPRESENTATION('',(#491),#495);
#491 = LINE('',#492,#493);
#492 = CARTESIAN_POINT('',(0.25,15.7));
#493 = VECTOR('',#494,1.);
#494 = DIRECTION('',(-1.,0.));
#495 = ( GEOMETRIC_REPRESENTATION_CONTEXT(2) 
PARAMETRIC_REPRESENTATION_CONTEXT() REPRESENTATION_CONTEXT('2D SPACE',''
  ) );
#496 = PCURVE('',#497,#502);
#497 = PLANE('',#498);
#498 = AXIS2_PLACEMENT_3D('',#499,#500,#501);
#499 = CARTESIAN_POINT('',(0.5,15.7,-0.1));
#500 = DIRECTION('',(0.,1.,0.));
#501 = DIRECTION('',(0.,0.,1.));
#502 = DEFINITIONAL_REPRESENTATION('',(#503),#507);
#503 = LINE('',#504,#505);
#504 = CARTESIAN_POINT('',(0.1,-0.25));
#505 = VECTOR('',#506,1.);
#506 = DIRECTION('',(0.,-1.));
#507 = ( GEOMETRIC_REPRESENTATION_CONTEXT(2) 
PARAMETRIC_REPRESENTATION_CONTEXT() REPRESENTATION_CONTEXT('2D SPACE',''
  ) );
#508 = ORIENTED_EDGE('',*,*,#509,.T.);
#509 = EDGE_CURVE('',#482,#510,#512,.T.);
#510 = VERTEX_POINT('',#511);
#511 = CARTESIAN_POINT('',(0.5,21.3,0.));
#512 = SURFACE_CURVE('',#513,(#517,#524),.PCURVE_S1.);
#513 = LINE('',#514,#515);
#514 = CARTESIAN_POINT('',(0.5,7.85,0.));
#515 = VECTOR('',#516,1.);
#516 = DIRECTION('',(0.,1.,0.));
#517 = PCURVE('',#72,#518);
#518 = DEFINITIONAL_REPRESENTATION('',(#519),#523);
#519 = LINE('',#520,#521);
#520 = CARTESIAN_POINT('',(0.5,7.85));
#521 = VECTOR('',#522,1.);
#522 = DIRECTION('',(0.,1.));
#523 = ( GEOMETRIC_REPRESENTATION_CONTEXT(2) 
PARAMETRIC_REPRESENTATION_CONTEXT() REPRESENTATION_CONTEXT('2D SPACE',''
  ) );
#524 = PCURVE('',#525,#530);
#525 = PLANE('',#526);
#526 = AXIS2_PLACEMENT_3D('',#527,#528,#529);
#527 = CARTESIAN_POINT('',(0.5,15.7,-0.1));
#528 = DIRECTION('',(1.,0.,0.));
#529 = DIRECTION('',(0.,0.,1.));
#530 = DEFINITIONAL_REPRESENTATION('',(#531),#535);
#531 = LINE('',#532,#533);
#532 = CARTESIAN_POINT('',(0.1,7.85));
#533 = VECTOR('',#534,1.);
#534 = DIRECTION('',(0.,-1.));
#535 = ( GEOMETRIC_REPRESENTATION_CONTEXT(2) 
PARAMETRIC_REPRESENTATION_CONTEXT() REPRESENTATION_CONTEXT('2D SPACE',''
  ) );
#536 = ORIENTED_EDGE('',*,*,#537,.F.);
#537 = EDGE_CURVE('',#538,#510,#540,.T.);
#538 = VERTEX_POINT('',#539);
#539 = CARTESIAN_POINT('',(2.7,21.3,0.));
#540 = SURFACE_CURVE('',#541,(#545,#552),.PCURVE_S1.);
#541 = LINE('',#542,#543);
#542 = CARTESIAN_POINT('',(0.25,21.3,0.));
#543 = VECTOR('',#544,1.);
#544 = DIRECTION('',(-1.,0.,0.));
#545 = PCURVE('',#72,#546);
#546 = DEFINITIONAL_REPRESENTATION('',(#547),#551);
#547 = LINE('',#548,#549);
#548 = CARTESIAN_POINT('',(0.25,21.3));
#549 = VECTOR('',#550,1.);
#550 = DIRECTION('',(-1.,0.));
#551 = ( GEOMETRIC_REPRESENTATION_CONTEXT(2) 
PARAMETRIC_REPRESENTATION_CONTEXT() REPRESENTATION_CONTEXT('2D SPACE',''
  ) );
#552 = PCURVE('',#553,#558);
#553 = PLANE('',#554);
#554 = AXIS2_PLACEMENT_3D('',#555,#556,#557);
#555 = CARTESIAN_POINT('',(0.5,21.3,-0.1));
#556 = DIRECTION('',(0.,1.,0.));
#557 = DIRECTION('',(0.,0.,1.));
#558 = DEFINITIONAL_REPRESENTATION('',(#559),#563);
#559 = LINE('',#560,#561);
#560 = CARTESIAN_POINT('',(0.1,-0.25));
#561 = VECTOR('',#562,1.);
#562 = DIRECTION('',(0.,-1.));
#563 = ( GEOMETRIC_REPRESENTATION_CONTEXT(2) 
PARAMETRIC_REPRESENTATION_CONTEXT() REPRESENTATION_CONTEXT('2D SPACE',''
  ) );
#564 = ORIENTED_EDGE('',*,*,#565,.F.);
#565 = EDGE_CURVE('',#480,#538,#566,.T.);
#566 = SURFACE_CURVE('',#567,(#571,#578),.PCURVE_S1.);
#567 = LINE('',#568,#569);
#568 = CARTESIAN_POINT('',(2.7,7.85,0.));
#569 = VECTOR('',#570,1.);
#570 = DIRECTION('',(0.,1.,0.));
#571 = PCURVE('',#72,#572);
#572 = DEFINITIONAL_REPRESENTATION('',(#573),#577);
#573 = LINE('',#574,#575);
#574 = CARTESIAN_POINT('',(2.7,7.85));
#575 = VECTOR('',#576,1.);
#576 = DIRECTION('',(0.,1.));
#577 = ( GEOMETRIC_REPRESENTATION_CONTEXT(2) 
PARAMETRIC_REPRESENTATION_CONTEXT() REPRESENTATION_CONTEXT('2D SPACE',''
  ) );
#578 = PCURVE('',#579,#584);
#579 = PLANE('',#580);
#580 = AXIS2_PLACEMENT_3D('',#581,#582,#583);
#581 = CARTESIAN_POINT('',(2.7,15.7,-0.1));
#582 = DIRECTION('',(1.,0.,0.));
#583 = DIRECTION('',(0.,0.,1.));
#584 = DEFINITIONAL_REPRESENTATION('',(#585),#589);
#585 = LINE('',#586,#587);
#586 = CARTESIAN_POINT('',(0.1,7.85));
#587 = VECTOR('',#588,1.);
#588 = DIRECTION('',(0.,-1.));
#589 = ( GEOMETRIC_REPRESENTATION_CONTEXT(2) 
PARAMETRIC_REPRESENTATION_CONTEXT() REPRESENTATION_CONTEXT('2D SPACE',''
  ) );
#590 = FACE_BOUND('',#591,.F.);
#591 = EDGE_LOOP('',(#592,#622,#650,#678,#706,#734,#762,#790));
#592 = ORIENTED_EDGE('',*,*,#593,.T.);
#593 = EDGE_CURVE('',#594,#596,#598,.T.);
#594 = VERTEX_POINT('',#595);
#595 = CARTESIAN_POINT('',(6.,6.,0.));
#596 = VERTEX_POINT('',#597);
#597 = CARTESIAN_POINT('',(6.,89.,0.));
#598 = SURFACE_CURVE('',#599,(#603,#610),.PCURVE_S1.);
#599 = LINE('',#600,#601);
#600 = CARTESIAN_POINT('',(6.,0.,0.));
#601 = VECTOR('',#602,1.);
#602 = DIRECTION('',(0.,1.,0.));
#603 = PCURVE('',#72,#604);
#604 = DEFINITIONAL_REPRESENTATION('',(#605),#609);
#605 = LINE('',#606,#607);
#606 = CARTESIAN_POINT('',(6.,0.));
#607 = VECTOR('',#608,1.);
#608 = DIRECTION('',(0.,1.));
#609 = ( GEOMETRIC_REPRESENTATION_CONTEXT(2) 
PARAMETRIC_REPRESENTATION_CONTEXT() REPRESENTATION_CONTEXT('2D SPACE',''
  ) );
#610 = PCURVE('',#611,#616);
#611 = PLANE('',#612);
#612 = AXIS2_PLACEMENT_3D('',#613,#614,#615);
#613 = CARTESIAN_POINT('',(6.,0.,0.));
#614 = DIRECTION('',(1.,0.,0.));
#615 = DIRECTION('',(0.,0.,1.));
#616 = DEFINITIONAL_REPRESENTATION('',(#617),#621);
#617 = LINE('',#618,#619);
#618 = CARTESIAN_POINT('',(0.,0.));
#619 = VECTOR('',#620,1.);
#620 = DIRECTION('',(0.,-1.));
#621 = ( GEOMETRIC_REPRESENTATION_CONTEXT(2) 
PARAMETRIC_REPRESENTATION_CONTEXT() REPRESENTATION_CONTEXT('2D SPACE',''
  ) );
#622 = ORIENTED_EDGE('',*,*,#623,.T.);
#623 = EDGE_CURVE('',#596,#624,#626,.T.);
#624 = VERTEX_POINT('',#625);
#625 = CARTESIAN_POINT('',(31.,89.,0.));
#626 = SURFACE_CURVE('',#627,(#631,#638),.PCURVE_S1.);
#627 = LINE('',#628,#629);
#628 = CARTESIAN_POINT('',(0.,89.,0.));
#629 = VECTOR('',#630,1.);
#630 = DIRECTION('',(1.,0.,0.));
#631 = PCURVE('',#72,#632);
#632 = DEFINITIONAL_REPRESENTATION('',(#633),#637);
#633 = LINE('',#634,#635);
#634 = CARTESIAN_POINT('',(0.,89.));
#635 = VECTOR('',#636,1.);
#636 = DIRECTION('',(1.,0.));
#637 = ( GEOMETRIC_REPRESENTATION_CONTEXT(2) 
PARAMETRIC_REPRESENTATION_CONTEXT() REPRESENTATION_CONTEXT('2D SPACE',''
  ) );
#638 = PCURVE('',#639,#644);
#639 = PLANE('',#640);
#640 = AXIS2_PLACEMENT_3D('',#641,#642,#643);
#641 = CARTESIAN_POINT('',(0.,89.,0.));
#642 = DIRECTION('',(0.,1.,0.));
#643 = DIRECTION('',(0.,0.,1.));
#644 = DEFINITIONAL_REPRESENTATION('',(#645),#649);
#645 = LINE('',#646,#647);
#646 = CARTESIAN_POINT('',(0.,0.));
#647 = VECTOR('',#648,1.);
#648 = DIRECTION('',(0.,1.));
#649 = ( GEOMETRIC_REPRESENTATION_CONTEXT(2) 
PARAMETRIC_REPRESENTATION_CONTEXT() REPRESENTATION_CONTEXT('2D SPACE',''
  ) );
#650 = ORIENTED_EDGE('',*,*,#651,.F.);
#651 = EDGE_CURVE('',#652,#624,#654,.T.);
#652 = VERTEX_POINT('',#653);
#653 = CARTESIAN_POINT('',(31.,30.,0.));
#654 = SURFACE_CURVE('',#655,(#659,#666),.PCURVE_S1.);
#655 = LINE('',#656,#657);
#656 = CARTESIAN_POINT('',(31.,5.5,0.));
#657 = VECTOR('',#658,1.);
#658 = DIRECTION('',(0.,1.,0.));
#659 = PCURVE('',#72,#660);
#660 = DEFINITIONAL_REPRESENTATION('',(#661),#665);
#661 = LINE('',#662,#663);
#662 = CARTESIAN_POINT('',(31.,5.5));
#663 = VECTOR('',#664,1.);
#664 = DIRECTION('',(0.,1.));
#665 = ( GEOMETRIC_REPRESENTATION_CONTEXT(2) 
PARAMETRIC_REPRESENTATION_CONTEXT() REPRESENTATION_CONTEXT('2D SPACE',''
  ) );
#666 = PCURVE('',#667,#672);
#667 = PLANE('',#668);
#668 = AXIS2_PLACEMENT_3D('',#669,#670,#671);
#669 = CARTESIAN_POINT('',(31.,5.5,0.));
#670 = DIRECTION('',(1.,0.,0.));
#671 = DIRECTION('',(0.,0.,1.));
#672 = DEFINITIONAL_REPRESENTATION('',(#673),#677);
#673 = LINE('',#674,#675);
#674 = CARTESIAN_POINT('',(0.,0.));
#675 = VECTOR('',#676,1.);
#676 = DIRECTION('',(0.,-1.));
#677 = ( GEOMETRIC_REPRESENTATION_CONTEXT(2) 
PARAMETRIC_REPRESENTATION_CONTEXT() REPRESENTATION_CONTEXT('2D SPACE',''
  ) );
#678 = ORIENTED_EDGE('',*,*,#679,.F.);
#679 = EDGE_CURVE('',#680,#652,#682,.T.);
#680 = VERTEX_POINT('',#681);
#681 = CARTESIAN_POINT('',(27.1,30.,0.));
#682 = SURFACE_CURVE('',#683,(#687,#694),.PCURVE_S1.);
#683 = LINE('',#684,#685);
#684 = CARTESIAN_POINT('',(27.1,30.,0.));
#685 = VECTOR('',#686,1.);
#686 = DIRECTION('',(1.,0.,0.));
#687 = PCURVE('',#72,#688);
#688 = DEFINITIONAL_REPRESENTATION('',(#689),#693);
#689 = LINE('',#690,#691);
#690 = CARTESIAN_POINT('',(27.1,30.));
#691 = VECTOR('',#692,1.);
#692 = DIRECTION('',(1.,0.));
#693 = ( GEOMETRIC_REPRESENTATION_CONTEXT(2) 
PARAMETRIC_REPRESENTATION_CONTEXT() REPRESENTATION_CONTEXT('2D SPACE',''
  ) );
#694 = PCURVE('',#695,#700);
#695 = PLANE('',#696);
#696 = AXIS2_PLACEMENT_3D('',#697,#698,#699);
#697 = CARTESIAN_POINT('',(27.1,30.,0.));
#698 = DIRECTION('',(0.,1.,0.));
#699 = DIRECTION('',(0.,0.,1.));
#700 = DEFINITIONAL_REPRESENTATION('',(#701),#705);
#701 = LINE('',#702,#703);
#702 = CARTESIAN_POINT('',(0.,0.));
#703 = VECTOR('',#704,1.);
#704 = DIRECTION('',(0.,1.));
#705 = ( GEOMETRIC_REPRESENTATION_CONTEXT(2) 
PARAMETRIC_REPRESENTATION_CONTEXT() REPRESENTATION_CONTEXT('2D SPACE',''
  ) );
#706 = ORIENTED_EDGE('',*,*,#707,.F.);
#707 = EDGE_CURVE('',#708,#680,#710,.T.);
#708 = VERTEX_POINT('',#709);
#709 = CARTESIAN_POINT('',(27.1,12.,0.));
#710 = SURFACE_CURVE('',#711,(#715,#722),.PCURVE_S1.);
#711 = LINE('',#712,#713);
#712 = CARTESIAN_POINT('',(27.1,12.,0.));
#713 = VECTOR('',#714,1.);
#714 = DIRECTION('',(0.,1.,0.));
#715 = PCURVE('',#72,#716);
#716 = DEFINITIONAL_REPRESENTATION('',(#717),#721);
#717 = LINE('',#718,#719);
#718 = CARTESIAN_POINT('',(27.1,12.));
#719 = VECTOR('',#720,1.);
#720 = DIRECTION('',(0.,1.));
#721 = ( GEOMETRIC_REPRESENTATION_CONTEXT(2) 
PARAMETRIC_REPRESENTATION_CONTEXT() REPRESENTATION_CONTEXT('2D SPACE',''
  ) );
#722 = PCURVE('',#723,#728);
#723 = PLANE('',#724);
#724 = AXIS2_PLACEMENT_3D('',#725,#726,#727);
#725 = CARTESIAN_POINT('',(27.1,12.,0.));
#726 = DIRECTION('',(1.,0.,0.));
#727 = DIRECTION('',(0.,0.,1.));
#728 = DEFINITIONAL_REPRESENTATION('',(#729),#733);
#729 = LINE('',#730,#731);
#730 = CARTESIAN_POINT('',(0.,0.));
#731 = VECTOR('',#732,1.);
#732 = DIRECTION('',(0.,-1.));
#733 = ( GEOMETRIC_REPRESENTATION_CONTEXT(2) 
PARAMETRIC_REPRESENTATION_CONTEXT() REPRESENTATION_CONTEXT('2D SPACE',''
  ) );
#734 = ORIENTED_EDGE('',*,*,#735,.T.);
#735 = EDGE_CURVE('',#708,#736,#738,.T.);
#736 = VERTEX_POINT('',#737);
#737 = CARTESIAN_POINT('',(31.,12.,0.));
#738 = SURFACE_CURVE('',#739,(#743,#750),.PCURVE_S1.);
#739 = LINE('',#740,#741);
#740 = CARTESIAN_POINT('',(27.1,12.,0.));
#741 = VECTOR('',#742,1.);
#742 = DIRECTION('',(1.,0.,0.));
#743 = PCURVE('',#72,#744);
#744 = DEFINITIONAL_REPRESENTATION('',(#745),#749);
#745 = LINE('',#746,#747);
#746 = CARTESIAN_POINT('',(27.1,12.));
#747 = VECTOR('',#748,1.);
#748 = DIRECTION('',(1.,0.));
#749 = ( GEOMETRIC_REPRESENTATION_CONTEXT(2) 
PARAMETRIC_REPRESENTATION_CONTEXT() REPRESENTATION_CONTEXT('2D SPACE',''
  ) );
#750 = PCURVE('',#751,#756);
#751 = PLANE('',#752);
#752 = AXIS2_PLACEMENT_3D('',#753,#754,#755);
#753 = CARTESIAN_POINT('',(27.1,12.,0.));
#754 = DIRECTION('',(0.,1.,0.));
#755 = DIRECTION('',(0.,0.,1.));
#756 = DEFINITIONAL_REPRESENTATION('',(#757),#761);
#757 = LINE('',#758,#759);
#758 = CARTESIAN_POINT('',(0.,0.));
#759 = VECTOR('',#760,1.);
#760 = DIRECTION('',(0.,1.));
#761 = ( GEOMETRIC_REPRESENTATION_CONTEXT(2) 
PARAMETRIC_REPRESENTATION_CONTEXT() REPRESENTATION_CONTEXT('2D SPACE',''
  ) );
#762 = ORIENTED_EDGE('',*,*,#763,.F.);
#763 = EDGE_CURVE('',#764,#736,#766,.T.);
#764 = VERTEX_POINT('',#765);
#765 = CARTESIAN_POINT('',(31.,6.,0.));
#766 = SURFACE_CURVE('',#767,(#771,#778),.PCURVE_S1.);
#767 = LINE('',#768,#769);
#768 = CARTESIAN_POINT('',(31.,5.5,0.));
#769 = VECTOR('',#770,1.);
#770 = DIRECTION('',(0.,1.,0.));
#771 = PCURVE('',#72,#772);
#772 = DEFINITIONAL_REPRESENTATION('',(#773),#777);
#773 = LINE('',#774,#775);
#774 = CARTESIAN_POINT('',(31.,5.5));
#775 = VECTOR('',#776,1.);
#776 = DIRECTION('',(0.,1.));
#777 = ( GEOMETRIC_REPRESENTATION_CONTEXT(2) 
PARAMETRIC_REPRESENTATION_CONTEXT() REPRESENTATION_CONTEXT('2D SPACE',''
  ) );
#778 = PCURVE('',#779,#784);
#779 = PLANE('',#780);
#780 = AXIS2_PLACEMENT_3D('',#781,#782,#783);
#781 = CARTESIAN_POINT('',(31.,5.5,0.));
#782 = DIRECTION('',(1.,0.,0.));
#783 = DIRECTION('',(0.,0.,1.));
#784 = DEFINITIONAL_REPRESENTATION('',(#785),#789);
#785 = LINE('',#786,#787);
#786 = CARTESIAN_POINT('',(0.,0.));
#787 = VECTOR('',#788,1.);
#788 = DIRECTION('',(0.,-1.));
#789 = ( GEOMETRIC_REPRESENTATION_CONTEXT(2) 
PARAMETRIC_REPRESENTATION_CONTEXT() REPRESENTATION_CONTEXT('2D SPACE',''
  ) );
#790 = ORIENTED_EDGE('',*,*,#791,.F.);
#791 = EDGE_CURVE('',#594,#764,#792,.T.);
#792 = SURFACE_CURVE('',#793,(#797,#804),.PCURVE_S1.);
#793 = LINE('',#794,#795);
#794 = CARTESIAN_POINT('',(0.,6.,0.));
#795 = VECTOR('',#796,1.);
#796 = DIRECTION('',(1.,0.,0.));
#797 = PCURVE('',#72,#798);
#798 = DEFINITIONAL_REPRESENTATION('',(#799),#803);
#799 = LINE('',#800,#801);
#800 = CARTESIAN_POINT('',(0.,6.));
#801 = VECTOR('',#802,1.);
#802 = DIRECTION('',(1.,0.));
#803 = ( GEOMETRIC_REPRESENTATION_CONTEXT(2) 
PARAMETRIC_REPRESENTATION_CONTEXT() REPRESENTATION_CONTEXT('2D SPACE',''
  ) );
#804 = PCURVE('',#805,#810);
#805 = PLANE('',#806);
#806 = AXIS2_PLACEMENT_3D('',#807,#808,#809);
#807 = CARTESIAN_POINT('',(0.,6.,0.));
#808 = DIRECTION('',(0.,1.,0.));
#809 = DIRECTION('',(0.,0.,1.));
#810 = DEFINITIONAL_REPRESENTATION('',(#811),#815);
#811 = LINE('',#812,#813);
#812 = CARTESIAN_POINT('',(0.,0.));
#813 = VECTOR('',#814,1.);
#814 = DIRECTION('',(0.,1.));
#815 = ( GEOMETRIC_REPRESENTATION_CONTEXT(2) 
PARAMETRIC_REPRESENTATION_CONTEXT() REPRESENTATION_CONTEXT('2D SPACE',''
  ) );
#816 = FACE_BOUND('',#817,.F.);
#817 = EDGE_LOOP('',(#818,#848,#876,#904));
#818 = ORIENTED_EDGE('',*,*,#819,.T.);
#819 = EDGE_CURVE('',#820,#822,#824,.T.);
#820 = VERTEX_POINT('',#821);
#821 = CARTESIAN_POINT('',(2.7,73.7,0.));
#822 = VERTEX_POINT('',#823);
#823 = CARTESIAN_POINT('',(0.5,73.7,0.));
#824 = SURFACE_CURVE('',#825,(#829,#836),.PCURVE_S1.);
#825 = LINE('',#826,#827);
#826 = CARTESIAN_POINT('',(0.25,73.7,0.));
#827 = VECTOR('',#828,1.);
#828 = DIRECTION('',(-1.,0.,0.));
#829 = PCURVE('',#72,#830);
#830 = DEFINITIONAL_REPRESENTATION('',(#831),#835);
#831 = LINE('',#832,#833);
#832 = CARTESIAN_POINT('',(0.25,73.7));
#833 = VECTOR('',#834,1.);
#834 = DIRECTION('',(-1.,0.));
#835 = ( GEOMETRIC_REPRESENTATION_CONTEXT(2) 
PARAMETRIC_REPRESENTATION_CONTEXT() REPRESENTATION_CONTEXT('2D SPACE',''
  ) );
#836 = PCURVE('',#837,#842);
#837 = PLANE('',#838);
#838 = AXIS2_PLACEMENT_3D('',#839,#840,#841);
#839 = CARTESIAN_POINT('',(0.5,73.7,-0.1));
#840 = DIRECTION('',(0.,1.,0.));
#841 = DIRECTION('',(0.,0.,1.));
#842 = DEFINITIONAL_REPRESENTATION('',(#843),#847);
#843 = LINE('',#844,#845);
#844 = CARTESIAN_POINT('',(0.1,-0.25));
#845 = VECTOR('',#846,1.);
#846 = DIRECTION('',(0.,-1.));
#847 = ( GEOMETRIC_REPRESENTATION_CONTEXT(2) 
PARAMETRIC_REPRESENTATION_CONTEXT() REPRESENTATION_CONTEXT('2D SPACE',''
  ) );
#848 = ORIENTED_EDGE('',*,*,#849,.T.);
#849 = EDGE_CURVE('',#822,#850,#852,.T.);
#850 = VERTEX_POINT('',#851);
#851 = CARTESIAN_POINT('',(0.5,79.3,0.));
#852 = SURFACE_CURVE('',#853,(#857,#864),.PCURVE_S1.);
#853 = LINE('',#854,#855);
#854 = CARTESIAN_POINT('',(0.5,36.85,0.));
#855 = VECTOR('',#856,1.);
#856 = DIRECTION('',(0.,1.,0.));
#857 = PCURVE('',#72,#858);
#858 = DEFINITIONAL_REPRESENTATION('',(#859),#863);
#859 = LINE('',#860,#861);
#860 = CARTESIAN_POINT('',(0.5,36.85));
#861 = VECTOR('',#862,1.);
#862 = DIRECTION('',(0.,1.));
#863 = ( GEOMETRIC_REPRESENTATION_CONTEXT(2) 
PARAMETRIC_REPRESENTATION_CONTEXT() REPRESENTATION_CONTEXT('2D SPACE',''
  ) );
#864 = PCURVE('',#865,#870);
#865 = PLANE('',#866);
#866 = AXIS2_PLACEMENT_3D('',#867,#868,#869);
#867 = CARTESIAN_POINT('',(0.5,73.7,-0.1));
#868 = DIRECTION('',(1.,0.,0.));
#869 = DIRECTION('',(0.,0.,1.));
#870 = DEFINITIONAL_REPRESENTATION('',(#871),#875);
#871 = LINE('',#872,#873);
#872 = CARTESIAN_POINT('',(0.1,36.85));
#873 = VECTOR('',#874,1.);
#874 = DIRECTION('',(0.,-1.));
#875 = ( GEOMETRIC_REPRESENTATION_CONTEXT(2) 
PARAMETRIC_REPRESENTATION_CONTEXT() REPRESENTATION_CONTEXT('2D SPACE',''
  ) );
#876 = ORIENTED_EDGE('',*,*,#877,.F.);
#877 = EDGE_CURVE('',#878,#850,#880,.T.);
#878 = VERTEX_POINT('',#879);
#879 = CARTESIAN_POINT('',(2.7,79.3,0.));
#880 = SURFACE_CURVE('',#881,(#885,#892),.PCURVE_S1.);
#881 = LINE('',#882,#883);
#882 = CARTESIAN_POINT('',(0.25,79.3,0.));
#883 = VECTOR('',#884,1.);
#884 = DIRECTION('',(-1.,0.,0.));
#885 = PCURVE('',#72,#886);
#886 = DEFINITIONAL_REPRESENTATION('',(#887),#891);
#887 = LINE('',#888,#889);
#888 = CARTESIAN_POINT('',(0.25,79.3));
#889 = VECTOR('',#890,1.);
#890 = DIRECTION('',(-1.,0.));
#891 = ( GEOMETRIC_REPRESENTATION_CONTEXT(2) 
PARAMETRIC_REPRESENTATION_CONTEXT() REPRESENTATION_CONTEXT('2D SPACE',''
  ) );
#892 = PCURVE('',#893,#898);
#893 = PLANE('',#894);
#894 = AXIS2_PLACEMENT_3D('',#895,#896,#897);
#895 = CARTESIAN_POINT('',(0.5,79.3,-0.1));
#896 = DIRECTION('',(0.,1.,0.));
#897 = DIRECTION('',(0.,0.,1.));
#898 = DEFINITIONAL_REPRESENTATION('',(#899),#903);
#899 = LINE('',#900,#901);
#900 = CARTESIAN_POINT('',(0.1,-0.25));
#901 = VECTOR('',#902,1.);
#902 = DIRECTION('',(0.,-1.));
#903 = ( GEOMETRIC_REPRESENTATION_CONTEXT(2) 
PARAMETRIC_REPRESENTATION_CONTEXT() REPRESENTATION_CONTEXT('2D SPACE',''
  ) );
#904 = ORIENTED_EDGE('',*,*,#905,.F.);
#905 = EDGE_CURVE('',#820,#878,#906,.T.);
#906 = SURFACE_CURVE('',#907,(#911,#918),.PCURVE_S1.);
#907 = LINE('',#908,#909);
#908 = CARTESIAN_POINT('',(2.7,36.85,0.));
#909 = VECTOR('',#910,1.);
#910 = DIRECTION('',(0.,1.,0.));
#911 = PCURVE('',#72,#912);
#912 = DEFINITIONAL_REPRESENTATION('',(#913),#917);
#913 = LINE('',#914,#915);
#914 = CARTESIAN_POINT('',(2.7,36.85));
#915 = VECTOR('',#916,1.);
#916 = DIRECTION('',(0.,1.));
#917 = ( GEOMETRIC_REPRESENTATION_CONTEXT(2) 
PARAMETRIC_REPRESENTATION_CONTEXT() REPRESENTATION_CONTEXT('2D SPACE',''
  ) );
#918 = PCURVE('',#919,#924);
#919 = PLANE('',#920);
#920 = AXIS2_PLACEMENT_3D('',#921,#922,#923);
#921 = CARTESIAN_POINT('',(2.7,73.7,-0.1));
#922 = DIRECTION('',(1.,0.,0.));
#923 = DIRECTION('',(0.,0.,1.));
#924 = DEFINITIONAL_REPRESENTATION('',(#925),#929);
#925 = LINE('',#926,#927);
#926 = CARTESIAN_POINT('',(0.1,36.85));
#927 = VECTOR('',#928,1.);
#928 = DIRECTION('',(0.,-1.));
#929 = ( GEOMETRIC_REPRESENTATION_CONTEXT(2) 
PARAMETRIC_REPRESENTATION_CONTEXT() REPRESENTATION_CONTEXT('2D SPACE',''
  ) );
#930 = FACE_BOUND('',#931,.F.);
#931 = EDGE_LOOP('',(#932,#962,#990,#1018));
#932 = ORIENTED_EDGE('',*,*,#933,.F.);
#933 = EDGE_CURVE('',#934,#936,#938,.T.);
#934 = VERTEX_POINT('',#935);
#935 = CARTESIAN_POINT('',(38.,6.,0.));
#936 = VERTEX_POINT('',#937);
#937 = CARTESIAN_POINT('',(90.,6.,0.));
#938 = SURFACE_CURVE('',#939,(#943,#950),.PCURVE_S1.);
#939 = LINE('',#940,#941);
#940 = CARTESIAN_POINT('',(0.,6.,0.));
#941 = VECTOR('',#942,1.);
#942 = DIRECTION('',(1.,0.,0.));
#943 = PCURVE('',#72,#944);
#944 = DEFINITIONAL_REPRESENTATION('',(#945),#949);
#945 = LINE('',#946,#947);
#946 = CARTESIAN_POINT('',(0.,6.));
#947 = VECTOR('',#948,1.);
#948 = DIRECTION('',(1.,0.));
#949 = ( GEOMETRIC_REPRESENTATION_CONTEXT(2) 
PARAMETRIC_REPRESENTATION_CONTEXT() REPRESENTATION_CONTEXT('2D SPACE',''
  ) );
#950 = PCURVE('',#951,#956);
#951 = PLANE('',#952);
#952 = AXIS2_PLACEMENT_3D('',#953,#954,#955);
#953 = CARTESIAN_POINT('',(0.,6.,0.));
#954 = DIRECTION('',(0.,1.,0.));
#955 = DIRECTION('',(0.,0.,1.));
#956 = DEFINITIONAL_REPRESENTATION('',(#957),#961);
#957 = LINE('',#958,#959);
#958 = CARTESIAN_POINT('',(0.,0.));
#959 = VECTOR('',#960,1.);
#960 = DIRECTION('',(0.,1.));
#961 = ( GEOMETRIC_REPRESENTATION_CONTEXT(2) 
PARAMETRIC_REPRESENTATION_CONTEXT() REPRESENTATION_CONTEXT('2D SPACE',''
  ) );
#962 = ORIENTED_EDGE('',*,*,#963,.T.);
#963 = EDGE_CURVE('',#934,#964,#966,.T.);
#964 = VERTEX_POINT('',#965);
#965 = CARTESIAN_POINT('',(38.,89.,0.));
#966 = SURFACE_CURVE('',#967,(#971,#978),.PCURVE_S1.);
#967 = LINE('',#968,#969);
#968 = CARTESIAN_POINT('',(38.,5.5,0.));
#969 = VECTOR('',#970,1.);
#970 = DIRECTION('',(0.,1.,0.));
#971 = PCURVE('',#72,#972);
#972 = DEFINITIONAL_REPRESENTATION('',(#973),#977);
#973 = LINE('',#974,#975);
#974 = CARTESIAN_POINT('',(38.,5.5));
#975 = VECTOR('',#976,1.);
#976 = DIRECTION('',(0.,1.));
#977 = ( GEOMETRIC_REPRESENTATION_CONTEXT(2) 
PARAMETRIC_REPRESENTATION_CONTEXT() REPRESENTATION_CONTEXT('2D SPACE',''
  ) );
#978 = PCURVE('',#979,#984);
#979 = PLANE('',#980);
#980 = AXIS2_PLACEMENT_3D('',#981,#982,#983);
#981 = CARTESIAN_POINT('',(38.,5.5,0.));
#982 = DIRECTION('',(1.,0.,0.));
#983 = DIRECTION('',(0.,0.,1.));
#984 = DEFINITIONAL_REPRESENTATION('',(#985),#989);
#985 = LINE('',#986,#987);
#986 = CARTESIAN_POINT('',(0.,0.));
#987 = VECTOR('',#988,1.);
#988 = DIRECTION('',(0.,-1.));
#989 = ( GEOMETRIC_REPRESENTATION_CONTEXT(2) 
PARAMETRIC_REPRESENTATION_CONTEXT() REPRESENTATION_CONTEXT('2D SPACE',''
  ) );
#990 = ORIENTED_EDGE('',*,*,#991,.T.);
#991 = EDGE_CURVE('',#964,#992,#994,.T.);
#992 = VERTEX_POINT('',#993);
#993 = CARTESIAN_POINT('',(90.,89.,0.));
#994 = SURFACE_CURVE('',#995,(#999,#1006),.PCURVE_S1.);
#995 = LINE('',#996,#997);
#996 = CARTESIAN_POINT('',(0.,89.,0.));
#997 = VECTOR('',#998,1.);
#998 = DIRECTION('',(1.,0.,0.));
#999 = PCURVE('',#72,#1000);
#1000 = DEFINITIONAL_REPRESENTATION('',(#1001),#1005);
#1001 = LINE('',#1002,#1003);
#1002 = CARTESIAN_POINT('',(0.,89.));
#1003 = VECTOR('',#1004,1.);
#1004 = DIRECTION('',(1.,0.));
#1005 = ( GEOMETRIC_REPRESENTATION_CONTEXT(2) 
PARAMETRIC_REPRESENTATION_CONTEXT() REPRESENTATION_CONTEXT('2D SPACE',''
  ) );
#1006 = PCURVE('',#1007,#1012);
#1007 = PLANE('',#1008);
#1008 = AXIS2_PLACEMENT_3D('',#1009,#1010,#1011);
#1009 = CARTESIAN_POINT('',(0.,89.,0.));
#1010 = DIRECTION('',(0.,1.,0.));
#1011 = DIRECTION('',(0.,0.,1.));
#1012 = DEFINITIONAL_REPRESENTATION('',(#1013),#1017);
#1013 = LINE('',#1014,#1015);
#1014 = CARTESIAN_POINT('',(0.,0.));
#1015 = VECTOR('',#1016,1.);
#1016 = DIRECTION('',(0.,1.));
#1017 = ( GEOMETRIC_REPRESENTATION_CONTEXT(2) 
PARAMETRIC_REPRESENTATION_CONTEXT() REPRESENTATION_CONTEXT('2D SPACE',''
  ) );
#1018 = ORIENTED_EDGE('',*,*,#1019,.F.);
#1019 = EDGE_CURVE('',#936,#992,#1020,.T.);
#1020 = SURFACE_CURVE('',#1021,(#1025,#1032),.PCURVE_S1.);
#1021 = LINE('',#1022,#1023);
#1022 = CARTESIAN_POINT('',(90.,5.5,0.));
#1023 = VECTOR('',#1024,1.);
#1024 = DIRECTION('',(0.,1.,0.));
#1025 = PCURVE('',#72,#1026);
#1026 = DEFINITIONAL_REPRESENTATION('',(#1027),#1031);
#1027 = LINE('',#1028,#1029);
#1028 = CARTESIAN_POINT('',(90.,5.5));
#1029 = VECTOR('',#1030,1.);
#1030 = DIRECTION('',(0.,1.));
#1031 = ( GEOMETRIC_REPRESENTATION_CONTEXT(2) 
PARAMETRIC_REPRESENTATION_CONTEXT() REPRESENTATION_CONTEXT('2D SPACE',''
  ) );
#1032 = PCURVE('',#1033,#1038);
#1033 = PLANE('',#1034);
#1034 = AXIS2_PLACEMENT_3D('',#1035,#1036,#1037);
#1035 = CARTESIAN_POINT('',(90.,5.5,0.));
#1036 = DIRECTION('',(1.,0.,0.));
#1037 = DIRECTION('',(0.,0.,1.));
#1038 = DEFINITIONAL_REPRESENTATION('',(#1039),#1043);
#1039 = LINE('',#1040,#1041);
#1040 = CARTESIAN_POINT('',(0.,0.));
#1041 = VECTOR('',#1042,1.);
#1042 = DIRECTION('',(0.,-1.));
#1043 = ( GEOMETRIC_REPRESENTATION_CONTEXT(2) 
PARAMETRIC_REPRESENTATION_CONTEXT() REPRESENTATION_CONTEXT('2D SPACE',''
  ) );
#1044 = FACE_BOUND('',#1045,.F.);
#1045 = EDGE_LOOP('',(#1046,#1076,#1104,#1132,#1160,#1188,#1216,#1244));
#1046 = ORIENTED_EDGE('',*,*,#1047,.F.);
#1047 = EDGE_CURVE('',#1048,#1050,#1052,.T.);
#1048 = VERTEX_POINT('',#1049);
#1049 = CARTESIAN_POINT('',(97.,6.,0.));
#1050 = VERTEX_POINT('',#1051);
#1051 = CARTESIAN_POINT('',(122.,6.,0.));
#1052 = SURFACE_CURVE('',#1053,(#1057,#1064),.PCURVE_S1.);
#1053 = LINE('',#1054,#1055);
#1054 = CARTESIAN_POINT('',(0.,6.,0.));
#1055 = VECTOR('',#1056,1.);
#1056 = DIRECTION('',(1.,0.,0.));
#1057 = PCURVE('',#72,#1058);
#1058 = DEFINITIONAL_REPRESENTATION('',(#1059),#1063);
#1059 = LINE('',#1060,#1061);
#1060 = CARTESIAN_POINT('',(0.,6.));
#1061 = VECTOR('',#1062,1.);
#1062 = DIRECTION('',(1.,0.));
#1063 = ( GEOMETRIC_REPRESENTATION_CONTEXT(2) 
PARAMETRIC_REPRESENTATION_CONTEXT() REPRESENTATION_CONTEXT('2D SPACE',''
  ) );
#1064 = PCURVE('',#1065,#1070);
#1065 = PLANE('',#1066);
#1066 = AXIS2_PLACEMENT_3D('',#1067,#1068,#1069);
#1067 = CARTESIAN_POINT('',(0.,6.,0.));
#1068 = DIRECTION('',(0.,1.,0.));
#1069 = DIRECTION('',(0.,0.,1.));
#1070 = DEFINITIONAL_REPRESENTATION('',(#1071),#1075);
#1071 = LINE('',#1072,#1073);
#1072 = CARTESIAN_POINT('',(0.,0.));
#1073 = VECTOR('',#1074,1.);
#1074 = DIRECTION('',(0.,1.));
#1075 = ( GEOMETRIC_REPRESENTATION_CONTEXT(2) 
PARAMETRIC_REPRESENTATION_CONTEXT() REPRESENTATION_CONTEXT('2D SPACE',''
  ) );
#1076 = ORIENTED_EDGE('',*,*,#1077,.T.);
#1077 = EDGE_CURVE('',#1048,#1078,#1080,.T.);
#1078 = VERTEX_POINT('',#1079);
#1079 = CARTESIAN_POINT('',(97.,12.,0.));
#1080 = SURFACE_CURVE('',#1081,(#1085,#1092),.PCURVE_S1.);
#1081 = LINE('',#1082,#1083);
#1082 = CARTESIAN_POINT('',(97.,5.5,0.));
#1083 = VECTOR('',#1084,1.);
#1084 = DIRECTION('',(0.,1.,0.));
#1085 = PCURVE('',#72,#1086);
#1086 = DEFINITIONAL_REPRESENTATION('',(#1087),#1091);
#1087 = LINE('',#1088,#1089);
#1088 = CARTESIAN_POINT('',(97.,5.5));
#1089 = VECTOR('',#1090,1.);
#1090 = DIRECTION('',(0.,1.));
#1091 = ( GEOMETRIC_REPRESENTATION_CONTEXT(2) 
PARAMETRIC_REPRESENTATION_CONTEXT() REPRESENTATION_CONTEXT('2D SPACE',''
  ) );
#1092 = PCURVE('',#1093,#1098);
#1093 = PLANE('',#1094);
#1094 = AXIS2_PLACEMENT_3D('',#1095,#1096,#1097);
#1095 = CARTESIAN_POINT('',(97.,5.5,0.));
#1096 = DIRECTION('',(1.,0.,0.));
#1097 = DIRECTION('',(0.,0.,1.));
#1098 = DEFINITIONAL_REPRESENTATION('',(#1099),#1103);
#1099 = LINE('',#1100,#1101);
#1100 = CARTESIAN_POINT('',(0.,0.));
#1101 = VECTOR('',#1102,1.);
#1102 = DIRECTION('',(0.,-1.));
#1103 = ( GEOMETRIC_REPRESENTATION_CONTEXT(2) 
PARAMETRIC_REPRESENTATION_CONTEXT() REPRESENTATION_CONTEXT('2D SPACE',''
  ) );
#1104 = ORIENTED_EDGE('',*,*,#1105,.T.);
#1105 = EDGE_CURVE('',#1078,#1106,#1108,.T.);
#1106 = VERTEX_POINT('',#1107);
#1107 = CARTESIAN_POINT('',(100.9,12.,0.));
#1108 = SURFACE_CURVE('',#1109,(#1113,#1120),.PCURVE_S1.);
#1109 = LINE('',#1110,#1111);
#1110 = CARTESIAN_POINT('',(97.,12.,0.));
#1111 = VECTOR('',#1112,1.);
#1112 = DIRECTION('',(1.,0.,0.));
#1113 = PCURVE('',#72,#1114);
#1114 = DEFINITIONAL_REPRESENTATION('',(#1115),#1119);
#1115 = LINE('',#1116,#1117);
#1116 = CARTESIAN_POINT('',(97.,12.));
#1117 = VECTOR('',#1118,1.);
#1118 = DIRECTION('',(1.,0.));
#1119 = ( GEOMETRIC_REPRESENTATION_CONTEXT(2) 
PARAMETRIC_REPRESENTATION_CONTEXT() REPRESENTATION_CONTEXT('2D SPACE',''
  ) );
#1120 = PCURVE('',#1121,#1126);
#1121 = PLANE('',#1122);
#1122 = AXIS2_PLACEMENT_3D('',#1123,#1124,#1125);
#1123 = CARTESIAN_POINT('',(97.,12.,0.));
#1124 = DIRECTION('',(0.,1.,0.));
#1125 = DIRECTION('',(0.,0.,1.));
#1126 = DEFINITIONAL_REPRESENTATION('',(#1127),#1131);
#1127 = LINE('',#1128,#1129);
#1128 = CARTESIAN_POINT('',(0.,0.));
#1129 = VECTOR('',#1130,1.);
#1130 = DIRECTION('',(0.,1.));
#1131 = ( GEOMETRIC_REPRESENTATION_CONTEXT(2) 
PARAMETRIC_REPRESENTATION_CONTEXT() REPRESENTATION_CONTEXT('2D SPACE',''
  ) );
#1132 = ORIENTED_EDGE('',*,*,#1133,.T.);
#1133 = EDGE_CURVE('',#1106,#1134,#1136,.T.);
#1134 = VERTEX_POINT('',#1135);
#1135 = CARTESIAN_POINT('',(100.9,30.,0.));
#1136 = SURFACE_CURVE('',#1137,(#1141,#1148),.PCURVE_S1.);
#1137 = LINE('',#1138,#1139);
#1138 = CARTESIAN_POINT('',(100.9,12.,0.));
#1139 = VECTOR('',#1140,1.);
#1140 = DIRECTION('',(0.,1.,0.));
#1141 = PCURVE('',#72,#1142);
#1142 = DEFINITIONAL_REPRESENTATION('',(#1143),#1147);
#1143 = LINE('',#1144,#1145);
#1144 = CARTESIAN_POINT('',(100.9,12.));
#1145 = VECTOR('',#1146,1.);
#1146 = DIRECTION('',(0.,1.));
#1147 = ( GEOMETRIC_REPRESENTATION_CONTEXT(2) 
PARAMETRIC_REPRESENTATION_CONTEXT() REPRESENTATION_CONTEXT('2D SPACE',''
  ) );
#1148 = PCURVE('',#1149,#1154);
#1149 = PLANE('',#1150);
#1150 = AXIS2_PLACEMENT_3D('',#1151,#1152,#1153);
#1151 = CARTESIAN_POINT('',(100.9,12.,0.));
#1152 = DIRECTION('',(1.,0.,0.));
#1153 = DIRECTION('',(0.,0.,1.));
#1154 = DEFINITIONAL_REPRESENTATION('',(#1155),#1159);
#1155 = LINE('',#1156,#1157);
#1156 = CARTESIAN_POINT('',(0.,0.));
#1157 = VECTOR('',#1158,1.);
#1158 = DIRECTION('',(0.,-1.));
#1159 = ( GEOMETRIC_REPRESENTATION_CONTEXT(2) 
PARAMETRIC_REPRESENTATION_CONTEXT() REPRESENTATION_CONTEXT('2D SPACE',''
  ) );
#1160 = ORIENTED_EDGE('',*,*,#1161,.F.);
#1161 = EDGE_CURVE('',#1162,#1134,#1164,.T.);
#1162 = VERTEX_POINT('',#1163);
#1163 = CARTESIAN_POINT('',(97.,30.,0.));
#1164 = SURFACE_CURVE('',#1165,(#1169,#1176),.PCURVE_S1.);
#1165 = LINE('',#1166,#1167);
#1166 = CARTESIAN_POINT('',(97.,30.,0.));
#1167 = VECTOR('',#1168,1.);
#1168 = DIRECTION('',(1.,0.,0.));
#1169 = PCURVE('',#72,#1170);
#1170 = DEFINITIONAL_REPRESENTATION('',(#1171),#1175);
#1171 = LINE('',#1172,#1173);
#1172 = CARTESIAN_POINT('',(97.,30.));
#1173 = VECTOR('',#1174,1.);
#1174 = DIRECTION('',(1.,0.));
#1175 = ( GEOMETRIC_REPRESENTATION_CONTEXT(2) 
PARAMETRIC_REPRESENTATION_CONTEXT() REPRESENTATION_CONTEXT('2D SPACE',''
  ) );
#1176 = PCURVE('',#1177,#1182);
#1177 = PLANE('',#1178);
#1178 = AXIS2_PLACEMENT_3D('',#1179,#1180,#1181);
#1179 = CARTESIAN_POINT('',(97.,30.,0.));
#1180 = DIRECTION('',(0.,1.,0.));
#1181 = DIRECTION('',(0.,0.,1.));
#1182 = DEFINITIONAL_REPRESENTATION('',(#1183),#1187);
#1183 = LINE('',#1184,#1185);
#1184 = CARTESIAN_POINT('',(0.,0.));
#1185 = VECTOR('',#1186,1.);
#1186 = DIRECTION('',(0.,1.));
#1187 = ( GEOMETRIC_REPRESENTATION_CONTEXT(2) 
PARAMETRIC_REPRESENTATION_CONTEXT() REPRESENTATION_CONTEXT('2D SPACE',''
  ) );
#1188 = ORIENTED_EDGE('',*,*,#1189,.T.);
#1189 = EDGE_CURVE('',#1162,#1190,#1192,.T.);
#1190 = VERTEX_POINT('',#1191);
#1191 = CARTESIAN_POINT('',(97.,89.,0.));
#1192 = SURFACE_CURVE('',#1193,(#1197,#1204),.PCURVE_S1.);
#1193 = LINE('',#1194,#1195);
#1194 = CARTESIAN_POINT('',(97.,5.5,0.));
#1195 = VECTOR('',#1196,1.);
#1196 = DIRECTION('',(0.,1.,0.));
#1197 = PCURVE('',#72,#1198);
#1198 = DEFINITIONAL_REPRESENTATION('',(#1199),#1203);
#1199 = LINE('',#1200,#1201);
#1200 = CARTESIAN_POINT('',(97.,5.5));
#1201 = VECTOR('',#1202,1.);
#1202 = DIRECTION('',(0.,1.));
#1203 = ( GEOMETRIC_REPRESENTATION_CONTEXT(2) 
PARAMETRIC_REPRESENTATION_CONTEXT() REPRESENTATION_CONTEXT('2D SPACE',''
  ) );
#1204 = PCURVE('',#1205,#1210);
#1205 = PLANE('',#1206);
#1206 = AXIS2_PLACEMENT_3D('',#1207,#1208,#1209);
#1207 = CARTESIAN_POINT('',(97.,5.5,0.));
#1208 = DIRECTION('',(1.,0.,0.));
#1209 = DIRECTION('',(0.,0.,1.));
#1210 = DEFINITIONAL_REPRESENTATION('',(#1211),#1215);
#1211 = LINE('',#1212,#1213);
#1212 = CARTESIAN_POINT('',(0.,0.));
#1213 = VECTOR('',#1214,1.);
#1214 = DIRECTION('',(0.,-1.));
#1215 = ( GEOMETRIC_REPRESENTATION_CONTEXT(2) 
PARAMETRIC_REPRESENTATION_CONTEXT() REPRESENTATION_CONTEXT('2D SPACE',''
  ) );
#1216 = ORIENTED_EDGE('',*,*,#1217,.T.);
#1217 = EDGE_CURVE('',#1190,#1218,#1220,.T.);
#1218 = VERTEX_POINT('',#1219);
#1219 = CARTESIAN_POINT('',(122.,89.,0.));
#1220 = SURFACE_CURVE('',#1221,(#1225,#1232),.PCURVE_S1.);
#1221 = LINE('',#1222,#1223);
#1222 = CARTESIAN_POINT('',(0.,89.,0.));
#1223 = VECTOR('',#1224,1.);
#1224 = DIRECTION('',(1.,0.,0.));
#1225 = PCURVE('',#72,#1226);
#1226 = DEFINITIONAL_REPRESENTATION('',(#1227),#1231);
#1227 = LINE('',#1228,#1229);
#1228 = CARTESIAN_POINT('',(0.,89.));
#1229 = VECTOR('',#1230,1.);
#1230 = DIRECTION('',(1.,0.));
#1231 = ( GEOMETRIC_REPRESENTATION_CONTEXT(2) 
PARAMETRIC_REPRESENTATION_CONTEXT() REPRESENTATION_CONTEXT('2D SPACE',''
  ) );
#1232 = PCURVE('',#1233,#1238);
#1233 = PLANE('',#1234);
#1234 = AXIS2_PLACEMENT_3D('',#1235,#1236,#1237);
#1235 = CARTESIAN_POINT('',(0.,89.,0.));
#1236 = DIRECTION('',(0.,1.,0.));
#1237 = DIRECTION('',(0.,0.,1.));
#1238 = DEFINITIONAL_REPRESENTATION('',(#1239),#1243);
#1239 = LINE('',#1240,#1241);
#1240 = CARTESIAN_POINT('',(0.,0.));
#1241 = VECTOR('',#1242,1.);
#1242 = DIRECTION('',(0.,1.));
#1243 = ( GEOMETRIC_REPRESENTATION_CONTEXT(2) 
PARAMETRIC_REPRESENTATION_CONTEXT() REPRESENTATION_CONTEXT('2D SPACE',''
  ) );
#1244 = ORIENTED_EDGE('',*,*,#1245,.F.);
#1245 = EDGE_CURVE('',#1050,#1218,#1246,.T.);
#1246 = SURFACE_CURVE('',#1247,(#1251,#1258),.PCURVE_S1.);
#1247 = LINE('',#1248,#1249);
#1248 = CARTESIAN_POINT('',(122.,0.,0.));
#1249 = VECTOR('',#1250,1.);
#1250 = DIRECTION('',(0.,1.,0.));
#1251 = PCURVE('',#72,#1252);
#1252 = DEFINITIONAL_REPRESENTATION('',(#1253),#1257);
#1253 = LINE('',#1254,#1255);
#1254 = CARTESIAN_POINT('',(122.,0.));
#1255 = VECTOR('',#1256,1.);
#1256 = DIRECTION('',(0.,1.));
#1257 = ( GEOMETRIC_REPRESENTATION_CONTEXT(2) 
PARAMETRIC_REPRESENTATION_CONTEXT() REPRESENTATION_CONTEXT('2D SPACE',''
  ) );
#1258 = PCURVE('',#1259,#1264);
#1259 = PLANE('',#1260);
#1260 = AXIS2_PLACEMENT_3D('',#1261,#1262,#1263);
#1261 = CARTESIAN_POINT('',(122.,0.,0.));
#1262 = DIRECTION('',(1.,0.,0.));
#1263 = DIRECTION('',(0.,0.,1.));
#1264 = DEFINITIONAL_REPRESENTATION('',(#1265),#1269);
#1265 = LINE('',#1266,#1267);
#1266 = CARTESIAN_POINT('',(0.,0.));
#1267 = VECTOR('',#1268,1.);
#1268 = DIRECTION('',(0.,-1.));
#1269 = ( GEOMETRIC_REPRESENTATION_CONTEXT(2) 
PARAMETRIC_REPRESENTATION_CONTEXT() REPRESENTATION_CONTEXT('2D SPACE',''
  ) );
#1270 = ADVANCED_FACE('',(#1271),#100,.T.);
#1271 = FACE_BOUND('',#1272,.T.);
#1272 = EDGE_LOOP('',(#1273,#1274,#1275,#1298));
#1273 = ORIENTED_EDGE('',*,*,#217,.F.);
#1274 = ORIENTED_EDGE('',*,*,#84,.T.);
#1275 = ORIENTED_EDGE('',*,*,#1276,.T.);
#1276 = EDGE_CURVE('',#85,#1277,#1279,.T.);
#1277 = VERTEX_POINT('',#1278);
#1278 = CARTESIAN_POINT('',(128.,95.,3.));
#1279 = SURFACE_CURVE('',#1280,(#1284,#1291),.PCURVE_S1.);
#1280 = LINE('',#1281,#1282);
#1281 = CARTESIAN_POINT('',(0.,95.,3.));
#1282 = VECTOR('',#1283,1.);
#1283 = DIRECTION('',(1.,0.,0.));
#1284 = PCURVE('',#100,#1285);
#1285 = DEFINITIONAL_REPRESENTATION('',(#1286),#1290);
#1286 = LINE('',#1287,#1288);
#1287 = CARTESIAN_POINT('',(3.,0.));
#1288 = VECTOR('',#1289,1.);
#1289 = DIRECTION('',(0.,1.));
#1290 = ( GEOMETRIC_REPRESENTATION_CONTEXT(2) 
PARAMETRIC_REPRESENTATION_CONTEXT() REPRESENTATION_CONTEXT('2D SPACE',''
  ) );
#1291 = PCURVE('',#126,#1292);
#1292 = DEFINITIONAL_REPRESENTATION('',(#1293),#1297);
#1293 = LINE('',#1294,#1295);
#1294 = CARTESIAN_POINT('',(0.,95.));
#1295 = VECTOR('',#1296,1.);
#1296 = DIRECTION('',(1.,0.));
#1297 = ( GEOMETRIC_REPRESENTATION_CONTEXT(2) 
PARAMETRIC_REPRESENTATION_CONTEXT() REPRESENTATION_CONTEXT('2D SPACE',''
  ) );
#1298 = ORIENTED_EDGE('',*,*,#1299,.F.);
#1299 = EDGE_CURVE('',#218,#1277,#1300,.T.);
#1300 = SURFACE_CURVE('',#1301,(#1305,#1312),.PCURVE_S1.);
#1301 = LINE('',#1302,#1303);
#1302 = CARTESIAN_POINT('',(128.,95.,0.));
#1303 = VECTOR('',#1304,1.);
#1304 = DIRECTION('',(0.,0.,1.));
#1305 = PCURVE('',#100,#1306);
#1306 = DEFINITIONAL_REPRESENTATION('',(#1307),#1311);
#1307 = LINE('',#1308,#1309);
#1308 = CARTESIAN_POINT('',(0.,128.));
#1309 = VECTOR('',#1310,1.);
#1310 = DIRECTION('',(1.,0.));
#1311 = ( GEOMETRIC_REPRESENTATION_CONTEXT(2) 
PARAMETRIC_REPRESENTATION_CONTEXT() REPRESENTATION_CONTEXT('2D SPACE',''
  ) );
#1312 = PCURVE('',#202,#1313);
#1313 = DEFINITIONAL_REPRESENTATION('',(#1314),#1318);
#1314 = LINE('',#1315,#1316);
#1315 = CARTESIAN_POINT('',(0.,-95.));
#1316 = VECTOR('',#1317,1.);
#1317 = DIRECTION('',(1.,0.));
#1318 = ( GEOMETRIC_REPRESENTATION_CONTEXT(2) 
PARAMETRIC_REPRESENTATION_CONTEXT() REPRESENTATION_CONTEXT('2D SPACE',''
  ) );
#1319 = ADVANCED_FACE('',(#1320,#1346,#1537,#1631),#126,.T.);
#1320 = FACE_BOUND('',#1321,.T.);
#1321 = EDGE_LOOP('',(#1322,#1323,#1324,#1345));
#1322 = ORIENTED_EDGE('',*,*,#112,.F.);
#1323 = ORIENTED_EDGE('',*,*,#165,.F.);
#1324 = ORIENTED_EDGE('',*,*,#1325,.T.);
#1325 = EDGE_CURVE('',#166,#1277,#1326,.T.);
#1326 = SURFACE_CURVE('',#1327,(#1331,#1338),.PCURVE_S1.);
#1327 = LINE('',#1328,#1329);
#1328 = CARTESIAN_POINT('',(128.,0.,3.));
#1329 = VECTOR('',#1330,1.);
#1330 = DIRECTION('',(0.,1.,0.));
#1331 = PCURVE('',#126,#1332);
#1332 = DEFINITIONAL_REPRESENTATION('',(#1333),#1337);
#1333 = LINE('',#1334,#1335);
#1334 = CARTESIAN_POINT('',(128.,0.));
#1335 = VECTOR('',#1336,1.);
#1336 = DIRECTION('',(0.,1.));
#1337 = ( GEOMETRIC_REPRESENTATION_CONTEXT(2) 
PARAMETRIC_REPRESENTATION_CONTEXT() REPRESENTATION_CONTEXT('2D SPACE',''
  ) );
#1338 = PCURVE('',#202,#1339);
#1339 = DEFINITIONAL_REPRESENTATION('',(#1340),#1344);
#1340 = LINE('',#1341,#1342);
#1341 = CARTESIAN_POINT('',(3.,0.));
#1342 = VECTOR('',#1343,1.);
#1343 = DIRECTION('',(0.,-1.));
#1344 = ( GEOMETRIC_REPRESENTATION_CONTEXT(2) 
PARAMETRIC_REPRESENTATION_CONTEXT() REPRESENTATION_CONTEXT('2D SPACE',''
  ) );
#1345 = ORIENTED_EDGE('',*,*,#1276,.F.);
#1346 = FACE_BOUND('',#1347,.T.);
#1347 = EDGE_LOOP('',(#1348,#1373,#1396,#1419,#1442,#1470,#1493,#1516));
#1348 = ORIENTED_EDGE('',*,*,#1349,.T.);
#1349 = EDGE_CURVE('',#1350,#1352,#1354,.T.);
#1350 = VERTEX_POINT('',#1351);
#1351 = CARTESIAN_POINT('',(6.,6.,3.));
#1352 = VERTEX_POINT('',#1353);
#1353 = CARTESIAN_POINT('',(6.,89.,3.));
#1354 = SURFACE_CURVE('',#1355,(#1359,#1366),.PCURVE_S1.);
#1355 = LINE('',#1356,#1357);
#1356 = CARTESIAN_POINT('',(6.,0.,3.));
#1357 = VECTOR('',#1358,1.);
#1358 = DIRECTION('',(0.,1.,0.));
#1359 = PCURVE('',#126,#1360);
#1360 = DEFINITIONAL_REPRESENTATION('',(#1361),#1365);
#1361 = LINE('',#1362,#1363);
#1362 = CARTESIAN_POINT('',(6.,0.));
#1363 = VECTOR('',#1364,1.);
#1364 = DIRECTION('',(0.,1.));
#1365 = ( GEOMETRIC_REPRESENTATION_CONTEXT(2) 
PARAMETRIC_REPRESENTATION_CONTEXT() REPRESENTATION_CONTEXT('2D SPACE',''
  ) );
#1366 = PCURVE('',#611,#1367);
#1367 = DEFINITIONAL_REPRESENTATION('',(#1368),#1372);
#1368 = LINE('',#1369,#1370);
#1369 = CARTESIAN_POINT('',(3.,0.));
#1370 = VECTOR('',#1371,1.);
#1371 = DIRECTION('',(0.,-1.));
#1372 = ( GEOMETRIC_REPRESENTATION_CONTEXT(2) 
PARAMETRIC_REPRESENTATION_CONTEXT() REPRESENTATION_CONTEXT('2D SPACE',''
  ) );
#1373 = ORIENTED_EDGE('',*,*,#1374,.T.);
#1374 = EDGE_CURVE('',#1352,#1375,#1377,.T.);
#1375 = VERTEX_POINT('',#1376);
#1376 = CARTESIAN_POINT('',(31.,89.,3.));
#1377 = SURFACE_CURVE('',#1378,(#1382,#1389),.PCURVE_S1.);
#1378 = LINE('',#1379,#1380);
#1379 = CARTESIAN_POINT('',(0.,89.,3.));
#1380 = VECTOR('',#1381,1.);
#1381 = DIRECTION('',(1.,0.,0.));
#1382 = PCURVE('',#126,#1383);
#1383 = DEFINITIONAL_REPRESENTATION('',(#1384),#1388);
#1384 = LINE('',#1385,#1386);
#1385 = CARTESIAN_POINT('',(0.,89.));
#1386 = VECTOR('',#1387,1.);
#1387 = DIRECTION('',(1.,0.));
#1388 = ( GEOMETRIC_REPRESENTATION_CONTEXT(2) 
PARAMETRIC_REPRESENTATION_CONTEXT() REPRESENTATION_CONTEXT('2D SPACE',''
  ) );
#1389 = PCURVE('',#639,#1390);
#1390 = DEFINITIONAL_REPRESENTATION('',(#1391),#1395);
#1391 = LINE('',#1392,#1393);
#1392 = CARTESIAN_POINT('',(3.,0.));
#1393 = VECTOR('',#1394,1.);
#1394 = DIRECTION('',(0.,1.));
#1395 = ( GEOMETRIC_REPRESENTATION_CONTEXT(2) 
PARAMETRIC_REPRESENTATION_CONTEXT() REPRESENTATION_CONTEXT('2D SPACE',''
  ) );
#1396 = ORIENTED_EDGE('',*,*,#1397,.F.);
#1397 = EDGE_CURVE('',#1398,#1375,#1400,.T.);
#1398 = VERTEX_POINT('',#1399);
#1399 = CARTESIAN_POINT('',(31.,30.,3.));
#1400 = SURFACE_CURVE('',#1401,(#1405,#1412),.PCURVE_S1.);
#1401 = LINE('',#1402,#1403);
#1402 = CARTESIAN_POINT('',(31.,5.5,3.));
#1403 = VECTOR('',#1404,1.);
#1404 = DIRECTION('',(0.,1.,0.));
#1405 = PCURVE('',#126,#1406);
#1406 = DEFINITIONAL_REPRESENTATION('',(#1407),#1411);
#1407 = LINE('',#1408,#1409);
#1408 = CARTESIAN_POINT('',(31.,5.5));
#1409 = VECTOR('',#1410,1.);
#1410 = DIRECTION('',(0.,1.));
#1411 = ( GEOMETRIC_REPRESENTATION_CONTEXT(2) 
PARAMETRIC_REPRESENTATION_CONTEXT() REPRESENTATION_CONTEXT('2D SPACE',''
  ) );
#1412 = PCURVE('',#667,#1413);
#1413 = DEFINITIONAL_REPRESENTATION('',(#1414),#1418);
#1414 = LINE('',#1415,#1416);
#1415 = CARTESIAN_POINT('',(3.,0.));
#1416 = VECTOR('',#1417,1.);
#1417 = DIRECTION('',(0.,-1.));
#1418 = ( GEOMETRIC_REPRESENTATION_CONTEXT(2) 
PARAMETRIC_REPRESENTATION_CONTEXT() REPRESENTATION_CONTEXT('2D SPACE',''
  ) );
#1419 = ORIENTED_EDGE('',*,*,#1420,.F.);
#1420 = EDGE_CURVE('',#1421,#1398,#1423,.T.);
#1421 = VERTEX_POINT('',#1422);
#1422 = CARTESIAN_POINT('',(29.5,30.,3.));
#1423 = SURFACE_CURVE('',#1424,(#1428,#1435),.PCURVE_S1.);
#1424 = LINE('',#1425,#1426);
#1425 = CARTESIAN_POINT('',(27.1,30.,3.));
#1426 = VECTOR('',#1427,1.);
#1427 = DIRECTION('',(1.,0.,0.));
#1428 = PCURVE('',#126,#1429);
#1429 = DEFINITIONAL_REPRESENTATION('',(#1430),#1434);
#1430 = LINE('',#1431,#1432);
#1431 = CARTESIAN_POINT('',(27.1,30.));
#1432 = VECTOR('',#1433,1.);
#1433 = DIRECTION('',(1.,0.));
#1434 = ( GEOMETRIC_REPRESENTATION_CONTEXT(2) 
PARAMETRIC_REPRESENTATION_CONTEXT() REPRESENTATION_CONTEXT('2D SPACE',''
  ) );
#1435 = PCURVE('',#695,#1436);
#1436 = DEFINITIONAL_REPRESENTATION('',(#1437),#1441);
#1437 = LINE('',#1438,#1439);
#1438 = CARTESIAN_POINT('',(3.,0.));
#1439 = VECTOR('',#1440,1.);
#1440 = DIRECTION('',(0.,1.));
#1441 = ( GEOMETRIC_REPRESENTATION_CONTEXT(2) 
PARAMETRIC_REPRESENTATION_CONTEXT() REPRESENTATION_CONTEXT('2D SPACE',''
  ) );
#1442 = ORIENTED_EDGE('',*,*,#1443,.T.);
#1443 = EDGE_CURVE('',#1421,#1444,#1446,.T.);
#1444 = VERTEX_POINT('',#1445);
#1445 = CARTESIAN_POINT('',(29.5,12.,3.));
#1446 = SURFACE_CURVE('',#1447,(#1451,#1458),.PCURVE_S1.);
#1447 = LINE('',#1448,#1449);
#1448 = CARTESIAN_POINT('',(29.5,12.,3.));
#1449 = VECTOR('',#1450,1.);
#1450 = DIRECTION('',(0.,-1.,0.));
#1451 = PCURVE('',#126,#1452);
#1452 = DEFINITIONAL_REPRESENTATION('',(#1453),#1457);
#1453 = LINE('',#1454,#1455);
#1454 = CARTESIAN_POINT('',(29.5,12.));
#1455 = VECTOR('',#1456,1.);
#1456 = DIRECTION('',(0.,-1.));
#1457 = ( GEOMETRIC_REPRESENTATION_CONTEXT(2) 
PARAMETRIC_REPRESENTATION_CONTEXT() REPRESENTATION_CONTEXT('2D SPACE',''
  ) );
#1458 = PCURVE('',#1459,#1464);
#1459 = PLANE('',#1460);
#1460 = AXIS2_PLACEMENT_3D('',#1461,#1462,#1463);
#1461 = CARTESIAN_POINT('',(29.5,12.,2.5));
#1462 = DIRECTION('',(1.,0.,0.));
#1463 = DIRECTION('',(0.,0.,1.));
#1464 = DEFINITIONAL_REPRESENTATION('',(#1465),#1469);
#1465 = LINE('',#1466,#1467);
#1466 = CARTESIAN_POINT('',(0.5,0.));
#1467 = VECTOR('',#1468,1.);
#1468 = DIRECTION('',(0.,1.));
#1469 = ( GEOMETRIC_REPRESENTATION_CONTEXT(2) 
PARAMETRIC_REPRESENTATION_CONTEXT() REPRESENTATION_CONTEXT('2D SPACE',''
  ) );
#1470 = ORIENTED_EDGE('',*,*,#1471,.T.);
#1471 = EDGE_CURVE('',#1444,#1472,#1474,.T.);
#1472 = VERTEX_POINT('',#1473);
#1473 = CARTESIAN_POINT('',(31.,12.,3.));
#1474 = SURFACE_CURVE('',#1475,(#1479,#1486),.PCURVE_S1.);
#1475 = LINE('',#1476,#1477);
#1476 = CARTESIAN_POINT('',(27.1,12.,3.));
#1477 = VECTOR('',#1478,1.);
#1478 = DIRECTION('',(1.,0.,0.));
#1479 = PCURVE('',#126,#1480);
#1480 = DEFINITIONAL_REPRESENTATION('',(#1481),#1485);
#1481 = LINE('',#1482,#1483);
#1482 = CARTESIAN_POINT('',(27.1,12.));
#1483 = VECTOR('',#1484,1.);
#1484 = DIRECTION('',(1.,0.));
#1485 = ( GEOMETRIC_REPRESENTATION_CONTEXT(2) 
PARAMETRIC_REPRESENTATION_CONTEXT() REPRESENTATION_CONTEXT('2D SPACE',''
  ) );
#1486 = PCURVE('',#751,#1487);
#1487 = DEFINITIONAL_REPRESENTATION('',(#1488),#1492);
#1488 = LINE('',#1489,#1490);
#1489 = CARTESIAN_POINT('',(3.,0.));
#1490 = VECTOR('',#1491,1.);
#1491 = DIRECTION('',(0.,1.));
#1492 = ( GEOMETRIC_REPRESENTATION_CONTEXT(2) 
PARAMETRIC_REPRESENTATION_CONTEXT() REPRESENTATION_CONTEXT('2D SPACE',''
  ) );
#1493 = ORIENTED_EDGE('',*,*,#1494,.F.);
#1494 = EDGE_CURVE('',#1495,#1472,#1497,.T.);
#1495 = VERTEX_POINT('',#1496);
#1496 = CARTESIAN_POINT('',(31.,6.,3.));
#1497 = SURFACE_CURVE('',#1498,(#1502,#1509),.PCURVE_S1.);
#1498 = LINE('',#1499,#1500);
#1499 = CARTESIAN_POINT('',(31.,5.5,3.));
#1500 = VECTOR('',#1501,1.);
#1501 = DIRECTION('',(0.,1.,0.));
#1502 = PCURVE('',#126,#1503);
#1503 = DEFINITIONAL_REPRESENTATION('',(#1504),#1508);
#1504 = LINE('',#1505,#1506);
#1505 = CARTESIAN_POINT('',(31.,5.5));
#1506 = VECTOR('',#1507,1.);
#1507 = DIRECTION('',(0.,1.));
#1508 = ( GEOMETRIC_REPRESENTATION_CONTEXT(2) 
PARAMETRIC_REPRESENTATION_CONTEXT() REPRESENTATION_CONTEXT('2D SPACE',''
  ) );
#1509 = PCURVE('',#779,#1510);
#1510 = DEFINITIONAL_REPRESENTATION('',(#1511),#1515);
#1511 = LINE('',#1512,#1513);
#1512 = CARTESIAN_POINT('',(3.,0.));
#1513 = VECTOR('',#1514,1.);
#1514 = DIRECTION('',(0.,-1.));
#1515 = ( GEOMETRIC_REPRESENTATION_CONTEXT(2) 
PARAMETRIC_REPRESENTATION_CONTEXT() REPRESENTATION_CONTEXT('2D SPACE',''
  ) );
#1516 = ORIENTED_EDGE('',*,*,#1517,.F.);
#1517 = EDGE_CURVE('',#1350,#1495,#1518,.T.);
#1518 = SURFACE_CURVE('',#1519,(#1523,#1530),.PCURVE_S1.);
#1519 = LINE('',#1520,#1521);
#1520 = CARTESIAN_POINT('',(0.,6.,3.));
#1521 = VECTOR('',#1522,1.);
#1522 = DIRECTION('',(1.,0.,0.));
#1523 = PCURVE('',#126,#1524);
#1524 = DEFINITIONAL_REPRESENTATION('',(#1525),#1529);
#1525 = LINE('',#1526,#1527);
#1526 = CARTESIAN_POINT('',(0.,6.));
#1527 = VECTOR('',#1528,1.);
#1528 = DIRECTION('',(1.,0.));
#1529 = ( GEOMETRIC_REPRESENTATION_CONTEXT(2) 
PARAMETRIC_REPRESENTATION_CONTEXT() REPRESENTATION_CONTEXT('2D SPACE',''
  ) );
#1530 = PCURVE('',#805,#1531);
#1531 = DEFINITIONAL_REPRESENTATION('',(#1532),#1536);
#1532 = LINE('',#1533,#1534);
#1533 = CARTESIAN_POINT('',(3.,0.));
#1534 = VECTOR('',#1535,1.);
#1535 = DIRECTION('',(0.,1.));
#1536 = ( GEOMETRIC_REPRESENTATION_CONTEXT(2) 
PARAMETRIC_REPRESENTATION_CONTEXT() REPRESENTATION_CONTEXT('2D SPACE',''
  ) );
#1537 = FACE_BOUND('',#1538,.T.);
#1538 = EDGE_LOOP('',(#1539,#1564,#1587,#1610));
#1539 = ORIENTED_EDGE('',*,*,#1540,.F.);
#1540 = EDGE_CURVE('',#1541,#1543,#1545,.T.);
#1541 = VERTEX_POINT('',#1542);
#1542 = CARTESIAN_POINT('',(38.,6.,3.));
#1543 = VERTEX_POINT('',#1544);
#1544 = CARTESIAN_POINT('',(90.,6.,3.));
#1545 = SURFACE_CURVE('',#1546,(#1550,#1557),.PCURVE_S1.);
#1546 = LINE('',#1547,#1548);
#1547 = CARTESIAN_POINT('',(0.,6.,3.));
#1548 = VECTOR('',#1549,1.);
#1549 = DIRECTION('',(1.,0.,0.));
#1550 = PCURVE('',#126,#1551);
#1551 = DEFINITIONAL_REPRESENTATION('',(#1552),#1556);
#1552 = LINE('',#1553,#1554);
#1553 = CARTESIAN_POINT('',(0.,6.));
#1554 = VECTOR('',#1555,1.);
#1555 = DIRECTION('',(1.,0.));
#1556 = ( GEOMETRIC_REPRESENTATION_CONTEXT(2) 
PARAMETRIC_REPRESENTATION_CONTEXT() REPRESENTATION_CONTEXT('2D SPACE',''
  ) );
#1557 = PCURVE('',#951,#1558);
#1558 = DEFINITIONAL_REPRESENTATION('',(#1559),#1563);
#1559 = LINE('',#1560,#1561);
#1560 = CARTESIAN_POINT('',(3.,0.));
#1561 = VECTOR('',#1562,1.);
#1562 = DIRECTION('',(0.,1.));
#1563 = ( GEOMETRIC_REPRESENTATION_CONTEXT(2) 
PARAMETRIC_REPRESENTATION_CONTEXT() REPRESENTATION_CONTEXT('2D SPACE',''
  ) );
#1564 = ORIENTED_EDGE('',*,*,#1565,.T.);
#1565 = EDGE_CURVE('',#1541,#1566,#1568,.T.);
#1566 = VERTEX_POINT('',#1567);
#1567 = CARTESIAN_POINT('',(38.,89.,3.));
#1568 = SURFACE_CURVE('',#1569,(#1573,#1580),.PCURVE_S1.);
#1569 = LINE('',#1570,#1571);
#1570 = CARTESIAN_POINT('',(38.,5.5,3.));
#1571 = VECTOR('',#1572,1.);
#1572 = DIRECTION('',(0.,1.,0.));
#1573 = PCURVE('',#126,#1574);
#1574 = DEFINITIONAL_REPRESENTATION('',(#1575),#1579);
#1575 = LINE('',#1576,#1577);
#1576 = CARTESIAN_POINT('',(38.,5.5));
#1577 = VECTOR('',#1578,1.);
#1578 = DIRECTION('',(0.,1.));
#1579 = ( GEOMETRIC_REPRESENTATION_CONTEXT(2) 
PARAMETRIC_REPRESENTATION_CONTEXT() REPRESENTATION_CONTEXT('2D SPACE',''
  ) );
#1580 = PCURVE('',#979,#1581);
#1581 = DEFINITIONAL_REPRESENTATION('',(#1582),#1586);
#1582 = LINE('',#1583,#1584);
#1583 = CARTESIAN_POINT('',(3.,0.));
#1584 = VECTOR('',#1585,1.);
#1585 = DIRECTION('',(0.,-1.));
#1586 = ( GEOMETRIC_REPRESENTATION_CONTEXT(2) 
PARAMETRIC_REPRESENTATION_CONTEXT() REPRESENTATION_CONTEXT('2D SPACE',''
  ) );
#1587 = ORIENTED_EDGE('',*,*,#1588,.T.);
#1588 = EDGE_CURVE('',#1566,#1589,#1591,.T.);
#1589 = VERTEX_POINT('',#1590);
#1590 = CARTESIAN_POINT('',(90.,89.,3.));
#1591 = SURFACE_CURVE('',#1592,(#1596,#1603),.PCURVE_S1.);
#1592 = LINE('',#1593,#1594);
#1593 = CARTESIAN_POINT('',(0.,89.,3.));
#1594 = VECTOR('',#1595,1.);
#1595 = DIRECTION('',(1.,0.,0.));
#1596 = PCURVE('',#126,#1597);
#1597 = DEFINITIONAL_REPRESENTATION('',(#1598),#1602);
#1598 = LINE('',#1599,#1600);
#1599 = CARTESIAN_POINT('',(0.,89.));
#1600 = VECTOR('',#1601,1.);
#1601 = DIRECTION('',(1.,0.));
#1602 = ( GEOMETRIC_REPRESENTATION_CONTEXT(2) 
PARAMETRIC_REPRESENTATION_CONTEXT() REPRESENTATION_CONTEXT('2D SPACE',''
  ) );
#1603 = PCURVE('',#1007,#1604);
#1604 = DEFINITIONAL_REPRESENTATION('',(#1605),#1609);
#1605 = LINE('',#1606,#1607);
#1606 = CARTESIAN_POINT('',(3.,0.));
#1607 = VECTOR('',#1608,1.);
#1608 = DIRECTION('',(0.,1.));
#1609 = ( GEOMETRIC_REPRESENTATION_CONTEXT(2) 
PARAMETRIC_REPRESENTATION_CONTEXT() REPRESENTATION_CONTEXT('2D SPACE',''
  ) );
#1610 = ORIENTED_EDGE('',*,*,#1611,.F.);
#1611 = EDGE_CURVE('',#1543,#1589,#1612,.T.);
#1612 = SURFACE_CURVE('',#1613,(#1617,#1624),.PCURVE_S1.);
#1613 = LINE('',#1614,#1615);
#1614 = CARTESIAN_POINT('',(90.,5.5,3.));
#1615 = VECTOR('',#1616,1.);
#1616 = DIRECTION('',(0.,1.,0.));
#1617 = PCURVE('',#126,#1618);
#1618 = DEFINITIONAL_REPRESENTATION('',(#1619),#1623);
#1619 = LINE('',#1620,#1621);
#1620 = CARTESIAN_POINT('',(90.,5.5));
#1621 = VECTOR('',#1622,1.);
#1622 = DIRECTION('',(0.,1.));
#1623 = ( GEOMETRIC_REPRESENTATION_CONTEXT(2) 
PARAMETRIC_REPRESENTATION_CONTEXT() REPRESENTATION_CONTEXT('2D SPACE',''
  ) );
#1624 = PCURVE('',#1033,#1625);
#1625 = DEFINITIONAL_REPRESENTATION('',(#1626),#1630);
#1626 = LINE('',#1627,#1628);
#1627 = CARTESIAN_POINT('',(3.,0.));
#1628 = VECTOR('',#1629,1.);
#1629 = DIRECTION('',(0.,-1.));
#1630 = ( GEOMETRIC_REPRESENTATION_CONTEXT(2) 
PARAMETRIC_REPRESENTATION_CONTEXT() REPRESENTATION_CONTEXT('2D SPACE',''
  ) );
#1631 = FACE_BOUND('',#1632,.T.);
#1632 = EDGE_LOOP('',(#1633,#1658,#1681,#1704,#1732,#1755,#1778,#1801));
#1633 = ORIENTED_EDGE('',*,*,#1634,.F.);
#1634 = EDGE_CURVE('',#1635,#1637,#1639,.T.);
#1635 = VERTEX_POINT('',#1636);
#1636 = CARTESIAN_POINT('',(97.,6.,3.));
#1637 = VERTEX_POINT('',#1638);
#1638 = CARTESIAN_POINT('',(122.,6.,3.));
#1639 = SURFACE_CURVE('',#1640,(#1644,#1651),.PCURVE_S1.);
#1640 = LINE('',#1641,#1642);
#1641 = CARTESIAN_POINT('',(0.,6.,3.));
#1642 = VECTOR('',#1643,1.);
#1643 = DIRECTION('',(1.,0.,0.));
#1644 = PCURVE('',#126,#1645);
#1645 = DEFINITIONAL_REPRESENTATION('',(#1646),#1650);
#1646 = LINE('',#1647,#1648);
#1647 = CARTESIAN_POINT('',(0.,6.));
#1648 = VECTOR('',#1649,1.);
#1649 = DIRECTION('',(1.,0.));
#1650 = ( GEOMETRIC_REPRESENTATION_CONTEXT(2) 
PARAMETRIC_REPRESENTATION_CONTEXT() REPRESENTATION_CONTEXT('2D SPACE',''
  ) );
#1651 = PCURVE('',#1065,#1652);
#1652 = DEFINITIONAL_REPRESENTATION('',(#1653),#1657);
#1653 = LINE('',#1654,#1655);
#1654 = CARTESIAN_POINT('',(3.,0.));
#1655 = VECTOR('',#1656,1.);
#1656 = DIRECTION('',(0.,1.));
#1657 = ( GEOMETRIC_REPRESENTATION_CONTEXT(2) 
PARAMETRIC_REPRESENTATION_CONTEXT() REPRESENTATION_CONTEXT('2D SPACE',''
  ) );
#1658 = ORIENTED_EDGE('',*,*,#1659,.T.);
#1659 = EDGE_CURVE('',#1635,#1660,#1662,.T.);
#1660 = VERTEX_POINT('',#1661);
#1661 = CARTESIAN_POINT('',(97.,12.,3.));
#1662 = SURFACE_CURVE('',#1663,(#1667,#1674),.PCURVE_S1.);
#1663 = LINE('',#1664,#1665);
#1664 = CARTESIAN_POINT('',(97.,5.5,3.));
#1665 = VECTOR('',#1666,1.);
#1666 = DIRECTION('',(0.,1.,0.));
#1667 = PCURVE('',#126,#1668);
#1668 = DEFINITIONAL_REPRESENTATION('',(#1669),#1673);
#1669 = LINE('',#1670,#1671);
#1670 = CARTESIAN_POINT('',(97.,5.5));
#1671 = VECTOR('',#1672,1.);
#1672 = DIRECTION('',(0.,1.));
#1673 = ( GEOMETRIC_REPRESENTATION_CONTEXT(2) 
PARAMETRIC_REPRESENTATION_CONTEXT() REPRESENTATION_CONTEXT('2D SPACE',''
  ) );
#1674 = PCURVE('',#1093,#1675);
#1675 = DEFINITIONAL_REPRESENTATION('',(#1676),#1680);
#1676 = LINE('',#1677,#1678);
#1677 = CARTESIAN_POINT('',(3.,0.));
#1678 = VECTOR('',#1679,1.);
#1679 = DIRECTION('',(0.,-1.));
#1680 = ( GEOMETRIC_REPRESENTATION_CONTEXT(2) 
PARAMETRIC_REPRESENTATION_CONTEXT() REPRESENTATION_CONTEXT('2D SPACE',''
  ) );
#1681 = ORIENTED_EDGE('',*,*,#1682,.T.);
#1682 = EDGE_CURVE('',#1660,#1683,#1685,.T.);
#1683 = VERTEX_POINT('',#1684);
#1684 = CARTESIAN_POINT('',(98.5,12.,3.));
#1685 = SURFACE_CURVE('',#1686,(#1690,#1697),.PCURVE_S1.);
#1686 = LINE('',#1687,#1688);
#1687 = CARTESIAN_POINT('',(97.,12.,3.));
#1688 = VECTOR('',#1689,1.);
#1689 = DIRECTION('',(1.,0.,0.));
#1690 = PCURVE('',#126,#1691);
#1691 = DEFINITIONAL_REPRESENTATION('',(#1692),#1696);
#1692 = LINE('',#1693,#1694);
#1693 = CARTESIAN_POINT('',(97.,12.));
#1694 = VECTOR('',#1695,1.);
#1695 = DIRECTION('',(1.,0.));
#1696 = ( GEOMETRIC_REPRESENTATION_CONTEXT(2) 
PARAMETRIC_REPRESENTATION_CONTEXT() REPRESENTATION_CONTEXT('2D SPACE',''
  ) );
#1697 = PCURVE('',#1121,#1698);
#1698 = DEFINITIONAL_REPRESENTATION('',(#1699),#1703);
#1699 = LINE('',#1700,#1701);
#1700 = CARTESIAN_POINT('',(3.,0.));
#1701 = VECTOR('',#1702,1.);
#1702 = DIRECTION('',(0.,1.));
#1703 = ( GEOMETRIC_REPRESENTATION_CONTEXT(2) 
PARAMETRIC_REPRESENTATION_CONTEXT() REPRESENTATION_CONTEXT('2D SPACE',''
  ) );
#1704 = ORIENTED_EDGE('',*,*,#1705,.F.);
#1705 = EDGE_CURVE('',#1706,#1683,#1708,.T.);
#1706 = VERTEX_POINT('',#1707);
#1707 = CARTESIAN_POINT('',(98.5,30.,3.));
#1708 = SURFACE_CURVE('',#1709,(#1713,#1720),.PCURVE_S1.);
#1709 = LINE('',#1710,#1711);
#1710 = CARTESIAN_POINT('',(98.5,12.,3.));
#1711 = VECTOR('',#1712,1.);
#1712 = DIRECTION('',(0.,-1.,0.));
#1713 = PCURVE('',#126,#1714);
#1714 = DEFINITIONAL_REPRESENTATION('',(#1715),#1719);
#1715 = LINE('',#1716,#1717);
#1716 = CARTESIAN_POINT('',(98.5,12.));
#1717 = VECTOR('',#1718,1.);
#1718 = DIRECTION('',(0.,-1.));
#1719 = ( GEOMETRIC_REPRESENTATION_CONTEXT(2) 
PARAMETRIC_REPRESENTATION_CONTEXT() REPRESENTATION_CONTEXT('2D SPACE',''
  ) );
#1720 = PCURVE('',#1721,#1726);
#1721 = PLANE('',#1722);
#1722 = AXIS2_PLACEMENT_3D('',#1723,#1724,#1725);
#1723 = CARTESIAN_POINT('',(98.5,12.,2.5));
#1724 = DIRECTION('',(1.,0.,0.));
#1725 = DIRECTION('',(0.,0.,1.));
#1726 = DEFINITIONAL_REPRESENTATION('',(#1727),#1731);
#1727 = LINE('',#1728,#1729);
#1728 = CARTESIAN_POINT('',(0.5,0.));
#1729 = VECTOR('',#1730,1.);
#1730 = DIRECTION('',(0.,1.));
#1731 = ( GEOMETRIC_REPRESENTATION_CONTEXT(2) 
PARAMETRIC_REPRESENTATION_CONTEXT() REPRESENTATION_CONTEXT('2D SPACE',''
  ) );
#1732 = ORIENTED_EDGE('',*,*,#1733,.F.);
#1733 = EDGE_CURVE('',#1734,#1706,#1736,.T.);
#1734 = VERTEX_POINT('',#1735);
#1735 = CARTESIAN_POINT('',(97.,30.,3.));
#1736 = SURFACE_CURVE('',#1737,(#1741,#1748),.PCURVE_S1.);
#1737 = LINE('',#1738,#1739);
#1738 = CARTESIAN_POINT('',(97.,30.,3.));
#1739 = VECTOR('',#1740,1.);
#1740 = DIRECTION('',(1.,0.,0.));
#1741 = PCURVE('',#126,#1742);
#1742 = DEFINITIONAL_REPRESENTATION('',(#1743),#1747);
#1743 = LINE('',#1744,#1745);
#1744 = CARTESIAN_POINT('',(97.,30.));
#1745 = VECTOR('',#1746,1.);
#1746 = DIRECTION('',(1.,0.));
#1747 = ( GEOMETRIC_REPRESENTATION_CONTEXT(2) 
PARAMETRIC_REPRESENTATION_CONTEXT() REPRESENTATION_CONTEXT('2D SPACE',''
  ) );
#1748 = PCURVE('',#1177,#1749);
#1749 = DEFINITIONAL_REPRESENTATION('',(#1750),#1754);
#1750 = LINE('',#1751,#1752);
#1751 = CARTESIAN_POINT('',(3.,0.));
#1752 = VECTOR('',#1753,1.);
#1753 = DIRECTION('',(0.,1.));
#1754 = ( GEOMETRIC_REPRESENTATION_CONTEXT(2) 
PARAMETRIC_REPRESENTATION_CONTEXT() REPRESENTATION_CONTEXT('2D SPACE',''
  ) );
#1755 = ORIENTED_EDGE('',*,*,#1756,.T.);
#1756 = EDGE_CURVE('',#1734,#1757,#1759,.T.);
#1757 = VERTEX_POINT('',#1758);
#1758 = CARTESIAN_POINT('',(97.,89.,3.));
#1759 = SURFACE_CURVE('',#1760,(#1764,#1771),.PCURVE_S1.);
#1760 = LINE('',#1761,#1762);
#1761 = CARTESIAN_POINT('',(97.,5.5,3.));
#1762 = VECTOR('',#1763,1.);
#1763 = DIRECTION('',(0.,1.,0.));
#1764 = PCURVE('',#126,#1765);
#1765 = DEFINITIONAL_REPRESENTATION('',(#1766),#1770);
#1766 = LINE('',#1767,#1768);
#1767 = CARTESIAN_POINT('',(97.,5.5));
#1768 = VECTOR('',#1769,1.);
#1769 = DIRECTION('',(0.,1.));
#1770 = ( GEOMETRIC_REPRESENTATION_CONTEXT(2) 
PARAMETRIC_REPRESENTATION_CONTEXT() REPRESENTATION_CONTEXT('2D SPACE',''
  ) );
#1771 = PCURVE('',#1205,#1772);
#1772 = DEFINITIONAL_REPRESENTATION('',(#1773),#1777);
#1773 = LINE('',#1774,#1775);
#1774 = CARTESIAN_POINT('',(3.,0.));
#1775 = VECTOR('',#1776,1.);
#1776 = DIRECTION('',(0.,-1.));
#1777 = ( GEOMETRIC_REPRESENTATION_CONTEXT(2) 
PARAMETRIC_REPRESENTATION_CONTEXT() REPRESENTATION_CONTEXT('2D SPACE',''
  ) );
#1778 = ORIENTED_EDGE('',*,*,#1779,.T.);
#1779 = EDGE_CURVE('',#1757,#1780,#1782,.T.);
#1780 = VERTEX_POINT('',#1781);
#1781 = CARTESIAN_POINT('',(122.,89.,3.));
#1782 = SURFACE_CURVE('',#1783,(#1787,#1794),.PCURVE_S1.);
#1783 = LINE('',#1784,#1785);
#1784 = CARTESIAN_POINT('',(0.,89.,3.));
#1785 = VECTOR('',#1786,1.);
#1786 = DIRECTION('',(1.,0.,0.));
#1787 = PCURVE('',#126,#1788);
#1788 = DEFINITIONAL_REPRESENTATION('',(#1789),#1793);
#1789 = LINE('',#1790,#1791);
#1790 = CARTESIAN_POINT('',(0.,89.));
#1791 = VECTOR('',#1792,1.);
#1792 = DIRECTION('',(1.,0.));
#1793 = ( GEOMETRIC_REPRESENTATION_CONTEXT(2) 
PARAMETRIC_REPRESENTATION_CONTEXT() REPRESENTATION_CONTEXT('2D SPACE',''
  ) );
#1794 = PCURVE('',#1233,#1795);
#1795 = DEFINITIONAL_REPRESENTATION('',(#1796),#1800);
#1796 = LINE('',#1797,#1798);
#1797 = CARTESIAN_POINT('',(3.,0.));
#1798 = VECTOR('',#1799,1.);
#1799 = DIRECTION('',(0.,1.));
#1800 = ( GEOMETRIC_REPRESENTATION_CONTEXT(2) 
PARAMETRIC_REPRESENTATION_CONTEXT() REPRESENTATION_CONTEXT('2D SPACE',''
  ) );
#1801 = ORIENTED_EDGE('',*,*,#1802,.F.);
#1802 = EDGE_CURVE('',#1637,#1780,#1803,.T.);
#1803 = SURFACE_CURVE('',#1804,(#1808,#1815),.PCURVE_S1.);
#1804 = LINE('',#1805,#1806);
#1805 = CARTESIAN_POINT('',(122.,0.,3.));
#1806 = VECTOR('',#1807,1.);
#1807 = DIRECTION('',(0.,1.,0.));
#1808 = PCURVE('',#126,#1809);
#1809 = DEFINITIONAL_REPRESENTATION('',(#1810),#1814);
#1810 = LINE('',#1811,#1812);
#1811 = CARTESIAN_POINT('',(122.,0.));
#1812 = VECTOR('',#1813,1.);
#1813 = DIRECTION('',(0.,1.));
#1814 = ( GEOMETRIC_REPRESENTATION_CONTEXT(2) 
PARAMETRIC_REPRESENTATION_CONTEXT() REPRESENTATION_CONTEXT('2D SPACE',''
  ) );
#1815 = PCURVE('',#1259,#1816);
#1816 = DEFINITIONAL_REPRESENTATION('',(#1817),#1821);
#1817 = LINE('',#1818,#1819);
#1818 = CARTESIAN_POINT('',(3.,0.));
#1819 = VECTOR('',#1820,1.);
#1820 = DIRECTION('',(0.,-1.));
#1821 = ( GEOMETRIC_REPRESENTATION_CONTEXT(2) 
PARAMETRIC_REPRESENTATION_CONTEXT() REPRESENTATION_CONTEXT('2D SPACE',''
  ) );
#1822 = ADVANCED_FACE('',(#1823),#202,.T.);
#1823 = FACE_BOUND('',#1824,.T.);
#1824 = EDGE_LOOP('',(#1825,#1826,#1827,#1850,#1878,#1899,#1900,#1923,
    #1951,#1972,#1973,#1974));
#1825 = ORIENTED_EDGE('',*,*,#188,.F.);
#1826 = ORIENTED_EDGE('',*,*,#242,.F.);
#1827 = ORIENTED_EDGE('',*,*,#1828,.T.);
#1828 = EDGE_CURVE('',#243,#1829,#1831,.T.);
#1829 = VERTEX_POINT('',#1830);
#1830 = CARTESIAN_POINT('',(128.,15.7,2.));
#1831 = SURFACE_CURVE('',#1832,(#1836,#1843),.PCURVE_S1.);
#1832 = LINE('',#1833,#1834);
#1833 = CARTESIAN_POINT('',(128.,15.7,-5.E-02));
#1834 = VECTOR('',#1835,1.);
#1835 = DIRECTION('',(0.,0.,1.));
#1836 = PCURVE('',#202,#1837);
#1837 = DEFINITIONAL_REPRESENTATION('',(#1838),#1842);
#1838 = LINE('',#1839,#1840);
#1839 = CARTESIAN_POINT('',(-5.E-02,-15.7));
#1840 = VECTOR('',#1841,1.);
#1841 = DIRECTION('',(1.,0.));
#1842 = ( GEOMETRIC_REPRESENTATION_CONTEXT(2) 
PARAMETRIC_REPRESENTATION_CONTEXT() REPRESENTATION_CONTEXT('2D SPACE',''
  ) );
#1843 = PCURVE('',#281,#1844);
#1844 = DEFINITIONAL_REPRESENTATION('',(#1845),#1849);
#1845 = LINE('',#1846,#1847);
#1846 = CARTESIAN_POINT('',(5.E-02,2.7));
#1847 = VECTOR('',#1848,1.);
#1848 = DIRECTION('',(1.,0.));
#1849 = ( GEOMETRIC_REPRESENTATION_CONTEXT(2) 
PARAMETRIC_REPRESENTATION_CONTEXT() REPRESENTATION_CONTEXT('2D SPACE',''
  ) );
#1850 = ORIENTED_EDGE('',*,*,#1851,.F.);
#1851 = EDGE_CURVE('',#1852,#1829,#1854,.T.);
#1852 = VERTEX_POINT('',#1853);
#1853 = CARTESIAN_POINT('',(128.,21.3,2.));
#1854 = SURFACE_CURVE('',#1855,(#1859,#1866),.PCURVE_S1.);
#1855 = LINE('',#1856,#1857);
#1856 = CARTESIAN_POINT('',(128.,7.85,2.));
#1857 = VECTOR('',#1858,1.);
#1858 = DIRECTION('',(0.,-1.,0.));
#1859 = PCURVE('',#202,#1860);
#1860 = DEFINITIONAL_REPRESENTATION('',(#1861),#1865);
#1861 = LINE('',#1862,#1863);
#1862 = CARTESIAN_POINT('',(2.,-7.85));
#1863 = VECTOR('',#1864,1.);
#1864 = DIRECTION('',(0.,1.));
#1865 = ( GEOMETRIC_REPRESENTATION_CONTEXT(2) 
PARAMETRIC_REPRESENTATION_CONTEXT() REPRESENTATION_CONTEXT('2D SPACE',''
  ) );
#1866 = PCURVE('',#1867,#1872);
#1867 = PLANE('',#1868);
#1868 = AXIS2_PLACEMENT_3D('',#1869,#1870,#1871);
#1869 = CARTESIAN_POINT('',(125.3,15.7,2.));
#1870 = DIRECTION('',(0.,0.,1.));
#1871 = DIRECTION('',(1.,0.,0.));
#1872 = DEFINITIONAL_REPRESENTATION('',(#1873),#1877);
#1873 = LINE('',#1874,#1875);
#1874 = CARTESIAN_POINT('',(2.7,-7.85));
#1875 = VECTOR('',#1876,1.);
#1876 = DIRECTION('',(0.,-1.));
#1877 = ( GEOMETRIC_REPRESENTATION_CONTEXT(2) 
PARAMETRIC_REPRESENTATION_CONTEXT() REPRESENTATION_CONTEXT('2D SPACE',''
  ) );
#1878 = ORIENTED_EDGE('',*,*,#1879,.F.);
#1879 = EDGE_CURVE('',#322,#1852,#1880,.T.);
#1880 = SURFACE_CURVE('',#1881,(#1885,#1892),.PCURVE_S1.);
#1881 = LINE('',#1882,#1883);
#1882 = CARTESIAN_POINT('',(128.,21.3,-5.E-02));
#1883 = VECTOR('',#1884,1.);
#1884 = DIRECTION('',(0.,0.,1.));
#1885 = PCURVE('',#202,#1886);
#1886 = DEFINITIONAL_REPRESENTATION('',(#1887),#1891);
#1887 = LINE('',#1888,#1889);
#1888 = CARTESIAN_POINT('',(-5.E-02,-21.3));
#1889 = VECTOR('',#1890,1.);
#1890 = DIRECTION('',(1.,0.));
#1891 = ( GEOMETRIC_REPRESENTATION_CONTEXT(2) 
PARAMETRIC_REPRESENTATION_CONTEXT() REPRESENTATION_CONTEXT('2D SPACE',''
  ) );
#1892 = PCURVE('',#337,#1893);
#1893 = DEFINITIONAL_REPRESENTATION('',(#1894),#1898);
#1894 = LINE('',#1895,#1896);
#1895 = CARTESIAN_POINT('',(5.E-02,2.7));
#1896 = VECTOR('',#1897,1.);
#1897 = DIRECTION('',(1.,0.));
#1898 = ( GEOMETRIC_REPRESENTATION_CONTEXT(2) 
PARAMETRIC_REPRESENTATION_CONTEXT() REPRESENTATION_CONTEXT('2D SPACE',''
  ) );
#1899 = ORIENTED_EDGE('',*,*,#349,.F.);
#1900 = ORIENTED_EDGE('',*,*,#1901,.T.);
#1901 = EDGE_CURVE('',#350,#1902,#1904,.T.);
#1902 = VERTEX_POINT('',#1903);
#1903 = CARTESIAN_POINT('',(128.,73.7,2.));
#1904 = SURFACE_CURVE('',#1905,(#1909,#1916),.PCURVE_S1.);
#1905 = LINE('',#1906,#1907);
#1906 = CARTESIAN_POINT('',(128.,73.7,-5.E-02));
#1907 = VECTOR('',#1908,1.);
#1908 = DIRECTION('',(0.,0.,1.));
#1909 = PCURVE('',#202,#1910);
#1910 = DEFINITIONAL_REPRESENTATION('',(#1911),#1915);
#1911 = LINE('',#1912,#1913);
#1912 = CARTESIAN_POINT('',(-5.E-02,-73.7));
#1913 = VECTOR('',#1914,1.);
#1914 = DIRECTION('',(1.,0.));
#1915 = ( GEOMETRIC_REPRESENTATION_CONTEXT(2) 
PARAMETRIC_REPRESENTATION_CONTEXT() REPRESENTATION_CONTEXT('2D SPACE',''
  ) );
#1916 = PCURVE('',#388,#1917);
#1917 = DEFINITIONAL_REPRESENTATION('',(#1918),#1922);
#1918 = LINE('',#1919,#1920);
#1919 = CARTESIAN_POINT('',(5.E-02,2.7));
#1920 = VECTOR('',#1921,1.);
#1921 = DIRECTION('',(1.,0.));
#1922 = ( GEOMETRIC_REPRESENTATION_CONTEXT(2) 
PARAMETRIC_REPRESENTATION_CONTEXT() REPRESENTATION_CONTEXT('2D SPACE',''
  ) );
#1923 = ORIENTED_EDGE('',*,*,#1924,.F.);
#1924 = EDGE_CURVE('',#1925,#1902,#1927,.T.);
#1925 = VERTEX_POINT('',#1926);
#1926 = CARTESIAN_POINT('',(128.,79.3,2.));
#1927 = SURFACE_CURVE('',#1928,(#1932,#1939),.PCURVE_S1.);
#1928 = LINE('',#1929,#1930);
#1929 = CARTESIAN_POINT('',(128.,36.85,2.));
#1930 = VECTOR('',#1931,1.);
#1931 = DIRECTION('',(0.,-1.,0.));
#1932 = PCURVE('',#202,#1933);
#1933 = DEFINITIONAL_REPRESENTATION('',(#1934),#1938);
#1934 = LINE('',#1935,#1936);
#1935 = CARTESIAN_POINT('',(2.,-36.85));
#1936 = VECTOR('',#1937,1.);
#1937 = DIRECTION('',(0.,1.));
#1938 = ( GEOMETRIC_REPRESENTATION_CONTEXT(2) 
PARAMETRIC_REPRESENTATION_CONTEXT() REPRESENTATION_CONTEXT('2D SPACE',''
  ) );
#1939 = PCURVE('',#1940,#1945);
#1940 = PLANE('',#1941);
#1941 = AXIS2_PLACEMENT_3D('',#1942,#1943,#1944);
#1942 = CARTESIAN_POINT('',(125.3,73.7,2.));
#1943 = DIRECTION('',(0.,0.,1.));
#1944 = DIRECTION('',(1.,0.,0.));
#1945 = DEFINITIONAL_REPRESENTATION('',(#1946),#1950);
#1946 = LINE('',#1947,#1948);
#1947 = CARTESIAN_POINT('',(2.7,-36.85));
#1948 = VECTOR('',#1949,1.);
#1949 = DIRECTION('',(0.,-1.));
#1950 = ( GEOMETRIC_REPRESENTATION_CONTEXT(2) 
PARAMETRIC_REPRESENTATION_CONTEXT() REPRESENTATION_CONTEXT('2D SPACE',''
  ) );
#1951 = ORIENTED_EDGE('',*,*,#1952,.F.);
#1952 = EDGE_CURVE('',#429,#1925,#1953,.T.);
#1953 = SURFACE_CURVE('',#1954,(#1958,#1965),.PCURVE_S1.);
#1954 = LINE('',#1955,#1956);
#1955 = CARTESIAN_POINT('',(128.,79.3,-5.E-02));
#1956 = VECTOR('',#1957,1.);
#1957 = DIRECTION('',(0.,0.,1.));
#1958 = PCURVE('',#202,#1959);
#1959 = DEFINITIONAL_REPRESENTATION('',(#1960),#1964);
#1960 = LINE('',#1961,#1962);
#1961 = CARTESIAN_POINT('',(-5.E-02,-79.3));
#1962 = VECTOR('',#1963,1.);
#1963 = DIRECTION('',(1.,0.));
#1964 = ( GEOMETRIC_REPRESENTATION_CONTEXT(2) 
PARAMETRIC_REPRESENTATION_CONTEXT() REPRESENTATION_CONTEXT('2D SPACE',''
  ) );
#1965 = PCURVE('',#444,#1966);
#1966 = DEFINITIONAL_REPRESENTATION('',(#1967),#1971);
#1967 = LINE('',#1968,#1969);
#1968 = CARTESIAN_POINT('',(5.E-02,2.7));
#1969 = VECTOR('',#1970,1.);
#1970 = DIRECTION('',(1.,0.));
#1971 = ( GEOMETRIC_REPRESENTATION_CONTEXT(2) 
PARAMETRIC_REPRESENTATION_CONTEXT() REPRESENTATION_CONTEXT('2D SPACE',''
  ) );
#1972 = ORIENTED_EDGE('',*,*,#456,.F.);
#1973 = ORIENTED_EDGE('',*,*,#1299,.T.);
#1974 = ORIENTED_EDGE('',*,*,#1325,.F.);
#1975 = ADVANCED_FACE('',(#1976),#444,.F.);
#1976 = FACE_BOUND('',#1977,.F.);
#1977 = EDGE_LOOP('',(#1978,#1979,#2002,#2023));
#1978 = ORIENTED_EDGE('',*,*,#428,.T.);
#1979 = ORIENTED_EDGE('',*,*,#1980,.T.);
#1980 = EDGE_CURVE('',#401,#1981,#1983,.T.);
#1981 = VERTEX_POINT('',#1982);
#1982 = CARTESIAN_POINT('',(125.3,79.3,2.));
#1983 = SURFACE_CURVE('',#1984,(#1988,#1995),.PCURVE_S1.);
#1984 = LINE('',#1985,#1986);
#1985 = CARTESIAN_POINT('',(125.3,79.3,-0.1));
#1986 = VECTOR('',#1987,1.);
#1987 = DIRECTION('',(0.,0.,1.));
#1988 = PCURVE('',#444,#1989);
#1989 = DEFINITIONAL_REPRESENTATION('',(#1990),#1994);
#1990 = LINE('',#1991,#1992);
#1991 = CARTESIAN_POINT('',(0.,0.));
#1992 = VECTOR('',#1993,1.);
#1993 = DIRECTION('',(1.,0.));
#1994 = ( GEOMETRIC_REPRESENTATION_CONTEXT(2) 
PARAMETRIC_REPRESENTATION_CONTEXT() REPRESENTATION_CONTEXT('2D SPACE',''
  ) );
#1995 = PCURVE('',#416,#1996);
#1996 = DEFINITIONAL_REPRESENTATION('',(#1997),#2001);
#1997 = LINE('',#1998,#1999);
#1998 = CARTESIAN_POINT('',(0.,-5.6));
#1999 = VECTOR('',#2000,1.);
#2000 = DIRECTION('',(1.,0.));
#2001 = ( GEOMETRIC_REPRESENTATION_CONTEXT(2) 
PARAMETRIC_REPRESENTATION_CONTEXT() REPRESENTATION_CONTEXT('2D SPACE',''
  ) );
#2002 = ORIENTED_EDGE('',*,*,#2003,.T.);
#2003 = EDGE_CURVE('',#1981,#1925,#2004,.T.);
#2004 = SURFACE_CURVE('',#2005,(#2009,#2016),.PCURVE_S1.);
#2005 = LINE('',#2006,#2007);
#2006 = CARTESIAN_POINT('',(125.3,79.3,2.));
#2007 = VECTOR('',#2008,1.);
#2008 = DIRECTION('',(1.,0.,0.));
#2009 = PCURVE('',#444,#2010);
#2010 = DEFINITIONAL_REPRESENTATION('',(#2011),#2015);
#2011 = LINE('',#2012,#2013);
#2012 = CARTESIAN_POINT('',(2.1,0.));
#2013 = VECTOR('',#2014,1.);
#2014 = DIRECTION('',(0.,1.));
#2015 = ( GEOMETRIC_REPRESENTATION_CONTEXT(2) 
PARAMETRIC_REPRESENTATION_CONTEXT() REPRESENTATION_CONTEXT('2D SPACE',''
  ) );
#2016 = PCURVE('',#1940,#2017);
#2017 = DEFINITIONAL_REPRESENTATION('',(#2018),#2022);
#2018 = LINE('',#2019,#2020);
#2019 = CARTESIAN_POINT('',(0.,5.6));
#2020 = VECTOR('',#2021,1.);
#2021 = DIRECTION('',(1.,0.));
#2022 = ( GEOMETRIC_REPRESENTATION_CONTEXT(2) 
PARAMETRIC_REPRESENTATION_CONTEXT() REPRESENTATION_CONTEXT('2D SPACE',''
  ) );
#2023 = ORIENTED_EDGE('',*,*,#1952,.F.);
#2024 = ADVANCED_FACE('',(#2025),#416,.T.);
#2025 = FACE_BOUND('',#2026,.T.);
#2026 = EDGE_LOOP('',(#2027,#2050,#2051,#2052));
#2027 = ORIENTED_EDGE('',*,*,#2028,.F.);
#2028 = EDGE_CURVE('',#373,#2029,#2031,.T.);
#2029 = VERTEX_POINT('',#2030);
#2030 = CARTESIAN_POINT('',(125.3,73.7,2.));
#2031 = SURFACE_CURVE('',#2032,(#2036,#2043),.PCURVE_S1.);
#2032 = LINE('',#2033,#2034);
#2033 = CARTESIAN_POINT('',(125.3,73.7,-0.1));
#2034 = VECTOR('',#2035,1.);
#2035 = DIRECTION('',(0.,0.,1.));
#2036 = PCURVE('',#416,#2037);
#2037 = DEFINITIONAL_REPRESENTATION('',(#2038),#2042);
#2038 = LINE('',#2039,#2040);
#2039 = CARTESIAN_POINT('',(0.,0.));
#2040 = VECTOR('',#2041,1.);
#2041 = DIRECTION('',(1.,0.));
#2042 = ( GEOMETRIC_REPRESENTATION_CONTEXT(2) 
PARAMETRIC_REPRESENTATION_CONTEXT() REPRESENTATION_CONTEXT('2D SPACE',''
  ) );
#2043 = PCURVE('',#388,#2044);
#2044 = DEFINITIONAL_REPRESENTATION('',(#2045),#2049);
#2045 = LINE('',#2046,#2047);
#2046 = CARTESIAN_POINT('',(0.,0.));
#2047 = VECTOR('',#2048,1.);
#2048 = DIRECTION('',(1.,0.));
#2049 = ( GEOMETRIC_REPRESENTATION_CONTEXT(2) 
PARAMETRIC_REPRESENTATION_CONTEXT() REPRESENTATION_CONTEXT('2D SPACE',''
  ) );
#2050 = ORIENTED_EDGE('',*,*,#400,.T.);
#2051 = ORIENTED_EDGE('',*,*,#1980,.T.);
#2052 = ORIENTED_EDGE('',*,*,#2053,.F.);
#2053 = EDGE_CURVE('',#2029,#1981,#2054,.T.);
#2054 = SURFACE_CURVE('',#2055,(#2059,#2066),.PCURVE_S1.);
#2055 = LINE('',#2056,#2057);
#2056 = CARTESIAN_POINT('',(125.3,73.7,2.));
#2057 = VECTOR('',#2058,1.);
#2058 = DIRECTION('',(0.,1.,0.));
#2059 = PCURVE('',#416,#2060);
#2060 = DEFINITIONAL_REPRESENTATION('',(#2061),#2065);
#2061 = LINE('',#2062,#2063);
#2062 = CARTESIAN_POINT('',(2.1,0.));
#2063 = VECTOR('',#2064,1.);
#2064 = DIRECTION('',(0.,-1.));
#2065 = ( GEOMETRIC_REPRESENTATION_CONTEXT(2) 
PARAMETRIC_REPRESENTATION_CONTEXT() REPRESENTATION_CONTEXT('2D SPACE',''
  ) );
#2066 = PCURVE('',#1940,#2067);
#2067 = DEFINITIONAL_REPRESENTATION('',(#2068),#2072);
#2068 = LINE('',#2069,#2070);
#2069 = CARTESIAN_POINT('',(0.,0.));
#2070 = VECTOR('',#2071,1.);
#2071 = DIRECTION('',(0.,1.));
#2072 = ( GEOMETRIC_REPRESENTATION_CONTEXT(2) 
PARAMETRIC_REPRESENTATION_CONTEXT() REPRESENTATION_CONTEXT('2D SPACE',''
  ) );
#2073 = ADVANCED_FACE('',(#2074),#388,.T.);
#2074 = FACE_BOUND('',#2075,.T.);
#2075 = EDGE_LOOP('',(#2076,#2077,#2078,#2099));
#2076 = ORIENTED_EDGE('',*,*,#372,.T.);
#2077 = ORIENTED_EDGE('',*,*,#2028,.T.);
#2078 = ORIENTED_EDGE('',*,*,#2079,.T.);
#2079 = EDGE_CURVE('',#2029,#1902,#2080,.T.);
#2080 = SURFACE_CURVE('',#2081,(#2085,#2092),.PCURVE_S1.);
#2081 = LINE('',#2082,#2083);
#2082 = CARTESIAN_POINT('',(125.3,73.7,2.));
#2083 = VECTOR('',#2084,1.);
#2084 = DIRECTION('',(1.,0.,0.));
#2085 = PCURVE('',#388,#2086);
#2086 = DEFINITIONAL_REPRESENTATION('',(#2087),#2091);
#2087 = LINE('',#2088,#2089);
#2088 = CARTESIAN_POINT('',(2.1,0.));
#2089 = VECTOR('',#2090,1.);
#2090 = DIRECTION('',(0.,1.));
#2091 = ( GEOMETRIC_REPRESENTATION_CONTEXT(2) 
PARAMETRIC_REPRESENTATION_CONTEXT() REPRESENTATION_CONTEXT('2D SPACE',''
  ) );
#2092 = PCURVE('',#1940,#2093);
#2093 = DEFINITIONAL_REPRESENTATION('',(#2094),#2098);
#2094 = LINE('',#2095,#2096);
#2095 = CARTESIAN_POINT('',(0.,0.));
#2096 = VECTOR('',#2097,1.);
#2097 = DIRECTION('',(1.,0.));
#2098 = ( GEOMETRIC_REPRESENTATION_CONTEXT(2) 
PARAMETRIC_REPRESENTATION_CONTEXT() REPRESENTATION_CONTEXT('2D SPACE',''
  ) );
#2099 = ORIENTED_EDGE('',*,*,#1901,.F.);
#2100 = ADVANCED_FACE('',(#2101),#337,.F.);
#2101 = FACE_BOUND('',#2102,.F.);
#2102 = EDGE_LOOP('',(#2103,#2104,#2127,#2148));
#2103 = ORIENTED_EDGE('',*,*,#321,.T.);
#2104 = ORIENTED_EDGE('',*,*,#2105,.T.);
#2105 = EDGE_CURVE('',#294,#2106,#2108,.T.);
#2106 = VERTEX_POINT('',#2107);
#2107 = CARTESIAN_POINT('',(125.3,21.3,2.));
#2108 = SURFACE_CURVE('',#2109,(#2113,#2120),.PCURVE_S1.);
#2109 = LINE('',#2110,#2111);
#2110 = CARTESIAN_POINT('',(125.3,21.3,-0.1));
#2111 = VECTOR('',#2112,1.);
#2112 = DIRECTION('',(0.,0.,1.));
#2113 = PCURVE('',#337,#2114);
#2114 = DEFINITIONAL_REPRESENTATION('',(#2115),#2119);
#2115 = LINE('',#2116,#2117);
#2116 = CARTESIAN_POINT('',(0.,0.));
#2117 = VECTOR('',#2118,1.);
#2118 = DIRECTION('',(1.,0.));
#2119 = ( GEOMETRIC_REPRESENTATION_CONTEXT(2) 
PARAMETRIC_REPRESENTATION_CONTEXT() REPRESENTATION_CONTEXT('2D SPACE',''
  ) );
#2120 = PCURVE('',#309,#2121);
#2121 = DEFINITIONAL_REPRESENTATION('',(#2122),#2126);
#2122 = LINE('',#2123,#2124);
#2123 = CARTESIAN_POINT('',(0.,-5.6));
#2124 = VECTOR('',#2125,1.);
#2125 = DIRECTION('',(1.,0.));
#2126 = ( GEOMETRIC_REPRESENTATION_CONTEXT(2) 
PARAMETRIC_REPRESENTATION_CONTEXT() REPRESENTATION_CONTEXT('2D SPACE',''
  ) );
#2127 = ORIENTED_EDGE('',*,*,#2128,.T.);
#2128 = EDGE_CURVE('',#2106,#1852,#2129,.T.);
#2129 = SURFACE_CURVE('',#2130,(#2134,#2141),.PCURVE_S1.);
#2130 = LINE('',#2131,#2132);
#2131 = CARTESIAN_POINT('',(125.3,21.3,2.));
#2132 = VECTOR('',#2133,1.);
#2133 = DIRECTION('',(1.,0.,0.));
#2134 = PCURVE('',#337,#2135);
#2135 = DEFINITIONAL_REPRESENTATION('',(#2136),#2140);
#2136 = LINE('',#2137,#2138);
#2137 = CARTESIAN_POINT('',(2.1,0.));
#2138 = VECTOR('',#2139,1.);
#2139 = DIRECTION('',(0.,1.));
#2140 = ( GEOMETRIC_REPRESENTATION_CONTEXT(2) 
PARAMETRIC_REPRESENTATION_CONTEXT() REPRESENTATION_CONTEXT('2D SPACE',''
  ) );
#2141 = PCURVE('',#1867,#2142);
#2142 = DEFINITIONAL_REPRESENTATION('',(#2143),#2147);
#2143 = LINE('',#2144,#2145);
#2144 = CARTESIAN_POINT('',(0.,5.6));
#2145 = VECTOR('',#2146,1.);
#2146 = DIRECTION('',(1.,0.));
#2147 = ( GEOMETRIC_REPRESENTATION_CONTEXT(2) 
PARAMETRIC_REPRESENTATION_CONTEXT() REPRESENTATION_CONTEXT('2D SPACE',''
  ) );
#2148 = ORIENTED_EDGE('',*,*,#1879,.F.);
#2149 = ADVANCED_FACE('',(#2150),#309,.T.);
#2150 = FACE_BOUND('',#2151,.T.);
#2151 = EDGE_LOOP('',(#2152,#2175,#2176,#2177));
#2152 = ORIENTED_EDGE('',*,*,#2153,.F.);
#2153 = EDGE_CURVE('',#266,#2154,#2156,.T.);
#2154 = VERTEX_POINT('',#2155);
#2155 = CARTESIAN_POINT('',(125.3,15.7,2.));
#2156 = SURFACE_CURVE('',#2157,(#2161,#2168),.PCURVE_S1.);
#2157 = LINE('',#2158,#2159);
#2158 = CARTESIAN_POINT('',(125.3,15.7,-0.1));
#2159 = VECTOR('',#2160,1.);
#2160 = DIRECTION('',(0.,0.,1.));
#2161 = PCURVE('',#309,#2162);
#2162 = DEFINITIONAL_REPRESENTATION('',(#2163),#2167);
#2163 = LINE('',#2164,#2165);
#2164 = CARTESIAN_POINT('',(0.,0.));
#2165 = VECTOR('',#2166,1.);
#2166 = DIRECTION('',(1.,0.));
#2167 = ( GEOMETRIC_REPRESENTATION_CONTEXT(2) 
PARAMETRIC_REPRESENTATION_CONTEXT() REPRESENTATION_CONTEXT('2D SPACE',''
  ) );
#2168 = PCURVE('',#281,#2169);
#2169 = DEFINITIONAL_REPRESENTATION('',(#2170),#2174);
#2170 = LINE('',#2171,#2172);
#2171 = CARTESIAN_POINT('',(0.,0.));
#2172 = VECTOR('',#2173,1.);
#2173 = DIRECTION('',(1.,0.));
#2174 = ( GEOMETRIC_REPRESENTATION_CONTEXT(2) 
PARAMETRIC_REPRESENTATION_CONTEXT() REPRESENTATION_CONTEXT('2D SPACE',''
  ) );
#2175 = ORIENTED_EDGE('',*,*,#293,.T.);
#2176 = ORIENTED_EDGE('',*,*,#2105,.T.);
#2177 = ORIENTED_EDGE('',*,*,#2178,.F.);
#2178 = EDGE_CURVE('',#2154,#2106,#2179,.T.);
#2179 = SURFACE_CURVE('',#2180,(#2184,#2191),.PCURVE_S1.);
#2180 = LINE('',#2181,#2182);
#2181 = CARTESIAN_POINT('',(125.3,15.7,2.));
#2182 = VECTOR('',#2183,1.);
#2183 = DIRECTION('',(0.,1.,0.));
#2184 = PCURVE('',#309,#2185);
#2185 = DEFINITIONAL_REPRESENTATION('',(#2186),#2190);
#2186 = LINE('',#2187,#2188);
#2187 = CARTESIAN_POINT('',(2.1,0.));
#2188 = VECTOR('',#2189,1.);
#2189 = DIRECTION('',(0.,-1.));
#2190 = ( GEOMETRIC_REPRESENTATION_CONTEXT(2) 
PARAMETRIC_REPRESENTATION_CONTEXT() REPRESENTATION_CONTEXT('2D SPACE',''
  ) );
#2191 = PCURVE('',#1867,#2192);
#2192 = DEFINITIONAL_REPRESENTATION('',(#2193),#2197);
#2193 = LINE('',#2194,#2195);
#2194 = CARTESIAN_POINT('',(0.,0.));
#2195 = VECTOR('',#2196,1.);
#2196 = DIRECTION('',(0.,1.));
#2197 = ( GEOMETRIC_REPRESENTATION_CONTEXT(2) 
PARAMETRIC_REPRESENTATION_CONTEXT() REPRESENTATION_CONTEXT('2D SPACE',''
  ) );
#2198 = ADVANCED_FACE('',(#2199),#281,.T.);
#2199 = FACE_BOUND('',#2200,.T.);
#2200 = EDGE_LOOP('',(#2201,#2202,#2203,#2224));
#2201 = ORIENTED_EDGE('',*,*,#265,.T.);
#2202 = ORIENTED_EDGE('',*,*,#2153,.T.);
#2203 = ORIENTED_EDGE('',*,*,#2204,.T.);
#2204 = EDGE_CURVE('',#2154,#1829,#2205,.T.);
#2205 = SURFACE_CURVE('',#2206,(#2210,#2217),.PCURVE_S1.);
#2206 = LINE('',#2207,#2208);
#2207 = CARTESIAN_POINT('',(125.3,15.7,2.));
#2208 = VECTOR('',#2209,1.);
#2209 = DIRECTION('',(1.,0.,0.));
#2210 = PCURVE('',#281,#2211);
#2211 = DEFINITIONAL_REPRESENTATION('',(#2212),#2216);
#2212 = LINE('',#2213,#2214);
#2213 = CARTESIAN_POINT('',(2.1,0.));
#2214 = VECTOR('',#2215,1.);
#2215 = DIRECTION('',(0.,1.));
#2216 = ( GEOMETRIC_REPRESENTATION_CONTEXT(2) 
PARAMETRIC_REPRESENTATION_CONTEXT() REPRESENTATION_CONTEXT('2D SPACE',''
  ) );
#2217 = PCURVE('',#1867,#2218);
#2218 = DEFINITIONAL_REPRESENTATION('',(#2219),#2223);
#2219 = LINE('',#2220,#2221);
#2220 = CARTESIAN_POINT('',(0.,0.));
#2221 = VECTOR('',#2222,1.);
#2222 = DIRECTION('',(1.,0.));
#2223 = ( GEOMETRIC_REPRESENTATION_CONTEXT(2) 
PARAMETRIC_REPRESENTATION_CONTEXT() REPRESENTATION_CONTEXT('2D SPACE',''
  ) );
#2224 = ORIENTED_EDGE('',*,*,#1828,.F.);
#2225 = ADVANCED_FACE('',(#2226),#497,.T.);
#2226 = FACE_BOUND('',#2227,.T.);
#2227 = EDGE_LOOP('',(#2228,#2251,#2252,#2275));
#2228 = ORIENTED_EDGE('',*,*,#2229,.F.);
#2229 = EDGE_CURVE('',#480,#2230,#2232,.T.);
#2230 = VERTEX_POINT('',#2231);
#2231 = CARTESIAN_POINT('',(2.7,15.7,2.));
#2232 = SURFACE_CURVE('',#2233,(#2237,#2244),.PCURVE_S1.);
#2233 = LINE('',#2234,#2235);
#2234 = CARTESIAN_POINT('',(2.7,15.7,-0.1));
#2235 = VECTOR('',#2236,1.);
#2236 = DIRECTION('',(0.,0.,1.));
#2237 = PCURVE('',#497,#2238);
#2238 = DEFINITIONAL_REPRESENTATION('',(#2239),#2243);
#2239 = LINE('',#2240,#2241);
#2240 = CARTESIAN_POINT('',(0.,2.2));
#2241 = VECTOR('',#2242,1.);
#2242 = DIRECTION('',(1.,0.));
#2243 = ( GEOMETRIC_REPRESENTATION_CONTEXT(2) 
PARAMETRIC_REPRESENTATION_CONTEXT() REPRESENTATION_CONTEXT('2D SPACE',''
  ) );
#2244 = PCURVE('',#579,#2245);
#2245 = DEFINITIONAL_REPRESENTATION('',(#2246),#2250);
#2246 = LINE('',#2247,#2248);
#2247 = CARTESIAN_POINT('',(0.,0.));
#2248 = VECTOR('',#2249,1.);
#2249 = DIRECTION('',(1.,0.));
#2250 = ( GEOMETRIC_REPRESENTATION_CONTEXT(2) 
PARAMETRIC_REPRESENTATION_CONTEXT() REPRESENTATION_CONTEXT('2D SPACE',''
  ) );
#2251 = ORIENTED_EDGE('',*,*,#479,.T.);
#2252 = ORIENTED_EDGE('',*,*,#2253,.T.);
#2253 = EDGE_CURVE('',#482,#2254,#2256,.T.);
#2254 = VERTEX_POINT('',#2255);
#2255 = CARTESIAN_POINT('',(0.5,15.7,2.));
#2256 = SURFACE_CURVE('',#2257,(#2261,#2268),.PCURVE_S1.);
#2257 = LINE('',#2258,#2259);
#2258 = CARTESIAN_POINT('',(0.5,15.7,-0.1));
#2259 = VECTOR('',#2260,1.);
#2260 = DIRECTION('',(0.,0.,1.));
#2261 = PCURVE('',#497,#2262);
#2262 = DEFINITIONAL_REPRESENTATION('',(#2263),#2267);
#2263 = LINE('',#2264,#2265);
#2264 = CARTESIAN_POINT('',(0.,0.));
#2265 = VECTOR('',#2266,1.);
#2266 = DIRECTION('',(1.,0.));
#2267 = ( GEOMETRIC_REPRESENTATION_CONTEXT(2) 
PARAMETRIC_REPRESENTATION_CONTEXT() REPRESENTATION_CONTEXT('2D SPACE',''
  ) );
#2268 = PCURVE('',#525,#2269);
#2269 = DEFINITIONAL_REPRESENTATION('',(#2270),#2274);
#2270 = LINE('',#2271,#2272);
#2271 = CARTESIAN_POINT('',(0.,0.));
#2272 = VECTOR('',#2273,1.);
#2273 = DIRECTION('',(1.,0.));
#2274 = ( GEOMETRIC_REPRESENTATION_CONTEXT(2) 
PARAMETRIC_REPRESENTATION_CONTEXT() REPRESENTATION_CONTEXT('2D SPACE',''
  ) );
#2275 = ORIENTED_EDGE('',*,*,#2276,.T.);
#2276 = EDGE_CURVE('',#2254,#2230,#2277,.T.);
#2277 = SURFACE_CURVE('',#2278,(#2282,#2289),.PCURVE_S1.);
#2278 = LINE('',#2279,#2280);
#2279 = CARTESIAN_POINT('',(0.5,15.7,2.));
#2280 = VECTOR('',#2281,1.);
#2281 = DIRECTION('',(1.,0.,0.));
#2282 = PCURVE('',#497,#2283);
#2283 = DEFINITIONAL_REPRESENTATION('',(#2284),#2288);
#2284 = LINE('',#2285,#2286);
#2285 = CARTESIAN_POINT('',(2.1,0.));
#2286 = VECTOR('',#2287,1.);
#2287 = DIRECTION('',(0.,1.));
#2288 = ( GEOMETRIC_REPRESENTATION_CONTEXT(2) 
PARAMETRIC_REPRESENTATION_CONTEXT() REPRESENTATION_CONTEXT('2D SPACE',''
  ) );
#2289 = PCURVE('',#2290,#2295);
#2290 = PLANE('',#2291);
#2291 = AXIS2_PLACEMENT_3D('',#2292,#2293,#2294);
#2292 = CARTESIAN_POINT('',(0.5,15.7,2.));
#2293 = DIRECTION('',(0.,0.,1.));
#2294 = DIRECTION('',(1.,0.,0.));
#2295 = DEFINITIONAL_REPRESENTATION('',(#2296),#2300);
#2296 = LINE('',#2297,#2298);
#2297 = CARTESIAN_POINT('',(0.,0.));
#2298 = VECTOR('',#2299,1.);
#2299 = DIRECTION('',(1.,0.));
#2300 = ( GEOMETRIC_REPRESENTATION_CONTEXT(2) 
PARAMETRIC_REPRESENTATION_CONTEXT() REPRESENTATION_CONTEXT('2D SPACE',''
  ) );
#2301 = ADVANCED_FACE('',(#2302),#579,.F.);
#2302 = FACE_BOUND('',#2303,.F.);
#2303 = EDGE_LOOP('',(#2304,#2305,#2306,#2329));
#2304 = ORIENTED_EDGE('',*,*,#2229,.F.);
#2305 = ORIENTED_EDGE('',*,*,#565,.T.);
#2306 = ORIENTED_EDGE('',*,*,#2307,.T.);
#2307 = EDGE_CURVE('',#538,#2308,#2310,.T.);
#2308 = VERTEX_POINT('',#2309);
#2309 = CARTESIAN_POINT('',(2.7,21.3,2.));
#2310 = SURFACE_CURVE('',#2311,(#2315,#2322),.PCURVE_S1.);
#2311 = LINE('',#2312,#2313);
#2312 = CARTESIAN_POINT('',(2.7,21.3,-0.1));
#2313 = VECTOR('',#2314,1.);
#2314 = DIRECTION('',(0.,0.,1.));
#2315 = PCURVE('',#579,#2316);
#2316 = DEFINITIONAL_REPRESENTATION('',(#2317),#2321);
#2317 = LINE('',#2318,#2319);
#2318 = CARTESIAN_POINT('',(0.,-5.6));
#2319 = VECTOR('',#2320,1.);
#2320 = DIRECTION('',(1.,0.));
#2321 = ( GEOMETRIC_REPRESENTATION_CONTEXT(2) 
PARAMETRIC_REPRESENTATION_CONTEXT() REPRESENTATION_CONTEXT('2D SPACE',''
  ) );
#2322 = PCURVE('',#553,#2323);
#2323 = DEFINITIONAL_REPRESENTATION('',(#2324),#2328);
#2324 = LINE('',#2325,#2326);
#2325 = CARTESIAN_POINT('',(0.,2.2));
#2326 = VECTOR('',#2327,1.);
#2327 = DIRECTION('',(1.,0.));
#2328 = ( GEOMETRIC_REPRESENTATION_CONTEXT(2) 
PARAMETRIC_REPRESENTATION_CONTEXT() REPRESENTATION_CONTEXT('2D SPACE',''
  ) );
#2329 = ORIENTED_EDGE('',*,*,#2330,.F.);
#2330 = EDGE_CURVE('',#2230,#2308,#2331,.T.);
#2331 = SURFACE_CURVE('',#2332,(#2336,#2343),.PCURVE_S1.);
#2332 = LINE('',#2333,#2334);
#2333 = CARTESIAN_POINT('',(2.7,15.7,2.));
#2334 = VECTOR('',#2335,1.);
#2335 = DIRECTION('',(0.,1.,0.));
#2336 = PCURVE('',#579,#2337);
#2337 = DEFINITIONAL_REPRESENTATION('',(#2338),#2342);
#2338 = LINE('',#2339,#2340);
#2339 = CARTESIAN_POINT('',(2.1,0.));
#2340 = VECTOR('',#2341,1.);
#2341 = DIRECTION('',(0.,-1.));
#2342 = ( GEOMETRIC_REPRESENTATION_CONTEXT(2) 
PARAMETRIC_REPRESENTATION_CONTEXT() REPRESENTATION_CONTEXT('2D SPACE',''
  ) );
#2343 = PCURVE('',#2290,#2344);
#2344 = DEFINITIONAL_REPRESENTATION('',(#2345),#2349);
#2345 = LINE('',#2346,#2347);
#2346 = CARTESIAN_POINT('',(2.2,0.));
#2347 = VECTOR('',#2348,1.);
#2348 = DIRECTION('',(0.,1.));
#2349 = ( GEOMETRIC_REPRESENTATION_CONTEXT(2) 
PARAMETRIC_REPRESENTATION_CONTEXT() REPRESENTATION_CONTEXT('2D SPACE',''
  ) );
#2350 = ADVANCED_FACE('',(#2351),#525,.T.);
#2351 = FACE_BOUND('',#2352,.T.);
#2352 = EDGE_LOOP('',(#2353,#2354,#2355,#2378));
#2353 = ORIENTED_EDGE('',*,*,#2253,.F.);
#2354 = ORIENTED_EDGE('',*,*,#509,.T.);
#2355 = ORIENTED_EDGE('',*,*,#2356,.T.);
#2356 = EDGE_CURVE('',#510,#2357,#2359,.T.);
#2357 = VERTEX_POINT('',#2358);
#2358 = CARTESIAN_POINT('',(0.5,21.3,2.));
#2359 = SURFACE_CURVE('',#2360,(#2364,#2371),.PCURVE_S1.);
#2360 = LINE('',#2361,#2362);
#2361 = CARTESIAN_POINT('',(0.5,21.3,-0.1));
#2362 = VECTOR('',#2363,1.);
#2363 = DIRECTION('',(0.,0.,1.));
#2364 = PCURVE('',#525,#2365);
#2365 = DEFINITIONAL_REPRESENTATION('',(#2366),#2370);
#2366 = LINE('',#2367,#2368);
#2367 = CARTESIAN_POINT('',(0.,-5.6));
#2368 = VECTOR('',#2369,1.);
#2369 = DIRECTION('',(1.,0.));
#2370 = ( GEOMETRIC_REPRESENTATION_CONTEXT(2) 
PARAMETRIC_REPRESENTATION_CONTEXT() REPRESENTATION_CONTEXT('2D SPACE',''
  ) );
#2371 = PCURVE('',#553,#2372);
#2372 = DEFINITIONAL_REPRESENTATION('',(#2373),#2377);
#2373 = LINE('',#2374,#2375);
#2374 = CARTESIAN_POINT('',(0.,0.));
#2375 = VECTOR('',#2376,1.);
#2376 = DIRECTION('',(1.,0.));
#2377 = ( GEOMETRIC_REPRESENTATION_CONTEXT(2) 
PARAMETRIC_REPRESENTATION_CONTEXT() REPRESENTATION_CONTEXT('2D SPACE',''
  ) );
#2378 = ORIENTED_EDGE('',*,*,#2379,.F.);
#2379 = EDGE_CURVE('',#2254,#2357,#2380,.T.);
#2380 = SURFACE_CURVE('',#2381,(#2385,#2392),.PCURVE_S1.);
#2381 = LINE('',#2382,#2383);
#2382 = CARTESIAN_POINT('',(0.5,15.7,2.));
#2383 = VECTOR('',#2384,1.);
#2384 = DIRECTION('',(0.,1.,0.));
#2385 = PCURVE('',#525,#2386);
#2386 = DEFINITIONAL_REPRESENTATION('',(#2387),#2391);
#2387 = LINE('',#2388,#2389);
#2388 = CARTESIAN_POINT('',(2.1,0.));
#2389 = VECTOR('',#2390,1.);
#2390 = DIRECTION('',(0.,-1.));
#2391 = ( GEOMETRIC_REPRESENTATION_CONTEXT(2) 
PARAMETRIC_REPRESENTATION_CONTEXT() REPRESENTATION_CONTEXT('2D SPACE',''
  ) );
#2392 = PCURVE('',#2290,#2393);
#2393 = DEFINITIONAL_REPRESENTATION('',(#2394),#2398);
#2394 = LINE('',#2395,#2396);
#2395 = CARTESIAN_POINT('',(0.,0.));
#2396 = VECTOR('',#2397,1.);
#2397 = DIRECTION('',(0.,1.));
#2398 = ( GEOMETRIC_REPRESENTATION_CONTEXT(2) 
PARAMETRIC_REPRESENTATION_CONTEXT() REPRESENTATION_CONTEXT('2D SPACE',''
  ) );
#2399 = ADVANCED_FACE('',(#2400),#553,.F.);
#2400 = FACE_BOUND('',#2401,.F.);
#2401 = EDGE_LOOP('',(#2402,#2403,#2404,#2405));
#2402 = ORIENTED_EDGE('',*,*,#2307,.F.);
#2403 = ORIENTED_EDGE('',*,*,#537,.T.);
#2404 = ORIENTED_EDGE('',*,*,#2356,.T.);
#2405 = ORIENTED_EDGE('',*,*,#2406,.T.);
#2406 = EDGE_CURVE('',#2357,#2308,#2407,.T.);
#2407 = SURFACE_CURVE('',#2408,(#2412,#2419),.PCURVE_S1.);
#2408 = LINE('',#2409,#2410);
#2409 = CARTESIAN_POINT('',(0.5,21.3,2.));
#2410 = VECTOR('',#2411,1.);
#2411 = DIRECTION('',(1.,0.,0.));
#2412 = PCURVE('',#553,#2413);
#2413 = DEFINITIONAL_REPRESENTATION('',(#2414),#2418);
#2414 = LINE('',#2415,#2416);
#2415 = CARTESIAN_POINT('',(2.1,0.));
#2416 = VECTOR('',#2417,1.);
#2417 = DIRECTION('',(0.,1.));
#2418 = ( GEOMETRIC_REPRESENTATION_CONTEXT(2) 
PARAMETRIC_REPRESENTATION_CONTEXT() REPRESENTATION_CONTEXT('2D SPACE',''
  ) );
#2419 = PCURVE('',#2290,#2420);
#2420 = DEFINITIONAL_REPRESENTATION('',(#2421),#2425);
#2421 = LINE('',#2422,#2423);
#2422 = CARTESIAN_POINT('',(0.,5.6));
#2423 = VECTOR('',#2424,1.);
#2424 = DIRECTION('',(1.,0.));
#2425 = ( GEOMETRIC_REPRESENTATION_CONTEXT(2) 
PARAMETRIC_REPRESENTATION_CONTEXT() REPRESENTATION_CONTEXT('2D SPACE',''
  ) );
#2426 = ADVANCED_FACE('',(#2427),#611,.T.);
#2427 = FACE_BOUND('',#2428,.T.);
#2428 = EDGE_LOOP('',(#2429,#2430,#2451,#2452));
#2429 = ORIENTED_EDGE('',*,*,#1349,.F.);
#2430 = ORIENTED_EDGE('',*,*,#2431,.T.);
#2431 = EDGE_CURVE('',#1350,#594,#2432,.T.);
#2432 = SURFACE_CURVE('',#2433,(#2437,#2444),.PCURVE_S1.);
#2433 = LINE('',#2434,#2435);
#2434 = CARTESIAN_POINT('',(6.,6.,0.));
#2435 = VECTOR('',#2436,1.);
#2436 = DIRECTION('',(0.,0.,-1.));
#2437 = PCURVE('',#611,#2438);
#2438 = DEFINITIONAL_REPRESENTATION('',(#2439),#2443);
#2439 = LINE('',#2440,#2441);
#2440 = CARTESIAN_POINT('',(0.,-6.));
#2441 = VECTOR('',#2442,1.);
#2442 = DIRECTION('',(-1.,0.));
#2443 = ( GEOMETRIC_REPRESENTATION_CONTEXT(2) 
PARAMETRIC_REPRESENTATION_CONTEXT() REPRESENTATION_CONTEXT('2D SPACE',''
  ) );
#2444 = PCURVE('',#805,#2445);
#2445 = DEFINITIONAL_REPRESENTATION('',(#2446),#2450);
#2446 = LINE('',#2447,#2448);
#2447 = CARTESIAN_POINT('',(0.,6.));
#2448 = VECTOR('',#2449,1.);
#2449 = DIRECTION('',(-1.,0.));
#2450 = ( GEOMETRIC_REPRESENTATION_CONTEXT(2) 
PARAMETRIC_REPRESENTATION_CONTEXT() REPRESENTATION_CONTEXT('2D SPACE',''
  ) );
#2451 = ORIENTED_EDGE('',*,*,#593,.T.);
#2452 = ORIENTED_EDGE('',*,*,#2453,.F.);
#2453 = EDGE_CURVE('',#1352,#596,#2454,.T.);
#2454 = SURFACE_CURVE('',#2455,(#2459,#2466),.PCURVE_S1.);
#2455 = LINE('',#2456,#2457);
#2456 = CARTESIAN_POINT('',(6.,89.,0.));
#2457 = VECTOR('',#2458,1.);
#2458 = DIRECTION('',(0.,0.,-1.));
#2459 = PCURVE('',#611,#2460);
#2460 = DEFINITIONAL_REPRESENTATION('',(#2461),#2465);
#2461 = LINE('',#2462,#2463);
#2462 = CARTESIAN_POINT('',(0.,-89.));
#2463 = VECTOR('',#2464,1.);
#2464 = DIRECTION('',(-1.,0.));
#2465 = ( GEOMETRIC_REPRESENTATION_CONTEXT(2) 
PARAMETRIC_REPRESENTATION_CONTEXT() REPRESENTATION_CONTEXT('2D SPACE',''
  ) );
#2466 = PCURVE('',#639,#2467);
#2467 = DEFINITIONAL_REPRESENTATION('',(#2468),#2472);
#2468 = LINE('',#2469,#2470);
#2469 = CARTESIAN_POINT('',(0.,6.));
#2470 = VECTOR('',#2471,1.);
#2471 = DIRECTION('',(-1.,0.));
#2472 = ( GEOMETRIC_REPRESENTATION_CONTEXT(2) 
PARAMETRIC_REPRESENTATION_CONTEXT() REPRESENTATION_CONTEXT('2D SPACE',''
  ) );
#2473 = ADVANCED_FACE('',(#2474),#805,.T.);
#2474 = FACE_BOUND('',#2475,.T.);
#2475 = EDGE_LOOP('',(#2476,#2477,#2478,#2479));
#2476 = ORIENTED_EDGE('',*,*,#791,.F.);
#2477 = ORIENTED_EDGE('',*,*,#2431,.F.);
#2478 = ORIENTED_EDGE('',*,*,#1517,.T.);
#2479 = ORIENTED_EDGE('',*,*,#2480,.T.);
#2480 = EDGE_CURVE('',#1495,#764,#2481,.T.);
#2481 = SURFACE_CURVE('',#2482,(#2486,#2493),.PCURVE_S1.);
#2482 = LINE('',#2483,#2484);
#2483 = CARTESIAN_POINT('',(31.,6.,0.));
#2484 = VECTOR('',#2485,1.);
#2485 = DIRECTION('',(0.,0.,-1.));
#2486 = PCURVE('',#805,#2487);
#2487 = DEFINITIONAL_REPRESENTATION('',(#2488),#2492);
#2488 = LINE('',#2489,#2490);
#2489 = CARTESIAN_POINT('',(0.,31.));
#2490 = VECTOR('',#2491,1.);
#2491 = DIRECTION('',(-1.,0.));
#2492 = ( GEOMETRIC_REPRESENTATION_CONTEXT(2) 
PARAMETRIC_REPRESENTATION_CONTEXT() REPRESENTATION_CONTEXT('2D SPACE',''
  ) );
#2493 = PCURVE('',#779,#2494);
#2494 = DEFINITIONAL_REPRESENTATION('',(#2495),#2499);
#2495 = LINE('',#2496,#2497);
#2496 = CARTESIAN_POINT('',(0.,-0.5));
#2497 = VECTOR('',#2498,1.);
#2498 = DIRECTION('',(-1.,0.));
#2499 = ( GEOMETRIC_REPRESENTATION_CONTEXT(2) 
PARAMETRIC_REPRESENTATION_CONTEXT() REPRESENTATION_CONTEXT('2D SPACE',''
  ) );
#2500 = ADVANCED_FACE('',(#2501),#639,.F.);
#2501 = FACE_BOUND('',#2502,.F.);
#2502 = EDGE_LOOP('',(#2503,#2504,#2505,#2506));
#2503 = ORIENTED_EDGE('',*,*,#623,.F.);
#2504 = ORIENTED_EDGE('',*,*,#2453,.F.);
#2505 = ORIENTED_EDGE('',*,*,#1374,.T.);
#2506 = ORIENTED_EDGE('',*,*,#2507,.T.);
#2507 = EDGE_CURVE('',#1375,#624,#2508,.T.);
#2508 = SURFACE_CURVE('',#2509,(#2513,#2520),.PCURVE_S1.);
#2509 = LINE('',#2510,#2511);
#2510 = CARTESIAN_POINT('',(31.,89.,0.));
#2511 = VECTOR('',#2512,1.);
#2512 = DIRECTION('',(0.,0.,-1.));
#2513 = PCURVE('',#639,#2514);
#2514 = DEFINITIONAL_REPRESENTATION('',(#2515),#2519);
#2515 = LINE('',#2516,#2517);
#2516 = CARTESIAN_POINT('',(0.,31.));
#2517 = VECTOR('',#2518,1.);
#2518 = DIRECTION('',(-1.,0.));
#2519 = ( GEOMETRIC_REPRESENTATION_CONTEXT(2) 
PARAMETRIC_REPRESENTATION_CONTEXT() REPRESENTATION_CONTEXT('2D SPACE',''
  ) );
#2520 = PCURVE('',#667,#2521);
#2521 = DEFINITIONAL_REPRESENTATION('',(#2522),#2526);
#2522 = LINE('',#2523,#2524);
#2523 = CARTESIAN_POINT('',(0.,-83.5));
#2524 = VECTOR('',#2525,1.);
#2525 = DIRECTION('',(-1.,0.));
#2526 = ( GEOMETRIC_REPRESENTATION_CONTEXT(2) 
PARAMETRIC_REPRESENTATION_CONTEXT() REPRESENTATION_CONTEXT('2D SPACE',''
  ) );
#2527 = ADVANCED_FACE('',(#2528),#779,.F.);
#2528 = FACE_BOUND('',#2529,.F.);
#2529 = EDGE_LOOP('',(#2530,#2531,#2532,#2533));
#2530 = ORIENTED_EDGE('',*,*,#1494,.F.);
#2531 = ORIENTED_EDGE('',*,*,#2480,.T.);
#2532 = ORIENTED_EDGE('',*,*,#763,.T.);
#2533 = ORIENTED_EDGE('',*,*,#2534,.T.);
#2534 = EDGE_CURVE('',#736,#1472,#2535,.T.);
#2535 = SURFACE_CURVE('',#2536,(#2540,#2547),.PCURVE_S1.);
#2536 = LINE('',#2537,#2538);
#2537 = CARTESIAN_POINT('',(31.,12.,0.));
#2538 = VECTOR('',#2539,1.);
#2539 = DIRECTION('',(0.,0.,1.));
#2540 = PCURVE('',#779,#2541);
#2541 = DEFINITIONAL_REPRESENTATION('',(#2542),#2546);
#2542 = LINE('',#2543,#2544);
#2543 = CARTESIAN_POINT('',(0.,-6.5));
#2544 = VECTOR('',#2545,1.);
#2545 = DIRECTION('',(1.,0.));
#2546 = ( GEOMETRIC_REPRESENTATION_CONTEXT(2) 
PARAMETRIC_REPRESENTATION_CONTEXT() REPRESENTATION_CONTEXT('2D SPACE',''
  ) );
#2547 = PCURVE('',#751,#2548);
#2548 = DEFINITIONAL_REPRESENTATION('',(#2549),#2553);
#2549 = LINE('',#2550,#2551);
#2550 = CARTESIAN_POINT('',(0.,3.9));
#2551 = VECTOR('',#2552,1.);
#2552 = DIRECTION('',(1.,0.));
#2553 = ( GEOMETRIC_REPRESENTATION_CONTEXT(2) 
PARAMETRIC_REPRESENTATION_CONTEXT() REPRESENTATION_CONTEXT('2D SPACE',''
  ) );
#2554 = ADVANCED_FACE('',(#2555),#667,.F.);
#2555 = FACE_BOUND('',#2556,.F.);
#2556 = EDGE_LOOP('',(#2557,#2558,#2579,#2580));
#2557 = ORIENTED_EDGE('',*,*,#1397,.F.);
#2558 = ORIENTED_EDGE('',*,*,#2559,.F.);
#2559 = EDGE_CURVE('',#652,#1398,#2560,.T.);
#2560 = SURFACE_CURVE('',#2561,(#2565,#2572),.PCURVE_S1.);
#2561 = LINE('',#2562,#2563);
#2562 = CARTESIAN_POINT('',(31.,30.,0.));
#2563 = VECTOR('',#2564,1.);
#2564 = DIRECTION('',(0.,0.,1.));
#2565 = PCURVE('',#667,#2566);
#2566 = DEFINITIONAL_REPRESENTATION('',(#2567),#2571);
#2567 = LINE('',#2568,#2569);
#2568 = CARTESIAN_POINT('',(0.,-24.5));
#2569 = VECTOR('',#2570,1.);
#2570 = DIRECTION('',(1.,0.));
#2571 = ( GEOMETRIC_REPRESENTATION_CONTEXT(2) 
PARAMETRIC_REPRESENTATION_CONTEXT() REPRESENTATION_CONTEXT('2D SPACE',''
  ) );
#2572 = PCURVE('',#695,#2573);
#2573 = DEFINITIONAL_REPRESENTATION('',(#2574),#2578);
#2574 = LINE('',#2575,#2576);
#2575 = CARTESIAN_POINT('',(0.,3.9));
#2576 = VECTOR('',#2577,1.);
#2577 = DIRECTION('',(1.,0.));
#2578 = ( GEOMETRIC_REPRESENTATION_CONTEXT(2) 
PARAMETRIC_REPRESENTATION_CONTEXT() REPRESENTATION_CONTEXT('2D SPACE',''
  ) );
#2579 = ORIENTED_EDGE('',*,*,#651,.T.);
#2580 = ORIENTED_EDGE('',*,*,#2507,.F.);
#2581 = ADVANCED_FACE('',(#2582),#751,.F.);
#2582 = FACE_BOUND('',#2583,.F.);
#2583 = EDGE_LOOP('',(#2584,#2585,#2586,#2609,#2637,#2658));
#2584 = ORIENTED_EDGE('',*,*,#2534,.F.);
#2585 = ORIENTED_EDGE('',*,*,#735,.F.);
#2586 = ORIENTED_EDGE('',*,*,#2587,.F.);
#2587 = EDGE_CURVE('',#2588,#708,#2590,.T.);
#2588 = VERTEX_POINT('',#2589);
#2589 = CARTESIAN_POINT('',(27.1,12.,8.));
#2590 = SURFACE_CURVE('',#2591,(#2595,#2602),.PCURVE_S1.);
#2591 = LINE('',#2592,#2593);
#2592 = CARTESIAN_POINT('',(27.1,12.,8.));
#2593 = VECTOR('',#2594,1.);
#2594 = DIRECTION('',(0.,0.,-1.));
#2595 = PCURVE('',#751,#2596);
#2596 = DEFINITIONAL_REPRESENTATION('',(#2597),#2601);
#2597 = LINE('',#2598,#2599);
#2598 = CARTESIAN_POINT('',(8.,0.));
#2599 = VECTOR('',#2600,1.);
#2600 = DIRECTION('',(-1.,0.));
#2601 = ( GEOMETRIC_REPRESENTATION_CONTEXT(2) 
PARAMETRIC_REPRESENTATION_CONTEXT() REPRESENTATION_CONTEXT('2D SPACE',''
  ) );
#2602 = PCURVE('',#723,#2603);
#2603 = DEFINITIONAL_REPRESENTATION('',(#2604),#2608);
#2604 = LINE('',#2605,#2606);
#2605 = CARTESIAN_POINT('',(8.,0.));
#2606 = VECTOR('',#2607,1.);
#2607 = DIRECTION('',(-1.,0.));
#2608 = ( GEOMETRIC_REPRESENTATION_CONTEXT(2) 
PARAMETRIC_REPRESENTATION_CONTEXT() REPRESENTATION_CONTEXT('2D SPACE',''
  ) );
#2609 = ORIENTED_EDGE('',*,*,#2610,.T.);
#2610 = EDGE_CURVE('',#2588,#2611,#2613,.T.);
#2611 = VERTEX_POINT('',#2612);
#2612 = CARTESIAN_POINT('',(29.5,12.,8.));
#2613 = SURFACE_CURVE('',#2614,(#2618,#2625),.PCURVE_S1.);
#2614 = LINE('',#2615,#2616);
#2615 = CARTESIAN_POINT('',(27.1,12.,8.));
#2616 = VECTOR('',#2617,1.);
#2617 = DIRECTION('',(1.,0.,0.));
#2618 = PCURVE('',#751,#2619);
#2619 = DEFINITIONAL_REPRESENTATION('',(#2620),#2624);
#2620 = LINE('',#2621,#2622);
#2621 = CARTESIAN_POINT('',(8.,0.));
#2622 = VECTOR('',#2623,1.);
#2623 = DIRECTION('',(0.,1.));
#2624 = ( GEOMETRIC_REPRESENTATION_CONTEXT(2) 
PARAMETRIC_REPRESENTATION_CONTEXT() REPRESENTATION_CONTEXT('2D SPACE',''
  ) );
#2625 = PCURVE('',#2626,#2631);
#2626 = PLANE('',#2627);
#2627 = AXIS2_PLACEMENT_3D('',#2628,#2629,#2630);
#2628 = CARTESIAN_POINT('',(27.1,12.,8.));
#2629 = DIRECTION('',(0.,0.,1.));
#2630 = DIRECTION('',(1.,0.,0.));
#2631 = DEFINITIONAL_REPRESENTATION('',(#2632),#2636);
#2632 = LINE('',#2633,#2634);
#2633 = CARTESIAN_POINT('',(0.,0.));
#2634 = VECTOR('',#2635,1.);
#2635 = DIRECTION('',(1.,0.));
#2636 = ( GEOMETRIC_REPRESENTATION_CONTEXT(2) 
PARAMETRIC_REPRESENTATION_CONTEXT() REPRESENTATION_CONTEXT('2D SPACE',''
  ) );
#2637 = ORIENTED_EDGE('',*,*,#2638,.F.);
#2638 = EDGE_CURVE('',#1444,#2611,#2639,.T.);
#2639 = SURFACE_CURVE('',#2640,(#2644,#2651),.PCURVE_S1.);
#2640 = LINE('',#2641,#2642);
#2641 = CARTESIAN_POINT('',(29.5,12.,2.5));
#2642 = VECTOR('',#2643,1.);
#2643 = DIRECTION('',(0.,0.,1.));
#2644 = PCURVE('',#751,#2645);
#2645 = DEFINITIONAL_REPRESENTATION('',(#2646),#2650);
#2646 = LINE('',#2647,#2648);
#2647 = CARTESIAN_POINT('',(2.5,2.4));
#2648 = VECTOR('',#2649,1.);
#2649 = DIRECTION('',(1.,0.));
#2650 = ( GEOMETRIC_REPRESENTATION_CONTEXT(2) 
PARAMETRIC_REPRESENTATION_CONTEXT() REPRESENTATION_CONTEXT('2D SPACE',''
  ) );
#2651 = PCURVE('',#1459,#2652);
#2652 = DEFINITIONAL_REPRESENTATION('',(#2653),#2657);
#2653 = LINE('',#2654,#2655);
#2654 = CARTESIAN_POINT('',(0.,0.));
#2655 = VECTOR('',#2656,1.);
#2656 = DIRECTION('',(1.,0.));
#2657 = ( GEOMETRIC_REPRESENTATION_CONTEXT(2) 
PARAMETRIC_REPRESENTATION_CONTEXT() REPRESENTATION_CONTEXT('2D SPACE',''
  ) );
#2658 = ORIENTED_EDGE('',*,*,#1471,.T.);
#2659 = ADVANCED_FACE('',(#2660),#695,.T.);
#2660 = FACE_BOUND('',#2661,.T.);
#2661 = EDGE_LOOP('',(#2662,#2663,#2664,#2687,#2710,#2731));
#2662 = ORIENTED_EDGE('',*,*,#2559,.F.);
#2663 = ORIENTED_EDGE('',*,*,#679,.F.);
#2664 = ORIENTED_EDGE('',*,*,#2665,.F.);
#2665 = EDGE_CURVE('',#2666,#680,#2668,.T.);
#2666 = VERTEX_POINT('',#2667);
#2667 = CARTESIAN_POINT('',(27.1,30.,8.));
#2668 = SURFACE_CURVE('',#2669,(#2673,#2680),.PCURVE_S1.);
#2669 = LINE('',#2670,#2671);
#2670 = CARTESIAN_POINT('',(27.1,30.,8.));
#2671 = VECTOR('',#2672,1.);
#2672 = DIRECTION('',(0.,0.,-1.));
#2673 = PCURVE('',#695,#2674);
#2674 = DEFINITIONAL_REPRESENTATION('',(#2675),#2679);
#2675 = LINE('',#2676,#2677);
#2676 = CARTESIAN_POINT('',(8.,0.));
#2677 = VECTOR('',#2678,1.);
#2678 = DIRECTION('',(-1.,0.));
#2679 = ( GEOMETRIC_REPRESENTATION_CONTEXT(2) 
PARAMETRIC_REPRESENTATION_CONTEXT() REPRESENTATION_CONTEXT('2D SPACE',''
  ) );
#2680 = PCURVE('',#723,#2681);
#2681 = DEFINITIONAL_REPRESENTATION('',(#2682),#2686);
#2682 = LINE('',#2683,#2684);
#2683 = CARTESIAN_POINT('',(8.,-18.));
#2684 = VECTOR('',#2685,1.);
#2685 = DIRECTION('',(-1.,0.));
#2686 = ( GEOMETRIC_REPRESENTATION_CONTEXT(2) 
PARAMETRIC_REPRESENTATION_CONTEXT() REPRESENTATION_CONTEXT('2D SPACE',''
  ) );
#2687 = ORIENTED_EDGE('',*,*,#2688,.T.);
#2688 = EDGE_CURVE('',#2666,#2689,#2691,.T.);
#2689 = VERTEX_POINT('',#2690);
#2690 = CARTESIAN_POINT('',(29.5,30.,8.));
#2691 = SURFACE_CURVE('',#2692,(#2696,#2703),.PCURVE_S1.);
#2692 = LINE('',#2693,#2694);
#2693 = CARTESIAN_POINT('',(27.1,30.,8.));
#2694 = VECTOR('',#2695,1.);
#2695 = DIRECTION('',(1.,0.,0.));
#2696 = PCURVE('',#695,#2697);
#2697 = DEFINITIONAL_REPRESENTATION('',(#2698),#2702);
#2698 = LINE('',#2699,#2700);
#2699 = CARTESIAN_POINT('',(8.,0.));
#2700 = VECTOR('',#2701,1.);
#2701 = DIRECTION('',(0.,1.));
#2702 = ( GEOMETRIC_REPRESENTATION_CONTEXT(2) 
PARAMETRIC_REPRESENTATION_CONTEXT() REPRESENTATION_CONTEXT('2D SPACE',''
  ) );
#2703 = PCURVE('',#2626,#2704);
#2704 = DEFINITIONAL_REPRESENTATION('',(#2705),#2709);
#2705 = LINE('',#2706,#2707);
#2706 = CARTESIAN_POINT('',(0.,18.));
#2707 = VECTOR('',#2708,1.);
#2708 = DIRECTION('',(1.,0.));
#2709 = ( GEOMETRIC_REPRESENTATION_CONTEXT(2) 
PARAMETRIC_REPRESENTATION_CONTEXT() REPRESENTATION_CONTEXT('2D SPACE',''
  ) );
#2710 = ORIENTED_EDGE('',*,*,#2711,.F.);
#2711 = EDGE_CURVE('',#1421,#2689,#2712,.T.);
#2712 = SURFACE_CURVE('',#2713,(#2717,#2724),.PCURVE_S1.);
#2713 = LINE('',#2714,#2715);
#2714 = CARTESIAN_POINT('',(29.5,30.,2.5));
#2715 = VECTOR('',#2716,1.);
#2716 = DIRECTION('',(0.,0.,1.));
#2717 = PCURVE('',#695,#2718);
#2718 = DEFINITIONAL_REPRESENTATION('',(#2719),#2723);
#2719 = LINE('',#2720,#2721);
#2720 = CARTESIAN_POINT('',(2.5,2.4));
#2721 = VECTOR('',#2722,1.);
#2722 = DIRECTION('',(1.,0.));
#2723 = ( GEOMETRIC_REPRESENTATION_CONTEXT(2) 
PARAMETRIC_REPRESENTATION_CONTEXT() REPRESENTATION_CONTEXT('2D SPACE',''
  ) );
#2724 = PCURVE('',#1459,#2725);
#2725 = DEFINITIONAL_REPRESENTATION('',(#2726),#2730);
#2726 = LINE('',#2727,#2728);
#2727 = CARTESIAN_POINT('',(0.,-18.));
#2728 = VECTOR('',#2729,1.);
#2729 = DIRECTION('',(1.,0.));
#2730 = ( GEOMETRIC_REPRESENTATION_CONTEXT(2) 
PARAMETRIC_REPRESENTATION_CONTEXT() REPRESENTATION_CONTEXT('2D SPACE',''
  ) );
#2731 = ORIENTED_EDGE('',*,*,#1420,.T.);
#2732 = ADVANCED_FACE('',(#2733),#723,.F.);
#2733 = FACE_BOUND('',#2734,.F.);
#2734 = EDGE_LOOP('',(#2735,#2736,#2737,#2758));
#2735 = ORIENTED_EDGE('',*,*,#707,.T.);
#2736 = ORIENTED_EDGE('',*,*,#2665,.F.);
#2737 = ORIENTED_EDGE('',*,*,#2738,.F.);
#2738 = EDGE_CURVE('',#2588,#2666,#2739,.T.);
#2739 = SURFACE_CURVE('',#2740,(#2744,#2751),.PCURVE_S1.);
#2740 = LINE('',#2741,#2742);
#2741 = CARTESIAN_POINT('',(27.1,12.,8.));
#2742 = VECTOR('',#2743,1.);
#2743 = DIRECTION('',(0.,1.,0.));
#2744 = PCURVE('',#723,#2745);
#2745 = DEFINITIONAL_REPRESENTATION('',(#2746),#2750);
#2746 = LINE('',#2747,#2748);
#2747 = CARTESIAN_POINT('',(8.,0.));
#2748 = VECTOR('',#2749,1.);
#2749 = DIRECTION('',(0.,-1.));
#2750 = ( GEOMETRIC_REPRESENTATION_CONTEXT(2) 
PARAMETRIC_REPRESENTATION_CONTEXT() REPRESENTATION_CONTEXT('2D SPACE',''
  ) );
#2751 = PCURVE('',#2626,#2752);
#2752 = DEFINITIONAL_REPRESENTATION('',(#2753),#2757);
#2753 = LINE('',#2754,#2755);
#2754 = CARTESIAN_POINT('',(0.,0.));
#2755 = VECTOR('',#2756,1.);
#2756 = DIRECTION('',(0.,1.));
#2757 = ( GEOMETRIC_REPRESENTATION_CONTEXT(2) 
PARAMETRIC_REPRESENTATION_CONTEXT() REPRESENTATION_CONTEXT('2D SPACE',''
  ) );
#2758 = ORIENTED_EDGE('',*,*,#2587,.T.);
#2759 = ADVANCED_FACE('',(#2760),#837,.T.);
#2760 = FACE_BOUND('',#2761,.T.);
#2761 = EDGE_LOOP('',(#2762,#2785,#2786,#2809));
#2762 = ORIENTED_EDGE('',*,*,#2763,.F.);
#2763 = EDGE_CURVE('',#820,#2764,#2766,.T.);
#2764 = VERTEX_POINT('',#2765);
#2765 = CARTESIAN_POINT('',(2.7,73.7,2.));
#2766 = SURFACE_CURVE('',#2767,(#2771,#2778),.PCURVE_S1.);
#2767 = LINE('',#2768,#2769);
#2768 = CARTESIAN_POINT('',(2.7,73.7,-0.1));
#2769 = VECTOR('',#2770,1.);
#2770 = DIRECTION('',(0.,0.,1.));
#2771 = PCURVE('',#837,#2772);
#2772 = DEFINITIONAL_REPRESENTATION('',(#2773),#2777);
#2773 = LINE('',#2774,#2775);
#2774 = CARTESIAN_POINT('',(0.,2.2));
#2775 = VECTOR('',#2776,1.);
#2776 = DIRECTION('',(1.,0.));
#2777 = ( GEOMETRIC_REPRESENTATION_CONTEXT(2) 
PARAMETRIC_REPRESENTATION_CONTEXT() REPRESENTATION_CONTEXT('2D SPACE',''
  ) );
#2778 = PCURVE('',#919,#2779);
#2779 = DEFINITIONAL_REPRESENTATION('',(#2780),#2784);
#2780 = LINE('',#2781,#2782);
#2781 = CARTESIAN_POINT('',(0.,0.));
#2782 = VECTOR('',#2783,1.);
#2783 = DIRECTION('',(1.,0.));
#2784 = ( GEOMETRIC_REPRESENTATION_CONTEXT(2) 
PARAMETRIC_REPRESENTATION_CONTEXT() REPRESENTATION_CONTEXT('2D SPACE',''
  ) );
#2785 = ORIENTED_EDGE('',*,*,#819,.T.);
#2786 = ORIENTED_EDGE('',*,*,#2787,.T.);
#2787 = EDGE_CURVE('',#822,#2788,#2790,.T.);
#2788 = VERTEX_POINT('',#2789);
#2789 = CARTESIAN_POINT('',(0.5,73.7,2.));
#2790 = SURFACE_CURVE('',#2791,(#2795,#2802),.PCURVE_S1.);
#2791 = LINE('',#2792,#2793);
#2792 = CARTESIAN_POINT('',(0.5,73.7,-0.1));
#2793 = VECTOR('',#2794,1.);
#2794 = DIRECTION('',(0.,0.,1.));
#2795 = PCURVE('',#837,#2796);
#2796 = DEFINITIONAL_REPRESENTATION('',(#2797),#2801);
#2797 = LINE('',#2798,#2799);
#2798 = CARTESIAN_POINT('',(0.,0.));
#2799 = VECTOR('',#2800,1.);
#2800 = DIRECTION('',(1.,0.));
#2801 = ( GEOMETRIC_REPRESENTATION_CONTEXT(2) 
PARAMETRIC_REPRESENTATION_CONTEXT() REPRESENTATION_CONTEXT('2D SPACE',''
  ) );
#2802 = PCURVE('',#865,#2803);
#2803 = DEFINITIONAL_REPRESENTATION('',(#2804),#2808);
#2804 = LINE('',#2805,#2806);
#2805 = CARTESIAN_POINT('',(0.,0.));
#2806 = VECTOR('',#2807,1.);
#2807 = DIRECTION('',(1.,0.));
#2808 = ( GEOMETRIC_REPRESENTATION_CONTEXT(2) 
PARAMETRIC_REPRESENTATION_CONTEXT() REPRESENTATION_CONTEXT('2D SPACE',''
  ) );
#2809 = ORIENTED_EDGE('',*,*,#2810,.T.);
#2810 = EDGE_CURVE('',#2788,#2764,#2811,.T.);
#2811 = SURFACE_CURVE('',#2812,(#2816,#2823),.PCURVE_S1.);
#2812 = LINE('',#2813,#2814);
#2813 = CARTESIAN_POINT('',(0.5,73.7,2.));
#2814 = VECTOR('',#2815,1.);
#2815 = DIRECTION('',(1.,0.,0.));
#2816 = PCURVE('',#837,#2817);
#2817 = DEFINITIONAL_REPRESENTATION('',(#2818),#2822);
#2818 = LINE('',#2819,#2820);
#2819 = CARTESIAN_POINT('',(2.1,0.));
#2820 = VECTOR('',#2821,1.);
#2821 = DIRECTION('',(0.,1.));
#2822 = ( GEOMETRIC_REPRESENTATION_CONTEXT(2) 
PARAMETRIC_REPRESENTATION_CONTEXT() REPRESENTATION_CONTEXT('2D SPACE',''
  ) );
#2823 = PCURVE('',#2824,#2829);
#2824 = PLANE('',#2825);
#2825 = AXIS2_PLACEMENT_3D('',#2826,#2827,#2828);
#2826 = CARTESIAN_POINT('',(0.5,73.7,2.));
#2827 = DIRECTION('',(0.,0.,1.));
#2828 = DIRECTION('',(1.,0.,0.));
#2829 = DEFINITIONAL_REPRESENTATION('',(#2830),#2834);
#2830 = LINE('',#2831,#2832);
#2831 = CARTESIAN_POINT('',(0.,0.));
#2832 = VECTOR('',#2833,1.);
#2833 = DIRECTION('',(1.,0.));
#2834 = ( GEOMETRIC_REPRESENTATION_CONTEXT(2) 
PARAMETRIC_REPRESENTATION_CONTEXT() REPRESENTATION_CONTEXT('2D SPACE',''
  ) );
#2835 = ADVANCED_FACE('',(#2836),#919,.F.);
#2836 = FACE_BOUND('',#2837,.F.);
#2837 = EDGE_LOOP('',(#2838,#2839,#2840,#2863));
#2838 = ORIENTED_EDGE('',*,*,#2763,.F.);
#2839 = ORIENTED_EDGE('',*,*,#905,.T.);
#2840 = ORIENTED_EDGE('',*,*,#2841,.T.);
#2841 = EDGE_CURVE('',#878,#2842,#2844,.T.);
#2842 = VERTEX_POINT('',#2843);
#2843 = CARTESIAN_POINT('',(2.7,79.3,2.));
#2844 = SURFACE_CURVE('',#2845,(#2849,#2856),.PCURVE_S1.);
#2845 = LINE('',#2846,#2847);
#2846 = CARTESIAN_POINT('',(2.7,79.3,-0.1));
#2847 = VECTOR('',#2848,1.);
#2848 = DIRECTION('',(0.,0.,1.));
#2849 = PCURVE('',#919,#2850);
#2850 = DEFINITIONAL_REPRESENTATION('',(#2851),#2855);
#2851 = LINE('',#2852,#2853);
#2852 = CARTESIAN_POINT('',(0.,-5.6));
#2853 = VECTOR('',#2854,1.);
#2854 = DIRECTION('',(1.,0.));
#2855 = ( GEOMETRIC_REPRESENTATION_CONTEXT(2) 
PARAMETRIC_REPRESENTATION_CONTEXT() REPRESENTATION_CONTEXT('2D SPACE',''
  ) );
#2856 = PCURVE('',#893,#2857);
#2857 = DEFINITIONAL_REPRESENTATION('',(#2858),#2862);
#2858 = LINE('',#2859,#2860);
#2859 = CARTESIAN_POINT('',(0.,2.2));
#2860 = VECTOR('',#2861,1.);
#2861 = DIRECTION('',(1.,0.));
#2862 = ( GEOMETRIC_REPRESENTATION_CONTEXT(2) 
PARAMETRIC_REPRESENTATION_CONTEXT() REPRESENTATION_CONTEXT('2D SPACE',''
  ) );
#2863 = ORIENTED_EDGE('',*,*,#2864,.F.);
#2864 = EDGE_CURVE('',#2764,#2842,#2865,.T.);
#2865 = SURFACE_CURVE('',#2866,(#2870,#2877),.PCURVE_S1.);
#2866 = LINE('',#2867,#2868);
#2867 = CARTESIAN_POINT('',(2.7,73.7,2.));
#2868 = VECTOR('',#2869,1.);
#2869 = DIRECTION('',(0.,1.,0.));
#2870 = PCURVE('',#919,#2871);
#2871 = DEFINITIONAL_REPRESENTATION('',(#2872),#2876);
#2872 = LINE('',#2873,#2874);
#2873 = CARTESIAN_POINT('',(2.1,0.));
#2874 = VECTOR('',#2875,1.);
#2875 = DIRECTION('',(0.,-1.));
#2876 = ( GEOMETRIC_REPRESENTATION_CONTEXT(2) 
PARAMETRIC_REPRESENTATION_CONTEXT() REPRESENTATION_CONTEXT('2D SPACE',''
  ) );
#2877 = PCURVE('',#2824,#2878);
#2878 = DEFINITIONAL_REPRESENTATION('',(#2879),#2883);
#2879 = LINE('',#2880,#2881);
#2880 = CARTESIAN_POINT('',(2.2,0.));
#2881 = VECTOR('',#2882,1.);
#2882 = DIRECTION('',(0.,1.));
#2883 = ( GEOMETRIC_REPRESENTATION_CONTEXT(2) 
PARAMETRIC_REPRESENTATION_CONTEXT() REPRESENTATION_CONTEXT('2D SPACE',''
  ) );
#2884 = ADVANCED_FACE('',(#2885),#865,.T.);
#2885 = FACE_BOUND('',#2886,.T.);
#2886 = EDGE_LOOP('',(#2887,#2888,#2889,#2912));
#2887 = ORIENTED_EDGE('',*,*,#2787,.F.);
#2888 = ORIENTED_EDGE('',*,*,#849,.T.);
#2889 = ORIENTED_EDGE('',*,*,#2890,.T.);
#2890 = EDGE_CURVE('',#850,#2891,#2893,.T.);
#2891 = VERTEX_POINT('',#2892);
#2892 = CARTESIAN_POINT('',(0.5,79.3,2.));
#2893 = SURFACE_CURVE('',#2894,(#2898,#2905),.PCURVE_S1.);
#2894 = LINE('',#2895,#2896);
#2895 = CARTESIAN_POINT('',(0.5,79.3,-0.1));
#2896 = VECTOR('',#2897,1.);
#2897 = DIRECTION('',(0.,0.,1.));
#2898 = PCURVE('',#865,#2899);
#2899 = DEFINITIONAL_REPRESENTATION('',(#2900),#2904);
#2900 = LINE('',#2901,#2902);
#2901 = CARTESIAN_POINT('',(0.,-5.6));
#2902 = VECTOR('',#2903,1.);
#2903 = DIRECTION('',(1.,0.));
#2904 = ( GEOMETRIC_REPRESENTATION_CONTEXT(2) 
PARAMETRIC_REPRESENTATION_CONTEXT() REPRESENTATION_CONTEXT('2D SPACE',''
  ) );
#2905 = PCURVE('',#893,#2906);
#2906 = DEFINITIONAL_REPRESENTATION('',(#2907),#2911);
#2907 = LINE('',#2908,#2909);
#2908 = CARTESIAN_POINT('',(0.,0.));
#2909 = VECTOR('',#2910,1.);
#2910 = DIRECTION('',(1.,0.));
#2911 = ( GEOMETRIC_REPRESENTATION_CONTEXT(2) 
PARAMETRIC_REPRESENTATION_CONTEXT() REPRESENTATION_CONTEXT('2D SPACE',''
  ) );
#2912 = ORIENTED_EDGE('',*,*,#2913,.F.);
#2913 = EDGE_CURVE('',#2788,#2891,#2914,.T.);
#2914 = SURFACE_CURVE('',#2915,(#2919,#2926),.PCURVE_S1.);
#2915 = LINE('',#2916,#2917);
#2916 = CARTESIAN_POINT('',(0.5,73.7,2.));
#2917 = VECTOR('',#2918,1.);
#2918 = DIRECTION('',(0.,1.,0.));
#2919 = PCURVE('',#865,#2920);
#2920 = DEFINITIONAL_REPRESENTATION('',(#2921),#2925);
#2921 = LINE('',#2922,#2923);
#2922 = CARTESIAN_POINT('',(2.1,0.));
#2923 = VECTOR('',#2924,1.);
#2924 = DIRECTION('',(0.,-1.));
#2925 = ( GEOMETRIC_REPRESENTATION_CONTEXT(2) 
PARAMETRIC_REPRESENTATION_CONTEXT() REPRESENTATION_CONTEXT('2D SPACE',''
  ) );
#2926 = PCURVE('',#2824,#2927);
#2927 = DEFINITIONAL_REPRESENTATION('',(#2928),#2932);
#2928 = LINE('',#2929,#2930);
#2929 = CARTESIAN_POINT('',(0.,0.));
#2930 = VECTOR('',#2931,1.);
#2931 = DIRECTION('',(0.,1.));
#2932 = ( GEOMETRIC_REPRESENTATION_CONTEXT(2) 
PARAMETRIC_REPRESENTATION_CONTEXT() REPRESENTATION_CONTEXT('2D SPACE',''
  ) );
#2933 = ADVANCED_FACE('',(#2934),#893,.F.);
#2934 = FACE_BOUND('',#2935,.F.);
#2935 = EDGE_LOOP('',(#2936,#2937,#2938,#2939));
#2936 = ORIENTED_EDGE('',*,*,#2841,.F.);
#2937 = ORIENTED_EDGE('',*,*,#877,.T.);
#2938 = ORIENTED_EDGE('',*,*,#2890,.T.);
#2939 = ORIENTED_EDGE('',*,*,#2940,.T.);
#2940 = EDGE_CURVE('',#2891,#2842,#2941,.T.);
#2941 = SURFACE_CURVE('',#2942,(#2946,#2953),.PCURVE_S1.);
#2942 = LINE('',#2943,#2944);
#2943 = CARTESIAN_POINT('',(0.5,79.3,2.));
#2944 = VECTOR('',#2945,1.);
#2945 = DIRECTION('',(1.,0.,0.));
#2946 = PCURVE('',#893,#2947);
#2947 = DEFINITIONAL_REPRESENTATION('',(#2948),#2952);
#2948 = LINE('',#2949,#2950);
#2949 = CARTESIAN_POINT('',(2.1,0.));
#2950 = VECTOR('',#2951,1.);
#2951 = DIRECTION('',(0.,1.));
#2952 = ( GEOMETRIC_REPRESENTATION_CONTEXT(2) 
PARAMETRIC_REPRESENTATION_CONTEXT() REPRESENTATION_CONTEXT('2D SPACE',''
  ) );
#2953 = PCURVE('',#2824,#2954);
#2954 = DEFINITIONAL_REPRESENTATION('',(#2955),#2959);
#2955 = LINE('',#2956,#2957);
#2956 = CARTESIAN_POINT('',(0.,5.6));
#2957 = VECTOR('',#2958,1.);
#2958 = DIRECTION('',(1.,0.));
#2959 = ( GEOMETRIC_REPRESENTATION_CONTEXT(2) 
PARAMETRIC_REPRESENTATION_CONTEXT() REPRESENTATION_CONTEXT('2D SPACE',''
  ) );
#2960 = ADVANCED_FACE('',(#2961),#951,.T.);
#2961 = FACE_BOUND('',#2962,.T.);
#2962 = EDGE_LOOP('',(#2963,#2964,#2985,#2986));
#2963 = ORIENTED_EDGE('',*,*,#933,.F.);
#2964 = ORIENTED_EDGE('',*,*,#2965,.F.);
#2965 = EDGE_CURVE('',#1541,#934,#2966,.T.);
#2966 = SURFACE_CURVE('',#2967,(#2971,#2978),.PCURVE_S1.);
#2967 = LINE('',#2968,#2969);
#2968 = CARTESIAN_POINT('',(38.,6.,0.));
#2969 = VECTOR('',#2970,1.);
#2970 = DIRECTION('',(0.,0.,-1.));
#2971 = PCURVE('',#951,#2972);
#2972 = DEFINITIONAL_REPRESENTATION('',(#2973),#2977);
#2973 = LINE('',#2974,#2975);
#2974 = CARTESIAN_POINT('',(0.,38.));
#2975 = VECTOR('',#2976,1.);
#2976 = DIRECTION('',(-1.,0.));
#2977 = ( GEOMETRIC_REPRESENTATION_CONTEXT(2) 
PARAMETRIC_REPRESENTATION_CONTEXT() REPRESENTATION_CONTEXT('2D SPACE',''
  ) );
#2978 = PCURVE('',#979,#2979);
#2979 = DEFINITIONAL_REPRESENTATION('',(#2980),#2984);
#2980 = LINE('',#2981,#2982);
#2981 = CARTESIAN_POINT('',(0.,-0.5));
#2982 = VECTOR('',#2983,1.);
#2983 = DIRECTION('',(-1.,0.));
#2984 = ( GEOMETRIC_REPRESENTATION_CONTEXT(2) 
PARAMETRIC_REPRESENTATION_CONTEXT() REPRESENTATION_CONTEXT('2D SPACE',''
  ) );
#2985 = ORIENTED_EDGE('',*,*,#1540,.T.);
#2986 = ORIENTED_EDGE('',*,*,#2987,.T.);
#2987 = EDGE_CURVE('',#1543,#936,#2988,.T.);
#2988 = SURFACE_CURVE('',#2989,(#2993,#3000),.PCURVE_S1.);
#2989 = LINE('',#2990,#2991);
#2990 = CARTESIAN_POINT('',(90.,6.,0.));
#2991 = VECTOR('',#2992,1.);
#2992 = DIRECTION('',(0.,0.,-1.));
#2993 = PCURVE('',#951,#2994);
#2994 = DEFINITIONAL_REPRESENTATION('',(#2995),#2999);
#2995 = LINE('',#2996,#2997);
#2996 = CARTESIAN_POINT('',(0.,90.));
#2997 = VECTOR('',#2998,1.);
#2998 = DIRECTION('',(-1.,0.));
#2999 = ( GEOMETRIC_REPRESENTATION_CONTEXT(2) 
PARAMETRIC_REPRESENTATION_CONTEXT() REPRESENTATION_CONTEXT('2D SPACE',''
  ) );
#3000 = PCURVE('',#1033,#3001);
#3001 = DEFINITIONAL_REPRESENTATION('',(#3002),#3006);
#3002 = LINE('',#3003,#3004);
#3003 = CARTESIAN_POINT('',(0.,-0.5));
#3004 = VECTOR('',#3005,1.);
#3005 = DIRECTION('',(-1.,0.));
#3006 = ( GEOMETRIC_REPRESENTATION_CONTEXT(2) 
PARAMETRIC_REPRESENTATION_CONTEXT() REPRESENTATION_CONTEXT('2D SPACE',''
  ) );
#3007 = ADVANCED_FACE('',(#3008),#979,.T.);
#3008 = FACE_BOUND('',#3009,.T.);
#3009 = EDGE_LOOP('',(#3010,#3011,#3012,#3013));
#3010 = ORIENTED_EDGE('',*,*,#1565,.F.);
#3011 = ORIENTED_EDGE('',*,*,#2965,.T.);
#3012 = ORIENTED_EDGE('',*,*,#963,.T.);
#3013 = ORIENTED_EDGE('',*,*,#3014,.F.);
#3014 = EDGE_CURVE('',#1566,#964,#3015,.T.);
#3015 = SURFACE_CURVE('',#3016,(#3020,#3027),.PCURVE_S1.);
#3016 = LINE('',#3017,#3018);
#3017 = CARTESIAN_POINT('',(38.,89.,0.));
#3018 = VECTOR('',#3019,1.);
#3019 = DIRECTION('',(0.,0.,-1.));
#3020 = PCURVE('',#979,#3021);
#3021 = DEFINITIONAL_REPRESENTATION('',(#3022),#3026);
#3022 = LINE('',#3023,#3024);
#3023 = CARTESIAN_POINT('',(0.,-83.5));
#3024 = VECTOR('',#3025,1.);
#3025 = DIRECTION('',(-1.,0.));
#3026 = ( GEOMETRIC_REPRESENTATION_CONTEXT(2) 
PARAMETRIC_REPRESENTATION_CONTEXT() REPRESENTATION_CONTEXT('2D SPACE',''
  ) );
#3027 = PCURVE('',#1007,#3028);
#3028 = DEFINITIONAL_REPRESENTATION('',(#3029),#3033);
#3029 = LINE('',#3030,#3031);
#3030 = CARTESIAN_POINT('',(0.,38.));
#3031 = VECTOR('',#3032,1.);
#3032 = DIRECTION('',(-1.,0.));
#3033 = ( GEOMETRIC_REPRESENTATION_CONTEXT(2) 
PARAMETRIC_REPRESENTATION_CONTEXT() REPRESENTATION_CONTEXT('2D SPACE',''
  ) );
#3034 = ADVANCED_FACE('',(#3035),#1033,.F.);
#3035 = FACE_BOUND('',#3036,.F.);
#3036 = EDGE_LOOP('',(#3037,#3038,#3039,#3040));
#3037 = ORIENTED_EDGE('',*,*,#1611,.F.);
#3038 = ORIENTED_EDGE('',*,*,#2987,.T.);
#3039 = ORIENTED_EDGE('',*,*,#1019,.T.);
#3040 = ORIENTED_EDGE('',*,*,#3041,.F.);
#3041 = EDGE_CURVE('',#1589,#992,#3042,.T.);
#3042 = SURFACE_CURVE('',#3043,(#3047,#3054),.PCURVE_S1.);
#3043 = LINE('',#3044,#3045);
#3044 = CARTESIAN_POINT('',(90.,89.,0.));
#3045 = VECTOR('',#3046,1.);
#3046 = DIRECTION('',(0.,0.,-1.));
#3047 = PCURVE('',#1033,#3048);
#3048 = DEFINITIONAL_REPRESENTATION('',(#3049),#3053);
#3049 = LINE('',#3050,#3051);
#3050 = CARTESIAN_POINT('',(0.,-83.5));
#3051 = VECTOR('',#3052,1.);
#3052 = DIRECTION('',(-1.,0.));
#3053 = ( GEOMETRIC_REPRESENTATION_CONTEXT(2) 
PARAMETRIC_REPRESENTATION_CONTEXT() REPRESENTATION_CONTEXT('2D SPACE',''
  ) );
#3054 = PCURVE('',#1007,#3055);
#3055 = DEFINITIONAL_REPRESENTATION('',(#3056),#3060);
#3056 = LINE('',#3057,#3058);
#3057 = CARTESIAN_POINT('',(0.,90.));
#3058 = VECTOR('',#3059,1.);
#3059 = DIRECTION('',(-1.,0.));
#3060 = ( GEOMETRIC_REPRESENTATION_CONTEXT(2) 
PARAMETRIC_REPRESENTATION_CONTEXT() REPRESENTATION_CONTEXT('2D SPACE',''
  ) );
#3061 = ADVANCED_FACE('',(#3062),#1007,.F.);
#3062 = FACE_BOUND('',#3063,.F.);
#3063 = EDGE_LOOP('',(#3064,#3065,#3066,#3067));
#3064 = ORIENTED_EDGE('',*,*,#991,.F.);
#3065 = ORIENTED_EDGE('',*,*,#3014,.F.);
#3066 = ORIENTED_EDGE('',*,*,#1588,.T.);
#3067 = ORIENTED_EDGE('',*,*,#3041,.T.);
#3068 = ADVANCED_FACE('',(#3069),#1065,.T.);
#3069 = FACE_BOUND('',#3070,.T.);
#3070 = EDGE_LOOP('',(#3071,#3072,#3093,#3094));
#3071 = ORIENTED_EDGE('',*,*,#1047,.F.);
#3072 = ORIENTED_EDGE('',*,*,#3073,.F.);
#3073 = EDGE_CURVE('',#1635,#1048,#3074,.T.);
#3074 = SURFACE_CURVE('',#3075,(#3079,#3086),.PCURVE_S1.);
#3075 = LINE('',#3076,#3077);
#3076 = CARTESIAN_POINT('',(97.,6.,0.));
#3077 = VECTOR('',#3078,1.);
#3078 = DIRECTION('',(0.,0.,-1.));
#3079 = PCURVE('',#1065,#3080);
#3080 = DEFINITIONAL_REPRESENTATION('',(#3081),#3085);
#3081 = LINE('',#3082,#3083);
#3082 = CARTESIAN_POINT('',(0.,97.));
#3083 = VECTOR('',#3084,1.);
#3084 = DIRECTION('',(-1.,0.));
#3085 = ( GEOMETRIC_REPRESENTATION_CONTEXT(2) 
PARAMETRIC_REPRESENTATION_CONTEXT() REPRESENTATION_CONTEXT('2D SPACE',''
  ) );
#3086 = PCURVE('',#1093,#3087);
#3087 = DEFINITIONAL_REPRESENTATION('',(#3088),#3092);
#3088 = LINE('',#3089,#3090);
#3089 = CARTESIAN_POINT('',(0.,-0.5));
#3090 = VECTOR('',#3091,1.);
#3091 = DIRECTION('',(-1.,0.));
#3092 = ( GEOMETRIC_REPRESENTATION_CONTEXT(2) 
PARAMETRIC_REPRESENTATION_CONTEXT() REPRESENTATION_CONTEXT('2D SPACE',''
  ) );
#3093 = ORIENTED_EDGE('',*,*,#1634,.T.);
#3094 = ORIENTED_EDGE('',*,*,#3095,.T.);
#3095 = EDGE_CURVE('',#1637,#1050,#3096,.T.);
#3096 = SURFACE_CURVE('',#3097,(#3101,#3108),.PCURVE_S1.);
#3097 = LINE('',#3098,#3099);
#3098 = CARTESIAN_POINT('',(122.,6.,0.));
#3099 = VECTOR('',#3100,1.);
#3100 = DIRECTION('',(0.,0.,-1.));
#3101 = PCURVE('',#1065,#3102);
#3102 = DEFINITIONAL_REPRESENTATION('',(#3103),#3107);
#3103 = LINE('',#3104,#3105);
#3104 = CARTESIAN_POINT('',(0.,122.));
#3105 = VECTOR('',#3106,1.);
#3106 = DIRECTION('',(-1.,0.));
#3107 = ( GEOMETRIC_REPRESENTATION_CONTEXT(2) 
PARAMETRIC_REPRESENTATION_CONTEXT() REPRESENTATION_CONTEXT('2D SPACE',''
  ) );
#3108 = PCURVE('',#1259,#3109);
#3109 = DEFINITIONAL_REPRESENTATION('',(#3110),#3114);
#3110 = LINE('',#3111,#3112);
#3111 = CARTESIAN_POINT('',(0.,-6.));
#3112 = VECTOR('',#3113,1.);
#3113 = DIRECTION('',(-1.,0.));
#3114 = ( GEOMETRIC_REPRESENTATION_CONTEXT(2) 
PARAMETRIC_REPRESENTATION_CONTEXT() REPRESENTATION_CONTEXT('2D SPACE',''
  ) );
#3115 = ADVANCED_FACE('',(#3116),#1093,.T.);
#3116 = FACE_BOUND('',#3117,.T.);
#3117 = EDGE_LOOP('',(#3118,#3119,#3120,#3121));
#3118 = ORIENTED_EDGE('',*,*,#1659,.F.);
#3119 = ORIENTED_EDGE('',*,*,#3073,.T.);
#3120 = ORIENTED_EDGE('',*,*,#1077,.T.);
#3121 = ORIENTED_EDGE('',*,*,#3122,.T.);
#3122 = EDGE_CURVE('',#1078,#1660,#3123,.T.);
#3123 = SURFACE_CURVE('',#3124,(#3128,#3135),.PCURVE_S1.);
#3124 = LINE('',#3125,#3126);
#3125 = CARTESIAN_POINT('',(97.,12.,0.));
#3126 = VECTOR('',#3127,1.);
#3127 = DIRECTION('',(0.,0.,1.));
#3128 = PCURVE('',#1093,#3129);
#3129 = DEFINITIONAL_REPRESENTATION('',(#3130),#3134);
#3130 = LINE('',#3131,#3132);
#3131 = CARTESIAN_POINT('',(0.,-6.5));
#3132 = VECTOR('',#3133,1.);
#3133 = DIRECTION('',(1.,0.));
#3134 = ( GEOMETRIC_REPRESENTATION_CONTEXT(2) 
PARAMETRIC_REPRESENTATION_CONTEXT() REPRESENTATION_CONTEXT('2D SPACE',''
  ) );
#3135 = PCURVE('',#1121,#3136);
#3136 = DEFINITIONAL_REPRESENTATION('',(#3137),#3141);
#3137 = LINE('',#3138,#3139);
#3138 = CARTESIAN_POINT('',(0.,0.));
#3139 = VECTOR('',#3140,1.);
#3140 = DIRECTION('',(1.,0.));
#3141 = ( GEOMETRIC_REPRESENTATION_CONTEXT(2) 
PARAMETRIC_REPRESENTATION_CONTEXT() REPRESENTATION_CONTEXT('2D SPACE',''
  ) );
#3142 = ADVANCED_FACE('',(#3143),#1259,.F.);
#3143 = FACE_BOUND('',#3144,.F.);
#3144 = EDGE_LOOP('',(#3145,#3146,#3147,#3148));
#3145 = ORIENTED_EDGE('',*,*,#1802,.F.);
#3146 = ORIENTED_EDGE('',*,*,#3095,.T.);
#3147 = ORIENTED_EDGE('',*,*,#1245,.T.);
#3148 = ORIENTED_EDGE('',*,*,#3149,.F.);
#3149 = EDGE_CURVE('',#1780,#1218,#3150,.T.);
#3150 = SURFACE_CURVE('',#3151,(#3155,#3162),.PCURVE_S1.);
#3151 = LINE('',#3152,#3153);
#3152 = CARTESIAN_POINT('',(122.,89.,0.));
#3153 = VECTOR('',#3154,1.);
#3154 = DIRECTION('',(0.,0.,-1.));
#3155 = PCURVE('',#1259,#3156);
#3156 = DEFINITIONAL_REPRESENTATION('',(#3157),#3161);
#3157 = LINE('',#3158,#3159);
#3158 = CARTESIAN_POINT('',(0.,-89.));
#3159 = VECTOR('',#3160,1.);
#3160 = DIRECTION('',(-1.,0.));
#3161 = ( GEOMETRIC_REPRESENTATION_CONTEXT(2) 
PARAMETRIC_REPRESENTATION_CONTEXT() REPRESENTATION_CONTEXT('2D SPACE',''
  ) );
#3162 = PCURVE('',#1233,#3163);
#3163 = DEFINITIONAL_REPRESENTATION('',(#3164),#3168);
#3164 = LINE('',#3165,#3166);
#3165 = CARTESIAN_POINT('',(0.,122.));
#3166 = VECTOR('',#3167,1.);
#3167 = DIRECTION('',(-1.,0.));
#3168 = ( GEOMETRIC_REPRESENTATION_CONTEXT(2) 
PARAMETRIC_REPRESENTATION_CONTEXT() REPRESENTATION_CONTEXT('2D SPACE',''
  ) );
#3169 = ADVANCED_FACE('',(#3170),#1121,.F.);
#3170 = FACE_BOUND('',#3171,.F.);
#3171 = EDGE_LOOP('',(#3172,#3195,#3196,#3197,#3198,#3221));
#3172 = ORIENTED_EDGE('',*,*,#3173,.F.);
#3173 = EDGE_CURVE('',#1106,#3174,#3176,.T.);
#3174 = VERTEX_POINT('',#3175);
#3175 = CARTESIAN_POINT('',(100.9,12.,8.));
#3176 = SURFACE_CURVE('',#3177,(#3181,#3188),.PCURVE_S1.);
#3177 = LINE('',#3178,#3179);
#3178 = CARTESIAN_POINT('',(100.9,12.,0.));
#3179 = VECTOR('',#3180,1.);
#3180 = DIRECTION('',(0.,0.,1.));
#3181 = PCURVE('',#1121,#3182);
#3182 = DEFINITIONAL_REPRESENTATION('',(#3183),#3187);
#3183 = LINE('',#3184,#3185);
#3184 = CARTESIAN_POINT('',(0.,3.9));
#3185 = VECTOR('',#3186,1.);
#3186 = DIRECTION('',(1.,0.));
#3187 = ( GEOMETRIC_REPRESENTATION_CONTEXT(2) 
PARAMETRIC_REPRESENTATION_CONTEXT() REPRESENTATION_CONTEXT('2D SPACE',''
  ) );
#3188 = PCURVE('',#1149,#3189);
#3189 = DEFINITIONAL_REPRESENTATION('',(#3190),#3194);
#3190 = LINE('',#3191,#3192);
#3191 = CARTESIAN_POINT('',(0.,0.));
#3192 = VECTOR('',#3193,1.);
#3193 = DIRECTION('',(1.,0.));
#3194 = ( GEOMETRIC_REPRESENTATION_CONTEXT(2) 
PARAMETRIC_REPRESENTATION_CONTEXT() REPRESENTATION_CONTEXT('2D SPACE',''
  ) );
#3195 = ORIENTED_EDGE('',*,*,#1105,.F.);
#3196 = ORIENTED_EDGE('',*,*,#3122,.T.);
#3197 = ORIENTED_EDGE('',*,*,#1682,.T.);
#3198 = ORIENTED_EDGE('',*,*,#3199,.T.);
#3199 = EDGE_CURVE('',#1683,#3200,#3202,.T.);
#3200 = VERTEX_POINT('',#3201);
#3201 = CARTESIAN_POINT('',(98.5,12.,8.));
#3202 = SURFACE_CURVE('',#3203,(#3207,#3214),.PCURVE_S1.);
#3203 = LINE('',#3204,#3205);
#3204 = CARTESIAN_POINT('',(98.5,12.,2.5));
#3205 = VECTOR('',#3206,1.);
#3206 = DIRECTION('',(0.,0.,1.));
#3207 = PCURVE('',#1121,#3208);
#3208 = DEFINITIONAL_REPRESENTATION('',(#3209),#3213);
#3209 = LINE('',#3210,#3211);
#3210 = CARTESIAN_POINT('',(2.5,1.5));
#3211 = VECTOR('',#3212,1.);
#3212 = DIRECTION('',(1.,0.));
#3213 = ( GEOMETRIC_REPRESENTATION_CONTEXT(2) 
PARAMETRIC_REPRESENTATION_CONTEXT() REPRESENTATION_CONTEXT('2D SPACE',''
  ) );
#3214 = PCURVE('',#1721,#3215);
#3215 = DEFINITIONAL_REPRESENTATION('',(#3216),#3220);
#3216 = LINE('',#3217,#3218);
#3217 = CARTESIAN_POINT('',(0.,0.));
#3218 = VECTOR('',#3219,1.);
#3219 = DIRECTION('',(1.,0.));
#3220 = ( GEOMETRIC_REPRESENTATION_CONTEXT(2) 
PARAMETRIC_REPRESENTATION_CONTEXT() REPRESENTATION_CONTEXT('2D SPACE',''
  ) );
#3221 = ORIENTED_EDGE('',*,*,#3222,.T.);
#3222 = EDGE_CURVE('',#3200,#3174,#3223,.T.);
#3223 = SURFACE_CURVE('',#3224,(#3228,#3235),.PCURVE_S1.);
#3224 = LINE('',#3225,#3226);
#3225 = CARTESIAN_POINT('',(98.5,12.,8.));
#3226 = VECTOR('',#3227,1.);
#3227 = DIRECTION('',(1.,0.,0.));
#3228 = PCURVE('',#1121,#3229);
#3229 = DEFINITIONAL_REPRESENTATION('',(#3230),#3234);
#3230 = LINE('',#3231,#3232);
#3231 = CARTESIAN_POINT('',(8.,1.5));
#3232 = VECTOR('',#3233,1.);
#3233 = DIRECTION('',(0.,1.));
#3234 = ( GEOMETRIC_REPRESENTATION_CONTEXT(2) 
PARAMETRIC_REPRESENTATION_CONTEXT() REPRESENTATION_CONTEXT('2D SPACE',''
  ) );
#3235 = PCURVE('',#3236,#3241);
#3236 = PLANE('',#3237);
#3237 = AXIS2_PLACEMENT_3D('',#3238,#3239,#3240);
#3238 = CARTESIAN_POINT('',(98.5,12.,8.));
#3239 = DIRECTION('',(0.,0.,1.));
#3240 = DIRECTION('',(1.,0.,0.));
#3241 = DEFINITIONAL_REPRESENTATION('',(#3242),#3246);
#3242 = LINE('',#3243,#3244);
#3243 = CARTESIAN_POINT('',(0.,0.));
#3244 = VECTOR('',#3245,1.);
#3245 = DIRECTION('',(1.,0.));
#3246 = ( GEOMETRIC_REPRESENTATION_CONTEXT(2) 
PARAMETRIC_REPRESENTATION_CONTEXT() REPRESENTATION_CONTEXT('2D SPACE',''
  ) );
#3247 = ADVANCED_FACE('',(#3248),#1233,.F.);
#3248 = FACE_BOUND('',#3249,.F.);
#3249 = EDGE_LOOP('',(#3250,#3251,#3272,#3273));
#3250 = ORIENTED_EDGE('',*,*,#1217,.F.);
#3251 = ORIENTED_EDGE('',*,*,#3252,.F.);
#3252 = EDGE_CURVE('',#1757,#1190,#3253,.T.);
#3253 = SURFACE_CURVE('',#3254,(#3258,#3265),.PCURVE_S1.);
#3254 = LINE('',#3255,#3256);
#3255 = CARTESIAN_POINT('',(97.,89.,0.));
#3256 = VECTOR('',#3257,1.);
#3257 = DIRECTION('',(0.,0.,-1.));
#3258 = PCURVE('',#1233,#3259);
#3259 = DEFINITIONAL_REPRESENTATION('',(#3260),#3264);
#3260 = LINE('',#3261,#3262);
#3261 = CARTESIAN_POINT('',(0.,97.));
#3262 = VECTOR('',#3263,1.);
#3263 = DIRECTION('',(-1.,0.));
#3264 = ( GEOMETRIC_REPRESENTATION_CONTEXT(2) 
PARAMETRIC_REPRESENTATION_CONTEXT() REPRESENTATION_CONTEXT('2D SPACE',''
  ) );
#3265 = PCURVE('',#1205,#3266);
#3266 = DEFINITIONAL_REPRESENTATION('',(#3267),#3271);
#3267 = LINE('',#3268,#3269);
#3268 = CARTESIAN_POINT('',(0.,-83.5));
#3269 = VECTOR('',#3270,1.);
#3270 = DIRECTION('',(-1.,0.));
#3271 = ( GEOMETRIC_REPRESENTATION_CONTEXT(2) 
PARAMETRIC_REPRESENTATION_CONTEXT() REPRESENTATION_CONTEXT('2D SPACE',''
  ) );
#3272 = ORIENTED_EDGE('',*,*,#1779,.T.);
#3273 = ORIENTED_EDGE('',*,*,#3149,.T.);
#3274 = ADVANCED_FACE('',(#3275),#1149,.T.);
#3275 = FACE_BOUND('',#3276,.T.);
#3276 = EDGE_LOOP('',(#3277,#3278,#3279,#3302));
#3277 = ORIENTED_EDGE('',*,*,#3173,.F.);
#3278 = ORIENTED_EDGE('',*,*,#1133,.T.);
#3279 = ORIENTED_EDGE('',*,*,#3280,.F.);
#3280 = EDGE_CURVE('',#3281,#1134,#3283,.T.);
#3281 = VERTEX_POINT('',#3282);
#3282 = CARTESIAN_POINT('',(100.9,30.,8.));
#3283 = SURFACE_CURVE('',#3284,(#3288,#3295),.PCURVE_S1.);
#3284 = LINE('',#3285,#3286);
#3285 = CARTESIAN_POINT('',(100.9,30.,8.));
#3286 = VECTOR('',#3287,1.);
#3287 = DIRECTION('',(0.,0.,-1.));
#3288 = PCURVE('',#1149,#3289);
#3289 = DEFINITIONAL_REPRESENTATION('',(#3290),#3294);
#3290 = LINE('',#3291,#3292);
#3291 = CARTESIAN_POINT('',(8.,-18.));
#3292 = VECTOR('',#3293,1.);
#3293 = DIRECTION('',(-1.,0.));
#3294 = ( GEOMETRIC_REPRESENTATION_CONTEXT(2) 
PARAMETRIC_REPRESENTATION_CONTEXT() REPRESENTATION_CONTEXT('2D SPACE',''
  ) );
#3295 = PCURVE('',#1177,#3296);
#3296 = DEFINITIONAL_REPRESENTATION('',(#3297),#3301);
#3297 = LINE('',#3298,#3299);
#3298 = CARTESIAN_POINT('',(8.,3.9));
#3299 = VECTOR('',#3300,1.);
#3300 = DIRECTION('',(-1.,0.));
#3301 = ( GEOMETRIC_REPRESENTATION_CONTEXT(2) 
PARAMETRIC_REPRESENTATION_CONTEXT() REPRESENTATION_CONTEXT('2D SPACE',''
  ) );
#3302 = ORIENTED_EDGE('',*,*,#3303,.F.);
#3303 = EDGE_CURVE('',#3174,#3281,#3304,.T.);
#3304 = SURFACE_CURVE('',#3305,(#3309,#3316),.PCURVE_S1.);
#3305 = LINE('',#3306,#3307);
#3306 = CARTESIAN_POINT('',(100.9,12.,8.));
#3307 = VECTOR('',#3308,1.);
#3308 = DIRECTION('',(0.,1.,0.));
#3309 = PCURVE('',#1149,#3310);
#3310 = DEFINITIONAL_REPRESENTATION('',(#3311),#3315);
#3311 = LINE('',#3312,#3313);
#3312 = CARTESIAN_POINT('',(8.,0.));
#3313 = VECTOR('',#3314,1.);
#3314 = DIRECTION('',(0.,-1.));
#3315 = ( GEOMETRIC_REPRESENTATION_CONTEXT(2) 
PARAMETRIC_REPRESENTATION_CONTEXT() REPRESENTATION_CONTEXT('2D SPACE',''
  ) );
#3316 = PCURVE('',#3236,#3317);
#3317 = DEFINITIONAL_REPRESENTATION('',(#3318),#3322);
#3318 = LINE('',#3319,#3320);
#3319 = CARTESIAN_POINT('',(2.4,0.));
#3320 = VECTOR('',#3321,1.);
#3321 = DIRECTION('',(0.,1.));
#3322 = ( GEOMETRIC_REPRESENTATION_CONTEXT(2) 
PARAMETRIC_REPRESENTATION_CONTEXT() REPRESENTATION_CONTEXT('2D SPACE',''
  ) );
#3323 = ADVANCED_FACE('',(#3324),#1205,.T.);
#3324 = FACE_BOUND('',#3325,.T.);
#3325 = EDGE_LOOP('',(#3326,#3327,#3348,#3349));
#3326 = ORIENTED_EDGE('',*,*,#1756,.F.);
#3327 = ORIENTED_EDGE('',*,*,#3328,.F.);
#3328 = EDGE_CURVE('',#1162,#1734,#3329,.T.);
#3329 = SURFACE_CURVE('',#3330,(#3334,#3341),.PCURVE_S1.);
#3330 = LINE('',#3331,#3332);
#3331 = CARTESIAN_POINT('',(97.,30.,0.));
#3332 = VECTOR('',#3333,1.);
#3333 = DIRECTION('',(0.,0.,1.));
#3334 = PCURVE('',#1205,#3335);
#3335 = DEFINITIONAL_REPRESENTATION('',(#3336),#3340);
#3336 = LINE('',#3337,#3338);
#3337 = CARTESIAN_POINT('',(0.,-24.5));
#3338 = VECTOR('',#3339,1.);
#3339 = DIRECTION('',(1.,0.));
#3340 = ( GEOMETRIC_REPRESENTATION_CONTEXT(2) 
PARAMETRIC_REPRESENTATION_CONTEXT() REPRESENTATION_CONTEXT('2D SPACE',''
  ) );
#3341 = PCURVE('',#1177,#3342);
#3342 = DEFINITIONAL_REPRESENTATION('',(#3343),#3347);
#3343 = LINE('',#3344,#3345);
#3344 = CARTESIAN_POINT('',(0.,0.));
#3345 = VECTOR('',#3346,1.);
#3346 = DIRECTION('',(1.,0.));
#3347 = ( GEOMETRIC_REPRESENTATION_CONTEXT(2) 
PARAMETRIC_REPRESENTATION_CONTEXT() REPRESENTATION_CONTEXT('2D SPACE',''
  ) );
#3348 = ORIENTED_EDGE('',*,*,#1189,.T.);
#3349 = ORIENTED_EDGE('',*,*,#3252,.F.);
#3350 = ADVANCED_FACE('',(#3351),#1177,.T.);
#3351 = FACE_BOUND('',#3352,.T.);
#3352 = EDGE_LOOP('',(#3353,#3354,#3355,#3356,#3379,#3400));
#3353 = ORIENTED_EDGE('',*,*,#1161,.F.);
#3354 = ORIENTED_EDGE('',*,*,#3328,.T.);
#3355 = ORIENTED_EDGE('',*,*,#1733,.T.);
#3356 = ORIENTED_EDGE('',*,*,#3357,.T.);
#3357 = EDGE_CURVE('',#1706,#3358,#3360,.T.);
#3358 = VERTEX_POINT('',#3359);
#3359 = CARTESIAN_POINT('',(98.5,30.,8.));
#3360 = SURFACE_CURVE('',#3361,(#3365,#3372),.PCURVE_S1.);
#3361 = LINE('',#3362,#3363);
#3362 = CARTESIAN_POINT('',(98.5,30.,2.5));
#3363 = VECTOR('',#3364,1.);
#3364 = DIRECTION('',(0.,0.,1.));
#3365 = PCURVE('',#1177,#3366);
#3366 = DEFINITIONAL_REPRESENTATION('',(#3367),#3371);
#3367 = LINE('',#3368,#3369);
#3368 = CARTESIAN_POINT('',(2.5,1.5));
#3369 = VECTOR('',#3370,1.);
#3370 = DIRECTION('',(1.,0.));
#3371 = ( GEOMETRIC_REPRESENTATION_CONTEXT(2) 
PARAMETRIC_REPRESENTATION_CONTEXT() REPRESENTATION_CONTEXT('2D SPACE',''
  ) );
#3372 = PCURVE('',#1721,#3373);
#3373 = DEFINITIONAL_REPRESENTATION('',(#3374),#3378);
#3374 = LINE('',#3375,#3376);
#3375 = CARTESIAN_POINT('',(0.,-18.));
#3376 = VECTOR('',#3377,1.);
#3377 = DIRECTION('',(1.,0.));
#3378 = ( GEOMETRIC_REPRESENTATION_CONTEXT(2) 
PARAMETRIC_REPRESENTATION_CONTEXT() REPRESENTATION_CONTEXT('2D SPACE',''
  ) );
#3379 = ORIENTED_EDGE('',*,*,#3380,.T.);
#3380 = EDGE_CURVE('',#3358,#3281,#3381,.T.);
#3381 = SURFACE_CURVE('',#3382,(#3386,#3393),.PCURVE_S1.);
#3382 = LINE('',#3383,#3384);
#3383 = CARTESIAN_POINT('',(98.5,30.,8.));
#3384 = VECTOR('',#3385,1.);
#3385 = DIRECTION('',(1.,0.,0.));
#3386 = PCURVE('',#1177,#3387);
#3387 = DEFINITIONAL_REPRESENTATION('',(#3388),#3392);
#3388 = LINE('',#3389,#3390);
#3389 = CARTESIAN_POINT('',(8.,1.5));
#3390 = VECTOR('',#3391,1.);
#3391 = DIRECTION('',(0.,1.));
#3392 = ( GEOMETRIC_REPRESENTATION_CONTEXT(2) 
PARAMETRIC_REPRESENTATION_CONTEXT() REPRESENTATION_CONTEXT('2D SPACE',''
  ) );
#3393 = PCURVE('',#3236,#3394);
#3394 = DEFINITIONAL_REPRESENTATION('',(#3395),#3399);
#3395 = LINE('',#3396,#3397);
#3396 = CARTESIAN_POINT('',(0.,18.));
#3397 = VECTOR('',#3398,1.);
#3398 = DIRECTION('',(1.,0.));
#3399 = ( GEOMETRIC_REPRESENTATION_CONTEXT(2) 
PARAMETRIC_REPRESENTATION_CONTEXT() REPRESENTATION_CONTEXT('2D SPACE',''
  ) );
#3400 = ORIENTED_EDGE('',*,*,#3280,.T.);
#3401 = ADVANCED_FACE('',(#3402),#1459,.T.);
#3402 = FACE_BOUND('',#3403,.T.);
#3403 = EDGE_LOOP('',(#3404,#3405,#3406,#3407));
#3404 = ORIENTED_EDGE('',*,*,#2638,.F.);
#3405 = ORIENTED_EDGE('',*,*,#1443,.F.);
#3406 = ORIENTED_EDGE('',*,*,#2711,.T.);
#3407 = ORIENTED_EDGE('',*,*,#3408,.F.);
#3408 = EDGE_CURVE('',#2611,#2689,#3409,.T.);
#3409 = SURFACE_CURVE('',#3410,(#3414,#3421),.PCURVE_S1.);
#3410 = LINE('',#3411,#3412);
#3411 = CARTESIAN_POINT('',(29.5,12.,8.));
#3412 = VECTOR('',#3413,1.);
#3413 = DIRECTION('',(0.,1.,0.));
#3414 = PCURVE('',#1459,#3415);
#3415 = DEFINITIONAL_REPRESENTATION('',(#3416),#3420);
#3416 = LINE('',#3417,#3418);
#3417 = CARTESIAN_POINT('',(5.5,0.));
#3418 = VECTOR('',#3419,1.);
#3419 = DIRECTION('',(0.,-1.));
#3420 = ( GEOMETRIC_REPRESENTATION_CONTEXT(2) 
PARAMETRIC_REPRESENTATION_CONTEXT() REPRESENTATION_CONTEXT('2D SPACE',''
  ) );
#3421 = PCURVE('',#2626,#3422);
#3422 = DEFINITIONAL_REPRESENTATION('',(#3423),#3427);
#3423 = LINE('',#3424,#3425);
#3424 = CARTESIAN_POINT('',(2.4,0.));
#3425 = VECTOR('',#3426,1.);
#3426 = DIRECTION('',(0.,1.));
#3427 = ( GEOMETRIC_REPRESENTATION_CONTEXT(2) 
PARAMETRIC_REPRESENTATION_CONTEXT() REPRESENTATION_CONTEXT('2D SPACE',''
  ) );
#3428 = ADVANCED_FACE('',(#3429),#1721,.F.);
#3429 = FACE_BOUND('',#3430,.F.);
#3430 = EDGE_LOOP('',(#3431,#3432,#3433,#3434));
#3431 = ORIENTED_EDGE('',*,*,#3199,.F.);
#3432 = ORIENTED_EDGE('',*,*,#1705,.F.);
#3433 = ORIENTED_EDGE('',*,*,#3357,.T.);
#3434 = ORIENTED_EDGE('',*,*,#3435,.F.);
#3435 = EDGE_CURVE('',#3200,#3358,#3436,.T.);
#3436 = SURFACE_CURVE('',#3437,(#3441,#3448),.PCURVE_S1.);
#3437 = LINE('',#3438,#3439);
#3438 = CARTESIAN_POINT('',(98.5,12.,8.));
#3439 = VECTOR('',#3440,1.);
#3440 = DIRECTION('',(0.,1.,0.));
#3441 = PCURVE('',#1721,#3442);
#3442 = DEFINITIONAL_REPRESENTATION('',(#3443),#3447);
#3443 = LINE('',#3444,#3445);
#3444 = CARTESIAN_POINT('',(5.5,0.));
#3445 = VECTOR('',#3446,1.);
#3446 = DIRECTION('',(0.,-1.));
#3447 = ( GEOMETRIC_REPRESENTATION_CONTEXT(2) 
PARAMETRIC_REPRESENTATION_CONTEXT() REPRESENTATION_CONTEXT('2D SPACE',''
  ) );
#3448 = PCURVE('',#3236,#3449);
#3449 = DEFINITIONAL_REPRESENTATION('',(#3450),#3454);
#3450 = LINE('',#3451,#3452);
#3451 = CARTESIAN_POINT('',(0.,0.));
#3452 = VECTOR('',#3453,1.);
#3453 = DIRECTION('',(0.,1.));
#3454 = ( GEOMETRIC_REPRESENTATION_CONTEXT(2) 
PARAMETRIC_REPRESENTATION_CONTEXT() REPRESENTATION_CONTEXT('2D SPACE',''
  ) );
#3455 = ADVANCED_FACE('',(#3456),#1940,.F.);
#3456 = FACE_BOUND('',#3457,.F.);
#3457 = EDGE_LOOP('',(#3458,#3459,#3460,#3461));
#3458 = ORIENTED_EDGE('',*,*,#2003,.F.);
#3459 = ORIENTED_EDGE('',*,*,#2053,.F.);
#3460 = ORIENTED_EDGE('',*,*,#2079,.T.);
#3461 = ORIENTED_EDGE('',*,*,#1924,.F.);
#3462 = ADVANCED_FACE('',(#3463),#1867,.F.);
#3463 = FACE_BOUND('',#3464,.F.);
#3464 = EDGE_LOOP('',(#3465,#3466,#3467,#3468));
#3465 = ORIENTED_EDGE('',*,*,#2128,.F.);
#3466 = ORIENTED_EDGE('',*,*,#2178,.F.);
#3467 = ORIENTED_EDGE('',*,*,#2204,.T.);
#3468 = ORIENTED_EDGE('',*,*,#1851,.F.);
#3469 = ADVANCED_FACE('',(#3470),#2290,.F.);
#3470 = FACE_BOUND('',#3471,.F.);
#3471 = EDGE_LOOP('',(#3472,#3473,#3474,#3475));
#3472 = ORIENTED_EDGE('',*,*,#2379,.F.);
#3473 = ORIENTED_EDGE('',*,*,#2276,.T.);
#3474 = ORIENTED_EDGE('',*,*,#2330,.T.);
#3475 = ORIENTED_EDGE('',*,*,#2406,.F.);
#3476 = ADVANCED_FACE('',(#3477),#2626,.T.);
#3477 = FACE_BOUND('',#3478,.T.);
#3478 = EDGE_LOOP('',(#3479,#3480,#3481,#3482));
#3479 = ORIENTED_EDGE('',*,*,#2738,.F.);
#3480 = ORIENTED_EDGE('',*,*,#2610,.T.);
#3481 = ORIENTED_EDGE('',*,*,#3408,.T.);
#3482 = ORIENTED_EDGE('',*,*,#2688,.F.);
#3483 = ADVANCED_FACE('',(#3484),#2824,.F.);
#3484 = FACE_BOUND('',#3485,.F.);
#3485 = EDGE_LOOP('',(#3486,#3487,#3488,#3489));
#3486 = ORIENTED_EDGE('',*,*,#2913,.F.);
#3487 = ORIENTED_EDGE('',*,*,#2810,.T.);
#3488 = ORIENTED_EDGE('',*,*,#2864,.T.);
#3489 = ORIENTED_EDGE('',*,*,#2940,.F.);
#3490 = ADVANCED_FACE('',(#3491),#3236,.T.);
#3491 = FACE_BOUND('',#3492,.T.);
#3492 = EDGE_LOOP('',(#3493,#3494,#3495,#3496));
#3493 = ORIENTED_EDGE('',*,*,#3435,.F.);
#3494 = ORIENTED_EDGE('',*,*,#3222,.T.);
#3495 = ORIENTED_EDGE('',*,*,#3303,.T.);
#3496 = ORIENTED_EDGE('',*,*,#3380,.F.);
#3497 = ( GEOMETRIC_REPRESENTATION_CONTEXT(3) 
GLOBAL_UNCERTAINTY_ASSIGNED_CONTEXT((#3501)) 
GLOBAL_UNIT_ASSIGNED_CONTEXT((#3498,#3499,#3500)) REPRESENTATION_CONTEXT
('Context #1','3D Context with UNIT and UNCERTAINTY') );
#3498 = ( LENGTH_UNIT() NAMED_UNIT(*) SI_UNIT(.MILLI.,.METRE.) );
#3499 = ( NAMED_UNIT(*) PLANE_ANGLE_UNIT() SI_UNIT($,.RADIAN.) );
#3500 = ( NAMED_UNIT(*) SI_UNIT($,.STERADIAN.) SOLID_ANGLE_UNIT() );
#3501 = UNCERTAINTY_MEASURE_WITH_UNIT(LENGTH_MEASURE(1.E-07),#3498,
  'distance_accuracy_value','confusion accuracy');
#3502 = PRODUCT_RELATED_PRODUCT_CATEGORY('part',$,(#7));
ENDSEC;
END-ISO-10303-21;
