ISO-10303-21;
HEADER;
FILE_DESCRIPTION(('Open CASCADE Model'),'2;1');
FILE_NAME('Open CASCADE Shape Model','2026-08-13T13:48:53',('Author'),(
    'Open CASCADE'),'Open CASCADE STEP processor 7.8','Open CASCADE 7.8'
  ,'Unknown');
FILE_SCHEMA(('AUTOMOTIVE_DESIGN { 1 0 10303 214 1 1 1 1 }'));
ENDSEC;
DATA;
#1 = APPLICATION_PROTOCOL_DEFINITION('international standard',
  'automotive_design',2000,#2);
#2 = APPLICATION_CONTEXT(
  'core data for automotive mechanical design processes');
#3 = SHAPE_DEFINITION_REPRESENTATION(#4,#10);
#4 = PRODUCT_DEFINITION_SHAPE('','',#5);
#5 = PRODUCT_DEFINITION('design','',#6,#9);
#6 = PRODUCT_DEFINITION_FORMATION('','',#7);
#7 = PRODUCT('Open CASCADE STEP translator 7.8 9',
  'Open CASCADE STEP translator 7.8 9','',(#8));
#8 = PRODUCT_CONTEXT('',#2,'mechanical');
#9 = PRODUCT_DEFINITION_CONTEXT('part definition',#2,'design');
#10 = ADVANCED_BREP_SHAPE_REPRESENTATION('',(#11,#15),#7043);
#11 = AXIS2_PLACEMENT_3D('',#12,#13,#14);
#12 = CARTESIAN_POINT('',(0.,0.,0.));
#13 = DIRECTION('',(0.,0.,1.));
#14 = DIRECTION('',(1.,0.,-0.));
#15 = MANIFOLD_SOLID_BREP('',#16);
#16 = CLOSED_SHELL('',(#17,#514,#641,#690,#739,#2565,#2614,#2663,#2690,
    #2739,#2788,#2815,#2864,#2913,#2940,#2989,#3916,#3943,#3950,#3977,
    #4004,#4031,#4058,#4085,#4112,#4139,#4166,#4193,#4200,#4207,#4214,
    #4290,#4339,#4502,#4529,#4576,#4603,#4630,#4637,#4713,#4762,#4925,
    #4952,#4999,#5026,#5053,#5060,#5107,#5134,#5161,#5168,#5215,#5242,
    #5269,#5276,#5352,#5401,#5564,#5591,#5638,#5665,#5692,#5699,#5746,
    #5773,#5800,#5807,#5883,#5932,#6095,#6122,#6149,#6176,#6183,#6190,
    #6266,#6315,#6364,#6391,#6398,#6474,#6523,#6572,#6599,#6606,#6682,
    #6731,#6780,#6807,#6814,#6890,#6939,#6988,#7015,#7022,#7029,#7036));
#17 = ADVANCED_FACE('',(#18),#32,.F.);
#18 = FACE_BOUND('',#19,.T.);
#19 = EDGE_LOOP('',(#20,#55,#83,#111,#139,#167,#195,#223,#246,#274,#302,
    #330,#353,#381,#409,#437,#460,#488));
#20 = ORIENTED_EDGE('',*,*,#21,.F.);
#21 = EDGE_CURVE('',#22,#24,#26,.T.);
#22 = VERTEX_POINT('',#23);
#23 = CARTESIAN_POINT('',(145.55,0.,0.));
#24 = VERTEX_POINT('',#25);
#25 = CARTESIAN_POINT('',(145.55,0.,1.2));
#26 = SURFACE_CURVE('',#27,(#31,#43),.PCURVE_S1.);
#27 = LINE('',#28,#29);
#28 = CARTESIAN_POINT('',(145.55,0.,0.));
#29 = VECTOR('',#30,1.);
#30 = DIRECTION('',(0.,0.,1.));
#31 = PCURVE('',#32,#37);
#32 = PLANE('',#33);
#33 = AXIS2_PLACEMENT_3D('',#34,#35,#36);
#34 = CARTESIAN_POINT('',(145.55,0.,0.));
#35 = DIRECTION('',(-1.,-0.,0.));
#36 = DIRECTION('',(0.,-0.,-1.));
#37 = DEFINITIONAL_REPRESENTATION('',(#38),#42);
#38 = LINE('',#39,#40);
#39 = CARTESIAN_POINT('',(-0.,-0.));
#40 = VECTOR('',#41,1.);
#41 = DIRECTION('',(-1.,-0.));
#42 = ( GEOMETRIC_REPRESENTATION_CONTEXT(2) 
PARAMETRIC_REPRESENTATION_CONTEXT() REPRESENTATION_CONTEXT('2D SPACE',''
  ) );
#43 = PCURVE('',#44,#49);
#44 = PLANE('',#45);
#45 = AXIS2_PLACEMENT_3D('',#46,#47,#48);
#46 = CARTESIAN_POINT('',(145.55,0.,0.));
#47 = DIRECTION('',(0.,1.,0.));
#48 = DIRECTION('',(0.,-0.,-1.));
#49 = DEFINITIONAL_REPRESENTATION('',(#50),#54);
#50 = LINE('',#51,#52);
#51 = CARTESIAN_POINT('',(-0.,-0.));
#52 = VECTOR('',#53,1.);
#53 = DIRECTION('',(-1.,-0.));
#54 = ( GEOMETRIC_REPRESENTATION_CONTEXT(2) 
PARAMETRIC_REPRESENTATION_CONTEXT() REPRESENTATION_CONTEXT('2D SPACE',''
  ) );
#55 = ORIENTED_EDGE('',*,*,#56,.T.);
#56 = EDGE_CURVE('',#22,#57,#59,.T.);
#57 = VERTEX_POINT('',#58);
#58 = CARTESIAN_POINT('',(145.55,168.4,0.));
#59 = SURFACE_CURVE('',#60,(#64,#71),.PCURVE_S1.);
#60 = LINE('',#61,#62);
#61 = CARTESIAN_POINT('',(145.55,0.,0.));
#62 = VECTOR('',#63,1.);
#63 = DIRECTION('',(0.,1.,0.));
#64 = PCURVE('',#32,#65);
#65 = DEFINITIONAL_REPRESENTATION('',(#66),#70);
#66 = LINE('',#67,#68);
#67 = CARTESIAN_POINT('',(-0.,-0.));
#68 = VECTOR('',#69,1.);
#69 = DIRECTION('',(-0.,-1.));
#70 = ( GEOMETRIC_REPRESENTATION_CONTEXT(2) 
PARAMETRIC_REPRESENTATION_CONTEXT() REPRESENTATION_CONTEXT('2D SPACE',''
  ) );
#71 = PCURVE('',#72,#77);
#72 = PLANE('',#73);
#73 = AXIS2_PLACEMENT_3D('',#74,#75,#76);
#74 = CARTESIAN_POINT('',(145.55,0.,0.));
#75 = DIRECTION('',(0.,0.,1.));
#76 = DIRECTION('',(1.,0.,-0.));
#77 = DEFINITIONAL_REPRESENTATION('',(#78),#82);
#78 = LINE('',#79,#80);
#79 = CARTESIAN_POINT('',(-0.,0.));
#80 = VECTOR('',#81,1.);
#81 = DIRECTION('',(-0.,1.));
#82 = ( GEOMETRIC_REPRESENTATION_CONTEXT(2) 
PARAMETRIC_REPRESENTATION_CONTEXT() REPRESENTATION_CONTEXT('2D SPACE',''
  ) );
#83 = ORIENTED_EDGE('',*,*,#84,.T.);
#84 = EDGE_CURVE('',#57,#85,#87,.T.);
#85 = VERTEX_POINT('',#86);
#86 = CARTESIAN_POINT('',(145.55,168.4,2.8));
#87 = SURFACE_CURVE('',#88,(#92,#99),.PCURVE_S1.);
#88 = LINE('',#89,#90);
#89 = CARTESIAN_POINT('',(145.55,168.4,0.));
#90 = VECTOR('',#91,1.);
#91 = DIRECTION('',(0.,0.,1.));
#92 = PCURVE('',#32,#93);
#93 = DEFINITIONAL_REPRESENTATION('',(#94),#98);
#94 = LINE('',#95,#96);
#95 = CARTESIAN_POINT('',(-0.,-168.4));
#96 = VECTOR('',#97,1.);
#97 = DIRECTION('',(-1.,-0.));
#98 = ( GEOMETRIC_REPRESENTATION_CONTEXT(2) 
PARAMETRIC_REPRESENTATION_CONTEXT() REPRESENTATION_CONTEXT('2D SPACE',''
  ) );
#99 = PCURVE('',#100,#105);
#100 = PLANE('',#101);
#101 = AXIS2_PLACEMENT_3D('',#102,#103,#104);
#102 = CARTESIAN_POINT('',(145.55,168.4,0.));
#103 = DIRECTION('',(0.,1.,0.));
#104 = DIRECTION('',(0.,-0.,-1.));
#105 = DEFINITIONAL_REPRESENTATION('',(#106),#110);
#106 = LINE('',#107,#108);
#107 = CARTESIAN_POINT('',(-0.,-0.));
#108 = VECTOR('',#109,1.);
#109 = DIRECTION('',(-1.,-0.));
#110 = ( GEOMETRIC_REPRESENTATION_CONTEXT(2) 
PARAMETRIC_REPRESENTATION_CONTEXT() REPRESENTATION_CONTEXT('2D SPACE',''
  ) );
#111 = ORIENTED_EDGE('',*,*,#112,.F.);
#112 = EDGE_CURVE('',#113,#85,#115,.T.);
#113 = VERTEX_POINT('',#114);
#114 = CARTESIAN_POINT('',(145.55,144.6,2.8));
#115 = SURFACE_CURVE('',#116,(#120,#127),.PCURVE_S1.);
#116 = LINE('',#117,#118);
#117 = CARTESIAN_POINT('',(145.55,0.,2.8));
#118 = VECTOR('',#119,1.);
#119 = DIRECTION('',(0.,1.,0.));
#120 = PCURVE('',#32,#121);
#121 = DEFINITIONAL_REPRESENTATION('',(#122),#126);
#122 = LINE('',#123,#124);
#123 = CARTESIAN_POINT('',(-2.8,-0.));
#124 = VECTOR('',#125,1.);
#125 = DIRECTION('',(-0.,-1.));
#126 = ( GEOMETRIC_REPRESENTATION_CONTEXT(2) 
PARAMETRIC_REPRESENTATION_CONTEXT() REPRESENTATION_CONTEXT('2D SPACE',''
  ) );
#127 = PCURVE('',#128,#133);
#128 = PLANE('',#129);
#129 = AXIS2_PLACEMENT_3D('',#130,#131,#132);
#130 = CARTESIAN_POINT('',(145.55,0.,2.8));
#131 = DIRECTION('',(0.,0.,1.));
#132 = DIRECTION('',(1.,0.,-0.));
#133 = DEFINITIONAL_REPRESENTATION('',(#134),#138);
#134 = LINE('',#135,#136);
#135 = CARTESIAN_POINT('',(-0.,0.));
#136 = VECTOR('',#137,1.);
#137 = DIRECTION('',(-0.,1.));
#138 = ( GEOMETRIC_REPRESENTATION_CONTEXT(2) 
PARAMETRIC_REPRESENTATION_CONTEXT() REPRESENTATION_CONTEXT('2D SPACE',''
  ) );
#139 = ORIENTED_EDGE('',*,*,#140,.F.);
#140 = EDGE_CURVE('',#141,#113,#143,.T.);
#141 = VERTEX_POINT('',#142);
#142 = CARTESIAN_POINT('',(145.55,144.6,1.2));
#143 = SURFACE_CURVE('',#144,(#148,#155),.PCURVE_S1.);
#144 = LINE('',#145,#146);
#145 = CARTESIAN_POINT('',(145.55,144.6,0.6));
#146 = VECTOR('',#147,1.);
#147 = DIRECTION('',(-0.,-0.,1.));
#148 = PCURVE('',#32,#149);
#149 = DEFINITIONAL_REPRESENTATION('',(#150),#154);
#150 = LINE('',#151,#152);
#151 = CARTESIAN_POINT('',(-0.6,-144.6));
#152 = VECTOR('',#153,1.);
#153 = DIRECTION('',(-1.,-0.));
#154 = ( GEOMETRIC_REPRESENTATION_CONTEXT(2) 
PARAMETRIC_REPRESENTATION_CONTEXT() REPRESENTATION_CONTEXT('2D SPACE',''
  ) );
#155 = PCURVE('',#156,#161);
#156 = PLANE('',#157);
#157 = AXIS2_PLACEMENT_3D('',#158,#159,#160);
#158 = CARTESIAN_POINT('',(145.75,144.6,1.2));
#159 = DIRECTION('',(0.,1.,0.));
#160 = DIRECTION('',(0.,-0.,-1.));
#161 = DEFINITIONAL_REPRESENTATION('',(#162),#166);
#162 = LINE('',#163,#164);
#163 = CARTESIAN_POINT('',(0.6,0.2));
#164 = VECTOR('',#165,1.);
#165 = DIRECTION('',(-1.,0.));
#166 = ( GEOMETRIC_REPRESENTATION_CONTEXT(2) 
PARAMETRIC_REPRESENTATION_CONTEXT() REPRESENTATION_CONTEXT('2D SPACE',''
  ) );
#167 = ORIENTED_EDGE('',*,*,#168,.T.);
#168 = EDGE_CURVE('',#141,#169,#171,.T.);
#169 = VERTEX_POINT('',#170);
#170 = CARTESIAN_POINT('',(145.55,120.2,1.2));
#171 = SURFACE_CURVE('',#172,(#176,#183),.PCURVE_S1.);
#172 = LINE('',#173,#174);
#173 = CARTESIAN_POINT('',(145.55,60.1,1.2));
#174 = VECTOR('',#175,1.);
#175 = DIRECTION('',(-0.,-1.,-0.));
#176 = PCURVE('',#32,#177);
#177 = DEFINITIONAL_REPRESENTATION('',(#178),#182);
#178 = LINE('',#179,#180);
#179 = CARTESIAN_POINT('',(-1.2,-60.1));
#180 = VECTOR('',#181,1.);
#181 = DIRECTION('',(-0.,1.));
#182 = ( GEOMETRIC_REPRESENTATION_CONTEXT(2) 
PARAMETRIC_REPRESENTATION_CONTEXT() REPRESENTATION_CONTEXT('2D SPACE',''
  ) );
#183 = PCURVE('',#184,#189);
#184 = PLANE('',#185);
#185 = AXIS2_PLACEMENT_3D('',#186,#187,#188);
#186 = CARTESIAN_POINT('',(145.75,120.2,1.2));
#187 = DIRECTION('',(0.,0.,1.));
#188 = DIRECTION('',(1.,0.,0.));
#189 = DEFINITIONAL_REPRESENTATION('',(#190),#194);
#190 = LINE('',#191,#192);
#191 = CARTESIAN_POINT('',(-0.2,-60.1));
#192 = VECTOR('',#193,1.);
#193 = DIRECTION('',(-0.,-1.));
#194 = ( GEOMETRIC_REPRESENTATION_CONTEXT(2) 
PARAMETRIC_REPRESENTATION_CONTEXT() REPRESENTATION_CONTEXT('2D SPACE',''
  ) );
#195 = ORIENTED_EDGE('',*,*,#196,.T.);
#196 = EDGE_CURVE('',#169,#197,#199,.T.);
#197 = VERTEX_POINT('',#198);
#198 = CARTESIAN_POINT('',(145.55,120.2,2.8));
#199 = SURFACE_CURVE('',#200,(#204,#211),.PCURVE_S1.);
#200 = LINE('',#201,#202);
#201 = CARTESIAN_POINT('',(145.55,120.2,0.6));
#202 = VECTOR('',#203,1.);
#203 = DIRECTION('',(-0.,-0.,1.));
#204 = PCURVE('',#32,#205);
#205 = DEFINITIONAL_REPRESENTATION('',(#206),#210);
#206 = LINE('',#207,#208);
#207 = CARTESIAN_POINT('',(-0.6,-120.2));
#208 = VECTOR('',#209,1.);
#209 = DIRECTION('',(-1.,-0.));
#210 = ( GEOMETRIC_REPRESENTATION_CONTEXT(2) 
PARAMETRIC_REPRESENTATION_CONTEXT() REPRESENTATION_CONTEXT('2D SPACE',''
  ) );
#211 = PCURVE('',#212,#217);
#212 = PLANE('',#213);
#213 = AXIS2_PLACEMENT_3D('',#214,#215,#216);
#214 = CARTESIAN_POINT('',(145.75,120.2,1.2));
#215 = DIRECTION('',(0.,1.,0.));
#216 = DIRECTION('',(0.,-0.,-1.));
#217 = DEFINITIONAL_REPRESENTATION('',(#218),#222);
#218 = LINE('',#219,#220);
#219 = CARTESIAN_POINT('',(0.6,0.2));
#220 = VECTOR('',#221,1.);
#221 = DIRECTION('',(-1.,0.));
#222 = ( GEOMETRIC_REPRESENTATION_CONTEXT(2) 
PARAMETRIC_REPRESENTATION_CONTEXT() REPRESENTATION_CONTEXT('2D SPACE',''
  ) );
#223 = ORIENTED_EDGE('',*,*,#224,.F.);
#224 = EDGE_CURVE('',#225,#197,#227,.T.);
#225 = VERTEX_POINT('',#226);
#226 = CARTESIAN_POINT('',(145.55,104.46666666666,2.8));
#227 = SURFACE_CURVE('',#228,(#232,#239),.PCURVE_S1.);
#228 = LINE('',#229,#230);
#229 = CARTESIAN_POINT('',(145.55,0.,2.8));
#230 = VECTOR('',#231,1.);
#231 = DIRECTION('',(0.,1.,0.));
#232 = PCURVE('',#32,#233);
#233 = DEFINITIONAL_REPRESENTATION('',(#234),#238);
#234 = LINE('',#235,#236);
#235 = CARTESIAN_POINT('',(-2.8,-0.));
#236 = VECTOR('',#237,1.);
#237 = DIRECTION('',(-0.,-1.));
#238 = ( GEOMETRIC_REPRESENTATION_CONTEXT(2) 
PARAMETRIC_REPRESENTATION_CONTEXT() REPRESENTATION_CONTEXT('2D SPACE',''
  ) );
#239 = PCURVE('',#128,#240);
#240 = DEFINITIONAL_REPRESENTATION('',(#241),#245);
#241 = LINE('',#242,#243);
#242 = CARTESIAN_POINT('',(-0.,0.));
#243 = VECTOR('',#244,1.);
#244 = DIRECTION('',(-0.,1.));
#245 = ( GEOMETRIC_REPRESENTATION_CONTEXT(2) 
PARAMETRIC_REPRESENTATION_CONTEXT() REPRESENTATION_CONTEXT('2D SPACE',''
  ) );
#246 = ORIENTED_EDGE('',*,*,#247,.F.);
#247 = EDGE_CURVE('',#248,#225,#250,.T.);
#248 = VERTEX_POINT('',#249);
#249 = CARTESIAN_POINT('',(145.55,104.46666666666,1.2));
#250 = SURFACE_CURVE('',#251,(#255,#262),.PCURVE_S1.);
#251 = LINE('',#252,#253);
#252 = CARTESIAN_POINT('',(145.55,104.46666666666,0.6));
#253 = VECTOR('',#254,1.);
#254 = DIRECTION('',(-0.,-0.,1.));
#255 = PCURVE('',#32,#256);
#256 = DEFINITIONAL_REPRESENTATION('',(#257),#261);
#257 = LINE('',#258,#259);
#258 = CARTESIAN_POINT('',(-0.6,-104.4666666666));
#259 = VECTOR('',#260,1.);
#260 = DIRECTION('',(-1.,-0.));
#261 = ( GEOMETRIC_REPRESENTATION_CONTEXT(2) 
PARAMETRIC_REPRESENTATION_CONTEXT() REPRESENTATION_CONTEXT('2D SPACE',''
  ) );
#262 = PCURVE('',#263,#268);
#263 = PLANE('',#264);
#264 = AXIS2_PLACEMENT_3D('',#265,#266,#267);
#265 = CARTESIAN_POINT('',(145.75,104.46666666666,1.2));
#266 = DIRECTION('',(0.,1.,0.));
#267 = DIRECTION('',(0.,-0.,-1.));
#268 = DEFINITIONAL_REPRESENTATION('',(#269),#273);
#269 = LINE('',#270,#271);
#270 = CARTESIAN_POINT('',(0.6,0.2));
#271 = VECTOR('',#272,1.);
#272 = DIRECTION('',(-1.,0.));
#273 = ( GEOMETRIC_REPRESENTATION_CONTEXT(2) 
PARAMETRIC_REPRESENTATION_CONTEXT() REPRESENTATION_CONTEXT('2D SPACE',''
  ) );
#274 = ORIENTED_EDGE('',*,*,#275,.T.);
#275 = EDGE_CURVE('',#248,#276,#278,.T.);
#276 = VERTEX_POINT('',#277);
#277 = CARTESIAN_POINT('',(145.55,80.066666666667,1.2));
#278 = SURFACE_CURVE('',#279,(#283,#290),.PCURVE_S1.);
#279 = LINE('',#280,#281);
#280 = CARTESIAN_POINT('',(145.55,40.033333333333,1.2));
#281 = VECTOR('',#282,1.);
#282 = DIRECTION('',(-0.,-1.,-0.));
#283 = PCURVE('',#32,#284);
#284 = DEFINITIONAL_REPRESENTATION('',(#285),#289);
#285 = LINE('',#286,#287);
#286 = CARTESIAN_POINT('',(-1.2,-40.03333333333));
#287 = VECTOR('',#288,1.);
#288 = DIRECTION('',(-0.,1.));
#289 = ( GEOMETRIC_REPRESENTATION_CONTEXT(2) 
PARAMETRIC_REPRESENTATION_CONTEXT() REPRESENTATION_CONTEXT('2D SPACE',''
  ) );
#290 = PCURVE('',#291,#296);
#291 = PLANE('',#292);
#292 = AXIS2_PLACEMENT_3D('',#293,#294,#295);
#293 = CARTESIAN_POINT('',(145.75,80.066666666667,1.2));
#294 = DIRECTION('',(0.,0.,1.));
#295 = DIRECTION('',(1.,0.,0.));
#296 = DEFINITIONAL_REPRESENTATION('',(#297),#301);
#297 = LINE('',#298,#299);
#298 = CARTESIAN_POINT('',(-0.2,-40.03333333333));
#299 = VECTOR('',#300,1.);
#300 = DIRECTION('',(-0.,-1.));
#301 = ( GEOMETRIC_REPRESENTATION_CONTEXT(2) 
PARAMETRIC_REPRESENTATION_CONTEXT() REPRESENTATION_CONTEXT('2D SPACE',''
  ) );
#302 = ORIENTED_EDGE('',*,*,#303,.T.);
#303 = EDGE_CURVE('',#276,#304,#306,.T.);
#304 = VERTEX_POINT('',#305);
#305 = CARTESIAN_POINT('',(145.55,80.066666666667,2.8));
#306 = SURFACE_CURVE('',#307,(#311,#318),.PCURVE_S1.);
#307 = LINE('',#308,#309);
#308 = CARTESIAN_POINT('',(145.55,80.066666666667,0.6));
#309 = VECTOR('',#310,1.);
#310 = DIRECTION('',(-0.,-0.,1.));
#311 = PCURVE('',#32,#312);
#312 = DEFINITIONAL_REPRESENTATION('',(#313),#317);
#313 = LINE('',#314,#315);
#314 = CARTESIAN_POINT('',(-0.6,-80.06666666666));
#315 = VECTOR('',#316,1.);
#316 = DIRECTION('',(-1.,-0.));
#317 = ( GEOMETRIC_REPRESENTATION_CONTEXT(2) 
PARAMETRIC_REPRESENTATION_CONTEXT() REPRESENTATION_CONTEXT('2D SPACE',''
  ) );
#318 = PCURVE('',#319,#324);
#319 = PLANE('',#320);
#320 = AXIS2_PLACEMENT_3D('',#321,#322,#323);
#321 = CARTESIAN_POINT('',(145.75,80.066666666667,1.2));
#322 = DIRECTION('',(0.,1.,0.));
#323 = DIRECTION('',(0.,-0.,-1.));
#324 = DEFINITIONAL_REPRESENTATION('',(#325),#329);
#325 = LINE('',#326,#327);
#326 = CARTESIAN_POINT('',(0.6,0.2));
#327 = VECTOR('',#328,1.);
#328 = DIRECTION('',(-1.,0.));
#329 = ( GEOMETRIC_REPRESENTATION_CONTEXT(2) 
PARAMETRIC_REPRESENTATION_CONTEXT() REPRESENTATION_CONTEXT('2D SPACE',''
  ) );
#330 = ORIENTED_EDGE('',*,*,#331,.F.);
#331 = EDGE_CURVE('',#332,#304,#334,.T.);
#332 = VERTEX_POINT('',#333);
#333 = CARTESIAN_POINT('',(145.55,64.333333333333,2.8));
#334 = SURFACE_CURVE('',#335,(#339,#346),.PCURVE_S1.);
#335 = LINE('',#336,#337);
#336 = CARTESIAN_POINT('',(145.55,0.,2.8));
#337 = VECTOR('',#338,1.);
#338 = DIRECTION('',(0.,1.,0.));
#339 = PCURVE('',#32,#340);
#340 = DEFINITIONAL_REPRESENTATION('',(#341),#345);
#341 = LINE('',#342,#343);
#342 = CARTESIAN_POINT('',(-2.8,-0.));
#343 = VECTOR('',#344,1.);
#344 = DIRECTION('',(-0.,-1.));
#345 = ( GEOMETRIC_REPRESENTATION_CONTEXT(2) 
PARAMETRIC_REPRESENTATION_CONTEXT() REPRESENTATION_CONTEXT('2D SPACE',''
  ) );
#346 = PCURVE('',#128,#347);
#347 = DEFINITIONAL_REPRESENTATION('',(#348),#352);
#348 = LINE('',#349,#350);
#349 = CARTESIAN_POINT('',(-0.,0.));
#350 = VECTOR('',#351,1.);
#351 = DIRECTION('',(-0.,1.));
#352 = ( GEOMETRIC_REPRESENTATION_CONTEXT(2) 
PARAMETRIC_REPRESENTATION_CONTEXT() REPRESENTATION_CONTEXT('2D SPACE',''
  ) );
#353 = ORIENTED_EDGE('',*,*,#354,.F.);
#354 = EDGE_CURVE('',#355,#332,#357,.T.);
#355 = VERTEX_POINT('',#356);
#356 = CARTESIAN_POINT('',(145.55,64.333333333333,1.2));
#357 = SURFACE_CURVE('',#358,(#362,#369),.PCURVE_S1.);
#358 = LINE('',#359,#360);
#359 = CARTESIAN_POINT('',(145.55,64.333333333333,0.6));
#360 = VECTOR('',#361,1.);
#361 = DIRECTION('',(-0.,-0.,1.));
#362 = PCURVE('',#32,#363);
#363 = DEFINITIONAL_REPRESENTATION('',(#364),#368);
#364 = LINE('',#365,#366);
#365 = CARTESIAN_POINT('',(-0.6,-64.33333333333));
#366 = VECTOR('',#367,1.);
#367 = DIRECTION('',(-1.,-0.));
#368 = ( GEOMETRIC_REPRESENTATION_CONTEXT(2) 
PARAMETRIC_REPRESENTATION_CONTEXT() REPRESENTATION_CONTEXT('2D SPACE',''
  ) );
#369 = PCURVE('',#370,#375);
#370 = PLANE('',#371);
#371 = AXIS2_PLACEMENT_3D('',#372,#373,#374);
#372 = CARTESIAN_POINT('',(145.75,64.333333333333,1.2));
#373 = DIRECTION('',(0.,1.,0.));
#374 = DIRECTION('',(0.,-0.,-1.));
#375 = DEFINITIONAL_REPRESENTATION('',(#376),#380);
#376 = LINE('',#377,#378);
#377 = CARTESIAN_POINT('',(0.6,0.2));
#378 = VECTOR('',#379,1.);
#379 = DIRECTION('',(-1.,0.));
#380 = ( GEOMETRIC_REPRESENTATION_CONTEXT(2) 
PARAMETRIC_REPRESENTATION_CONTEXT() REPRESENTATION_CONTEXT('2D SPACE',''
  ) );
#381 = ORIENTED_EDGE('',*,*,#382,.T.);
#382 = EDGE_CURVE('',#355,#383,#385,.T.);
#383 = VERTEX_POINT('',#384);
#384 = CARTESIAN_POINT('',(145.55,39.933333333333,1.2));
#385 = SURFACE_CURVE('',#386,(#390,#397),.PCURVE_S1.);
#386 = LINE('',#387,#388);
#387 = CARTESIAN_POINT('',(145.55,19.966666666667,1.2));
#388 = VECTOR('',#389,1.);
#389 = DIRECTION('',(-0.,-1.,-0.));
#390 = PCURVE('',#32,#391);
#391 = DEFINITIONAL_REPRESENTATION('',(#392),#396);
#392 = LINE('',#393,#394);
#393 = CARTESIAN_POINT('',(-1.2,-19.96666666666));
#394 = VECTOR('',#395,1.);
#395 = DIRECTION('',(-0.,1.));
#396 = ( GEOMETRIC_REPRESENTATION_CONTEXT(2) 
PARAMETRIC_REPRESENTATION_CONTEXT() REPRESENTATION_CONTEXT('2D SPACE',''
  ) );
#397 = PCURVE('',#398,#403);
#398 = PLANE('',#399);
#399 = AXIS2_PLACEMENT_3D('',#400,#401,#402);
#400 = CARTESIAN_POINT('',(145.75,39.933333333333,1.2));
#401 = DIRECTION('',(0.,0.,1.));
#402 = DIRECTION('',(1.,0.,0.));
#403 = DEFINITIONAL_REPRESENTATION('',(#404),#408);
#404 = LINE('',#405,#406);
#405 = CARTESIAN_POINT('',(-0.2,-19.96666666666));
#406 = VECTOR('',#407,1.);
#407 = DIRECTION('',(-0.,-1.));
#408 = ( GEOMETRIC_REPRESENTATION_CONTEXT(2) 
PARAMETRIC_REPRESENTATION_CONTEXT() REPRESENTATION_CONTEXT('2D SPACE',''
  ) );
#409 = ORIENTED_EDGE('',*,*,#410,.T.);
#410 = EDGE_CURVE('',#383,#411,#413,.T.);
#411 = VERTEX_POINT('',#412);
#412 = CARTESIAN_POINT('',(145.55,39.933333333333,2.8));
#413 = SURFACE_CURVE('',#414,(#418,#425),.PCURVE_S1.);
#414 = LINE('',#415,#416);
#415 = CARTESIAN_POINT('',(145.55,39.933333333333,0.6));
#416 = VECTOR('',#417,1.);
#417 = DIRECTION('',(-0.,-0.,1.));
#418 = PCURVE('',#32,#419);
#419 = DEFINITIONAL_REPRESENTATION('',(#420),#424);
#420 = LINE('',#421,#422);
#421 = CARTESIAN_POINT('',(-0.6,-39.93333333333));
#422 = VECTOR('',#423,1.);
#423 = DIRECTION('',(-1.,-0.));
#424 = ( GEOMETRIC_REPRESENTATION_CONTEXT(2) 
PARAMETRIC_REPRESENTATION_CONTEXT() REPRESENTATION_CONTEXT('2D SPACE',''
  ) );
#425 = PCURVE('',#426,#431);
#426 = PLANE('',#427);
#427 = AXIS2_PLACEMENT_3D('',#428,#429,#430);
#428 = CARTESIAN_POINT('',(145.75,39.933333333333,1.2));
#429 = DIRECTION('',(0.,1.,0.));
#430 = DIRECTION('',(0.,-0.,-1.));
#431 = DEFINITIONAL_REPRESENTATION('',(#432),#436);
#432 = LINE('',#433,#434);
#433 = CARTESIAN_POINT('',(0.6,0.2));
#434 = VECTOR('',#435,1.);
#435 = DIRECTION('',(-1.,0.));
#436 = ( GEOMETRIC_REPRESENTATION_CONTEXT(2) 
PARAMETRIC_REPRESENTATION_CONTEXT() REPRESENTATION_CONTEXT('2D SPACE',''
  ) );
#437 = ORIENTED_EDGE('',*,*,#438,.F.);
#438 = EDGE_CURVE('',#439,#411,#441,.T.);
#439 = VERTEX_POINT('',#440);
#440 = CARTESIAN_POINT('',(145.55,24.2,2.8));
#441 = SURFACE_CURVE('',#442,(#446,#453),.PCURVE_S1.);
#442 = LINE('',#443,#444);
#443 = CARTESIAN_POINT('',(145.55,0.,2.8));
#444 = VECTOR('',#445,1.);
#445 = DIRECTION('',(0.,1.,0.));
#446 = PCURVE('',#32,#447);
#447 = DEFINITIONAL_REPRESENTATION('',(#448),#452);
#448 = LINE('',#449,#450);
#449 = CARTESIAN_POINT('',(-2.8,-0.));
#450 = VECTOR('',#451,1.);
#451 = DIRECTION('',(-0.,-1.));
#452 = ( GEOMETRIC_REPRESENTATION_CONTEXT(2) 
PARAMETRIC_REPRESENTATION_CONTEXT() REPRESENTATION_CONTEXT('2D SPACE',''
  ) );
#453 = PCURVE('',#128,#454);
#454 = DEFINITIONAL_REPRESENTATION('',(#455),#459);
#455 = LINE('',#456,#457);
#456 = CARTESIAN_POINT('',(-0.,0.));
#457 = VECTOR('',#458,1.);
#458 = DIRECTION('',(-0.,1.));
#459 = ( GEOMETRIC_REPRESENTATION_CONTEXT(2) 
PARAMETRIC_REPRESENTATION_CONTEXT() REPRESENTATION_CONTEXT('2D SPACE',''
  ) );
#460 = ORIENTED_EDGE('',*,*,#461,.F.);
#461 = EDGE_CURVE('',#462,#439,#464,.T.);
#462 = VERTEX_POINT('',#463);
#463 = CARTESIAN_POINT('',(145.55,24.2,1.2));
#464 = SURFACE_CURVE('',#465,(#469,#476),.PCURVE_S1.);
#465 = LINE('',#466,#467);
#466 = CARTESIAN_POINT('',(145.55,24.2,0.6));
#467 = VECTOR('',#468,1.);
#468 = DIRECTION('',(-0.,-0.,1.));
#469 = PCURVE('',#32,#470);
#470 = DEFINITIONAL_REPRESENTATION('',(#471),#475);
#471 = LINE('',#472,#473);
#472 = CARTESIAN_POINT('',(-0.6,-24.2));
#473 = VECTOR('',#474,1.);
#474 = DIRECTION('',(-1.,-0.));
#475 = ( GEOMETRIC_REPRESENTATION_CONTEXT(2) 
PARAMETRIC_REPRESENTATION_CONTEXT() REPRESENTATION_CONTEXT('2D SPACE',''
  ) );
#476 = PCURVE('',#477,#482);
#477 = PLANE('',#478);
#478 = AXIS2_PLACEMENT_3D('',#479,#480,#481);
#479 = CARTESIAN_POINT('',(145.75,24.2,1.2));
#480 = DIRECTION('',(0.,1.,0.));
#481 = DIRECTION('',(0.,-0.,-1.));
#482 = DEFINITIONAL_REPRESENTATION('',(#483),#487);
#483 = LINE('',#484,#485);
#484 = CARTESIAN_POINT('',(0.6,0.2));
#485 = VECTOR('',#486,1.);
#486 = DIRECTION('',(-1.,0.));
#487 = ( GEOMETRIC_REPRESENTATION_CONTEXT(2) 
PARAMETRIC_REPRESENTATION_CONTEXT() REPRESENTATION_CONTEXT('2D SPACE',''
  ) );
#488 = ORIENTED_EDGE('',*,*,#489,.T.);
#489 = EDGE_CURVE('',#462,#24,#490,.T.);
#490 = SURFACE_CURVE('',#491,(#495,#502),.PCURVE_S1.);
#491 = LINE('',#492,#493);
#492 = CARTESIAN_POINT('',(145.55,-0.1,1.2));
#493 = VECTOR('',#494,1.);
#494 = DIRECTION('',(-0.,-1.,-0.));
#495 = PCURVE('',#32,#496);
#496 = DEFINITIONAL_REPRESENTATION('',(#497),#501);
#497 = LINE('',#498,#499);
#498 = CARTESIAN_POINT('',(-1.2,0.1));
#499 = VECTOR('',#500,1.);
#500 = DIRECTION('',(-0.,1.));
#501 = ( GEOMETRIC_REPRESENTATION_CONTEXT(2) 
PARAMETRIC_REPRESENTATION_CONTEXT() REPRESENTATION_CONTEXT('2D SPACE',''
  ) );
#502 = PCURVE('',#503,#508);
#503 = PLANE('',#504);
#504 = AXIS2_PLACEMENT_3D('',#505,#506,#507);
#505 = CARTESIAN_POINT('',(145.75,-0.2,1.2));
#506 = DIRECTION('',(0.,0.,1.));
#507 = DIRECTION('',(1.,0.,0.));
#508 = DEFINITIONAL_REPRESENTATION('',(#509),#513);
#509 = LINE('',#510,#511);
#510 = CARTESIAN_POINT('',(-0.2,0.1));
#511 = VECTOR('',#512,1.);
#512 = DIRECTION('',(-0.,-1.));
#513 = ( GEOMETRIC_REPRESENTATION_CONTEXT(2) 
PARAMETRIC_REPRESENTATION_CONTEXT() REPRESENTATION_CONTEXT('2D SPACE',''
  ) );
#514 = ADVANCED_FACE('',(#515),#44,.F.);
#515 = FACE_BOUND('',#516,.T.);
#516 = EDGE_LOOP('',(#517,#547,#568,#569,#592,#620));
#517 = ORIENTED_EDGE('',*,*,#518,.F.);
#518 = EDGE_CURVE('',#519,#521,#523,.T.);
#519 = VERTEX_POINT('',#520);
#520 = CARTESIAN_POINT('',(4.,0.,0.));
#521 = VERTEX_POINT('',#522);
#522 = CARTESIAN_POINT('',(4.,0.,2.8));
#523 = SURFACE_CURVE('',#524,(#528,#535),.PCURVE_S1.);
#524 = LINE('',#525,#526);
#525 = CARTESIAN_POINT('',(4.,0.,0.));
#526 = VECTOR('',#527,1.);
#527 = DIRECTION('',(0.,0.,1.));
#528 = PCURVE('',#44,#529);
#529 = DEFINITIONAL_REPRESENTATION('',(#530),#534);
#530 = LINE('',#531,#532);
#531 = CARTESIAN_POINT('',(-0.,141.55));
#532 = VECTOR('',#533,1.);
#533 = DIRECTION('',(-1.,-0.));
#534 = ( GEOMETRIC_REPRESENTATION_CONTEXT(2) 
PARAMETRIC_REPRESENTATION_CONTEXT() REPRESENTATION_CONTEXT('2D SPACE',''
  ) );
#535 = PCURVE('',#536,#541);
#536 = PLANE('',#537);
#537 = AXIS2_PLACEMENT_3D('',#538,#539,#540);
#538 = CARTESIAN_POINT('',(4.,0.,0.));
#539 = DIRECTION('',(-1.,-0.,0.));
#540 = DIRECTION('',(0.,-0.,-1.));
#541 = DEFINITIONAL_REPRESENTATION('',(#542),#546);
#542 = LINE('',#543,#544);
#543 = CARTESIAN_POINT('',(-0.,-0.));
#544 = VECTOR('',#545,1.);
#545 = DIRECTION('',(-1.,-0.));
#546 = ( GEOMETRIC_REPRESENTATION_CONTEXT(2) 
PARAMETRIC_REPRESENTATION_CONTEXT() REPRESENTATION_CONTEXT('2D SPACE',''
  ) );
#547 = ORIENTED_EDGE('',*,*,#548,.F.);
#548 = EDGE_CURVE('',#22,#519,#549,.T.);
#549 = SURFACE_CURVE('',#550,(#554,#561),.PCURVE_S1.);
#550 = LINE('',#551,#552);
#551 = CARTESIAN_POINT('',(145.55,0.,0.));
#552 = VECTOR('',#553,1.);
#553 = DIRECTION('',(-1.,-0.,0.));
#554 = PCURVE('',#44,#555);
#555 = DEFINITIONAL_REPRESENTATION('',(#556),#560);
#556 = LINE('',#557,#558);
#557 = CARTESIAN_POINT('',(-0.,-0.));
#558 = VECTOR('',#559,1.);
#559 = DIRECTION('',(-0.,1.));
#560 = ( GEOMETRIC_REPRESENTATION_CONTEXT(2) 
PARAMETRIC_REPRESENTATION_CONTEXT() REPRESENTATION_CONTEXT('2D SPACE',''
  ) );
#561 = PCURVE('',#72,#562);
#562 = DEFINITIONAL_REPRESENTATION('',(#563),#567);
#563 = LINE('',#564,#565);
#564 = CARTESIAN_POINT('',(-0.,0.));
#565 = VECTOR('',#566,1.);
#566 = DIRECTION('',(-1.,0.));
#567 = ( GEOMETRIC_REPRESENTATION_CONTEXT(2) 
PARAMETRIC_REPRESENTATION_CONTEXT() REPRESENTATION_CONTEXT('2D SPACE',''
  ) );
#568 = ORIENTED_EDGE('',*,*,#21,.T.);
#569 = ORIENTED_EDGE('',*,*,#570,.T.);
#570 = EDGE_CURVE('',#24,#571,#573,.T.);
#571 = VERTEX_POINT('',#572);
#572 = CARTESIAN_POINT('',(142.55,0.,1.2));
#573 = SURFACE_CURVE('',#574,(#578,#585),.PCURVE_S1.);
#574 = LINE('',#575,#576);
#575 = CARTESIAN_POINT('',(145.65,0.,1.2));
#576 = VECTOR('',#577,1.);
#577 = DIRECTION('',(-1.,-0.,-0.));
#578 = PCURVE('',#44,#579);
#579 = DEFINITIONAL_REPRESENTATION('',(#580),#584);
#580 = LINE('',#581,#582);
#581 = CARTESIAN_POINT('',(-1.2,-9.999999999999E-02));
#582 = VECTOR('',#583,1.);
#583 = DIRECTION('',(-0.,1.));
#584 = ( GEOMETRIC_REPRESENTATION_CONTEXT(2) 
PARAMETRIC_REPRESENTATION_CONTEXT() REPRESENTATION_CONTEXT('2D SPACE',''
  ) );
#585 = PCURVE('',#503,#586);
#586 = DEFINITIONAL_REPRESENTATION('',(#587),#591);
#587 = LINE('',#588,#589);
#588 = CARTESIAN_POINT('',(-9.999999999999E-02,0.2));
#589 = VECTOR('',#590,1.);
#590 = DIRECTION('',(-1.,0.));
#591 = ( GEOMETRIC_REPRESENTATION_CONTEXT(2) 
PARAMETRIC_REPRESENTATION_CONTEXT() REPRESENTATION_CONTEXT('2D SPACE',''
  ) );
#592 = ORIENTED_EDGE('',*,*,#593,.F.);
#593 = EDGE_CURVE('',#594,#571,#596,.T.);
#594 = VERTEX_POINT('',#595);
#595 = CARTESIAN_POINT('',(142.55,0.,2.8));
#596 = SURFACE_CURVE('',#597,(#601,#608),.PCURVE_S1.);
#597 = LINE('',#598,#599);
#598 = CARTESIAN_POINT('',(142.55,0.,0.6));
#599 = VECTOR('',#600,1.);
#600 = DIRECTION('',(-0.,-0.,-1.));
#601 = PCURVE('',#44,#602);
#602 = DEFINITIONAL_REPRESENTATION('',(#603),#607);
#603 = LINE('',#604,#605);
#604 = CARTESIAN_POINT('',(-0.6,3.));
#605 = VECTOR('',#606,1.);
#606 = DIRECTION('',(1.,-0.));
#607 = ( GEOMETRIC_REPRESENTATION_CONTEXT(2) 
PARAMETRIC_REPRESENTATION_CONTEXT() REPRESENTATION_CONTEXT('2D SPACE',''
  ) );
#608 = PCURVE('',#609,#614);
#609 = PLANE('',#610);
#610 = AXIS2_PLACEMENT_3D('',#611,#612,#613);
#611 = CARTESIAN_POINT('',(142.55,-0.2,1.2));
#612 = DIRECTION('',(-1.,-0.,0.));
#613 = DIRECTION('',(0.,-0.,-1.));
#614 = DEFINITIONAL_REPRESENTATION('',(#615),#619);
#615 = LINE('',#616,#617);
#616 = CARTESIAN_POINT('',(0.6,-0.2));
#617 = VECTOR('',#618,1.);
#618 = DIRECTION('',(1.,-0.));
#619 = ( GEOMETRIC_REPRESENTATION_CONTEXT(2) 
PARAMETRIC_REPRESENTATION_CONTEXT() REPRESENTATION_CONTEXT('2D SPACE',''
  ) );
#620 = ORIENTED_EDGE('',*,*,#621,.T.);
#621 = EDGE_CURVE('',#594,#521,#622,.T.);
#622 = SURFACE_CURVE('',#623,(#627,#634),.PCURVE_S1.);
#623 = LINE('',#624,#625);
#624 = CARTESIAN_POINT('',(145.55,0.,2.8));
#625 = VECTOR('',#626,1.);
#626 = DIRECTION('',(-1.,-0.,0.));
#627 = PCURVE('',#44,#628);
#628 = DEFINITIONAL_REPRESENTATION('',(#629),#633);
#629 = LINE('',#630,#631);
#630 = CARTESIAN_POINT('',(-2.8,-0.));
#631 = VECTOR('',#632,1.);
#632 = DIRECTION('',(-0.,1.));
#633 = ( GEOMETRIC_REPRESENTATION_CONTEXT(2) 
PARAMETRIC_REPRESENTATION_CONTEXT() REPRESENTATION_CONTEXT('2D SPACE',''
  ) );
#634 = PCURVE('',#128,#635);
#635 = DEFINITIONAL_REPRESENTATION('',(#636),#640);
#636 = LINE('',#637,#638);
#637 = CARTESIAN_POINT('',(-0.,0.));
#638 = VECTOR('',#639,1.);
#639 = DIRECTION('',(-1.,0.));
#640 = ( GEOMETRIC_REPRESENTATION_CONTEXT(2) 
PARAMETRIC_REPRESENTATION_CONTEXT() REPRESENTATION_CONTEXT('2D SPACE',''
  ) );
#641 = ADVANCED_FACE('',(#642),#503,.T.);
#642 = FACE_BOUND('',#643,.F.);
#643 = EDGE_LOOP('',(#644,#667,#668,#669));
#644 = ORIENTED_EDGE('',*,*,#645,.F.);
#645 = EDGE_CURVE('',#462,#646,#648,.T.);
#646 = VERTEX_POINT('',#647);
#647 = CARTESIAN_POINT('',(142.55,24.2,1.2));
#648 = SURFACE_CURVE('',#649,(#653,#660),.PCURVE_S1.);
#649 = LINE('',#650,#651);
#650 = CARTESIAN_POINT('',(145.75,24.2,1.2));
#651 = VECTOR('',#652,1.);
#652 = DIRECTION('',(-1.,-0.,0.));
#653 = PCURVE('',#503,#654);
#654 = DEFINITIONAL_REPRESENTATION('',(#655),#659);
#655 = LINE('',#656,#657);
#656 = CARTESIAN_POINT('',(0.,24.4));
#657 = VECTOR('',#658,1.);
#658 = DIRECTION('',(-1.,0.));
#659 = ( GEOMETRIC_REPRESENTATION_CONTEXT(2) 
PARAMETRIC_REPRESENTATION_CONTEXT() REPRESENTATION_CONTEXT('2D SPACE',''
  ) );
#660 = PCURVE('',#477,#661);
#661 = DEFINITIONAL_REPRESENTATION('',(#662),#666);
#662 = LINE('',#663,#664);
#663 = CARTESIAN_POINT('',(-0.,-0.));
#664 = VECTOR('',#665,1.);
#665 = DIRECTION('',(-0.,1.));
#666 = ( GEOMETRIC_REPRESENTATION_CONTEXT(2) 
PARAMETRIC_REPRESENTATION_CONTEXT() REPRESENTATION_CONTEXT('2D SPACE',''
  ) );
#667 = ORIENTED_EDGE('',*,*,#489,.T.);
#668 = ORIENTED_EDGE('',*,*,#570,.T.);
#669 = ORIENTED_EDGE('',*,*,#670,.T.);
#670 = EDGE_CURVE('',#571,#646,#671,.T.);
#671 = SURFACE_CURVE('',#672,(#676,#683),.PCURVE_S1.);
#672 = LINE('',#673,#674);
#673 = CARTESIAN_POINT('',(142.55,-0.2,1.2));
#674 = VECTOR('',#675,1.);
#675 = DIRECTION('',(0.,1.,0.));
#676 = PCURVE('',#503,#677);
#677 = DEFINITIONAL_REPRESENTATION('',(#678),#682);
#678 = LINE('',#679,#680);
#679 = CARTESIAN_POINT('',(-3.2,0.));
#680 = VECTOR('',#681,1.);
#681 = DIRECTION('',(0.,1.));
#682 = ( GEOMETRIC_REPRESENTATION_CONTEXT(2) 
PARAMETRIC_REPRESENTATION_CONTEXT() REPRESENTATION_CONTEXT('2D SPACE',''
  ) );
#683 = PCURVE('',#609,#684);
#684 = DEFINITIONAL_REPRESENTATION('',(#685),#689);
#685 = LINE('',#686,#687);
#686 = CARTESIAN_POINT('',(-0.,-0.));
#687 = VECTOR('',#688,1.);
#688 = DIRECTION('',(-0.,-1.));
#689 = ( GEOMETRIC_REPRESENTATION_CONTEXT(2) 
PARAMETRIC_REPRESENTATION_CONTEXT() REPRESENTATION_CONTEXT('2D SPACE',''
  ) );
#690 = ADVANCED_FACE('',(#691),#477,.F.);
#691 = FACE_BOUND('',#692,.T.);
#692 = EDGE_LOOP('',(#693,#694,#695,#718));
#693 = ORIENTED_EDGE('',*,*,#645,.F.);
#694 = ORIENTED_EDGE('',*,*,#461,.T.);
#695 = ORIENTED_EDGE('',*,*,#696,.F.);
#696 = EDGE_CURVE('',#697,#439,#699,.T.);
#697 = VERTEX_POINT('',#698);
#698 = CARTESIAN_POINT('',(142.55,24.2,2.8));
#699 = SURFACE_CURVE('',#700,(#704,#711),.PCURVE_S1.);
#700 = LINE('',#701,#702);
#701 = CARTESIAN_POINT('',(145.65,24.2,2.8));
#702 = VECTOR('',#703,1.);
#703 = DIRECTION('',(1.,-0.,-0.));
#704 = PCURVE('',#477,#705);
#705 = DEFINITIONAL_REPRESENTATION('',(#706),#710);
#706 = LINE('',#707,#708);
#707 = CARTESIAN_POINT('',(-1.6,9.999999999999E-02));
#708 = VECTOR('',#709,1.);
#709 = DIRECTION('',(-0.,-1.));
#710 = ( GEOMETRIC_REPRESENTATION_CONTEXT(2) 
PARAMETRIC_REPRESENTATION_CONTEXT() REPRESENTATION_CONTEXT('2D SPACE',''
  ) );
#711 = PCURVE('',#128,#712);
#712 = DEFINITIONAL_REPRESENTATION('',(#713),#717);
#713 = LINE('',#714,#715);
#714 = CARTESIAN_POINT('',(9.999999999999E-02,24.2));
#715 = VECTOR('',#716,1.);
#716 = DIRECTION('',(1.,-0.));
#717 = ( GEOMETRIC_REPRESENTATION_CONTEXT(2) 
PARAMETRIC_REPRESENTATION_CONTEXT() REPRESENTATION_CONTEXT('2D SPACE',''
  ) );
#718 = ORIENTED_EDGE('',*,*,#719,.F.);
#719 = EDGE_CURVE('',#646,#697,#720,.T.);
#720 = SURFACE_CURVE('',#721,(#725,#732),.PCURVE_S1.);
#721 = LINE('',#722,#723);
#722 = CARTESIAN_POINT('',(142.55,24.2,1.2));
#723 = VECTOR('',#724,1.);
#724 = DIRECTION('',(0.,0.,1.));
#725 = PCURVE('',#477,#726);
#726 = DEFINITIONAL_REPRESENTATION('',(#727),#731);
#727 = LINE('',#728,#729);
#728 = CARTESIAN_POINT('',(-0.,3.2));
#729 = VECTOR('',#730,1.);
#730 = DIRECTION('',(-1.,-0.));
#731 = ( GEOMETRIC_REPRESENTATION_CONTEXT(2) 
PARAMETRIC_REPRESENTATION_CONTEXT() REPRESENTATION_CONTEXT('2D SPACE',''
  ) );
#732 = PCURVE('',#609,#733);
#733 = DEFINITIONAL_REPRESENTATION('',(#734),#738);
#734 = LINE('',#735,#736);
#735 = CARTESIAN_POINT('',(-0.,-24.4));
#736 = VECTOR('',#737,1.);
#737 = DIRECTION('',(-1.,-0.));
#738 = ( GEOMETRIC_REPRESENTATION_CONTEXT(2) 
PARAMETRIC_REPRESENTATION_CONTEXT() REPRESENTATION_CONTEXT('2D SPACE',''
  ) );
#739 = ADVANCED_FACE('',(#740,#1365,#1479,#1603,#1717,#1841,#1965,#2089,
    #2203,#2327,#2451),#128,.T.);
#740 = FACE_BOUND('',#741,.F.);
#741 = EDGE_LOOP('',(#742,#743,#744,#765,#766,#789,#817,#845,#873,#901,
    #929,#957,#985,#1013,#1041,#1069,#1097,#1125,#1146,#1147,#1170,#1198
    ,#1219,#1220,#1243,#1271,#1292,#1293,#1316,#1344));
#742 = ORIENTED_EDGE('',*,*,#438,.F.);
#743 = ORIENTED_EDGE('',*,*,#696,.F.);
#744 = ORIENTED_EDGE('',*,*,#745,.F.);
#745 = EDGE_CURVE('',#594,#697,#746,.T.);
#746 = SURFACE_CURVE('',#747,(#751,#758),.PCURVE_S1.);
#747 = LINE('',#748,#749);
#748 = CARTESIAN_POINT('',(142.55,-0.1,2.8));
#749 = VECTOR('',#750,1.);
#750 = DIRECTION('',(-0.,1.,-0.));
#751 = PCURVE('',#128,#752);
#752 = DEFINITIONAL_REPRESENTATION('',(#753),#757);
#753 = LINE('',#754,#755);
#754 = CARTESIAN_POINT('',(-3.,-0.1));
#755 = VECTOR('',#756,1.);
#756 = DIRECTION('',(-0.,1.));
#757 = ( GEOMETRIC_REPRESENTATION_CONTEXT(2) 
PARAMETRIC_REPRESENTATION_CONTEXT() REPRESENTATION_CONTEXT('2D SPACE',''
  ) );
#758 = PCURVE('',#609,#759);
#759 = DEFINITIONAL_REPRESENTATION('',(#760),#764);
#760 = LINE('',#761,#762);
#761 = CARTESIAN_POINT('',(-1.6,-0.1));
#762 = VECTOR('',#763,1.);
#763 = DIRECTION('',(-0.,-1.));
#764 = ( GEOMETRIC_REPRESENTATION_CONTEXT(2) 
PARAMETRIC_REPRESENTATION_CONTEXT() REPRESENTATION_CONTEXT('2D SPACE',''
  ) );
#765 = ORIENTED_EDGE('',*,*,#621,.T.);
#766 = ORIENTED_EDGE('',*,*,#767,.T.);
#767 = EDGE_CURVE('',#521,#768,#770,.T.);
#768 = VERTEX_POINT('',#769);
#769 = CARTESIAN_POINT('',(4.,36.416,2.8));
#770 = SURFACE_CURVE('',#771,(#775,#782),.PCURVE_S1.);
#771 = LINE('',#772,#773);
#772 = CARTESIAN_POINT('',(4.,0.,2.8));
#773 = VECTOR('',#774,1.);
#774 = DIRECTION('',(0.,1.,0.));
#775 = PCURVE('',#128,#776);
#776 = DEFINITIONAL_REPRESENTATION('',(#777),#781);
#777 = LINE('',#778,#779);
#778 = CARTESIAN_POINT('',(-141.55,0.));
#779 = VECTOR('',#780,1.);
#780 = DIRECTION('',(-0.,1.));
#781 = ( GEOMETRIC_REPRESENTATION_CONTEXT(2) 
PARAMETRIC_REPRESENTATION_CONTEXT() REPRESENTATION_CONTEXT('2D SPACE',''
  ) );
#782 = PCURVE('',#536,#783);
#783 = DEFINITIONAL_REPRESENTATION('',(#784),#788);
#784 = LINE('',#785,#786);
#785 = CARTESIAN_POINT('',(-2.8,-0.));
#786 = VECTOR('',#787,1.);
#787 = DIRECTION('',(-0.,-1.));
#788 = ( GEOMETRIC_REPRESENTATION_CONTEXT(2) 
PARAMETRIC_REPRESENTATION_CONTEXT() REPRESENTATION_CONTEXT('2D SPACE',''
  ) );
#789 = ORIENTED_EDGE('',*,*,#790,.F.);
#790 = EDGE_CURVE('',#791,#768,#793,.T.);
#791 = VERTEX_POINT('',#792);
#792 = CARTESIAN_POINT('',(0.,34.416,2.8));
#793 = SURFACE_CURVE('',#794,(#798,#805),.PCURVE_S1.);
#794 = LINE('',#795,#796);
#795 = CARTESIAN_POINT('',(0.,34.416,2.8));
#796 = VECTOR('',#797,1.);
#797 = DIRECTION('',(0.894427191,0.4472135955,-0.));
#798 = PCURVE('',#128,#799);
#799 = DEFINITIONAL_REPRESENTATION('',(#800),#804);
#800 = LINE('',#801,#802);
#801 = CARTESIAN_POINT('',(-145.55,34.416));
#802 = VECTOR('',#803,1.);
#803 = DIRECTION('',(0.894427191,0.4472135955));
#804 = ( GEOMETRIC_REPRESENTATION_CONTEXT(2) 
PARAMETRIC_REPRESENTATION_CONTEXT() REPRESENTATION_CONTEXT('2D SPACE',''
  ) );
#805 = PCURVE('',#806,#811);
#806 = PLANE('',#807);
#807 = AXIS2_PLACEMENT_3D('',#808,#809,#810);
#808 = CARTESIAN_POINT('',(0.,34.416,0.));
#809 = DIRECTION('',(0.4472135955,-0.894427191,0.));
#810 = DIRECTION('',(-0.894427191,-0.4472135955,0.));
#811 = DEFINITIONAL_REPRESENTATION('',(#812),#816);
#812 = LINE('',#813,#814);
#813 = CARTESIAN_POINT('',(-0.,-2.8));
#814 = VECTOR('',#815,1.);
#815 = DIRECTION('',(-1.,0.));
#816 = ( GEOMETRIC_REPRESENTATION_CONTEXT(2) 
PARAMETRIC_REPRESENTATION_CONTEXT() REPRESENTATION_CONTEXT('2D SPACE',''
  ) );
#817 = ORIENTED_EDGE('',*,*,#818,.F.);
#818 = EDGE_CURVE('',#819,#791,#821,.T.);
#819 = VERTEX_POINT('',#820);
#820 = CARTESIAN_POINT('',(0.,46.416,2.8));
#821 = SURFACE_CURVE('',#822,(#826,#833),.PCURVE_S1.);
#822 = LINE('',#823,#824);
#823 = CARTESIAN_POINT('',(0.,46.416,2.8));
#824 = VECTOR('',#825,1.);
#825 = DIRECTION('',(-0.,-1.,-0.));
#826 = PCURVE('',#128,#827);
#827 = DEFINITIONAL_REPRESENTATION('',(#828),#832);
#828 = LINE('',#829,#830);
#829 = CARTESIAN_POINT('',(-145.55,46.416));
#830 = VECTOR('',#831,1.);
#831 = DIRECTION('',(-0.,-1.));
#832 = ( GEOMETRIC_REPRESENTATION_CONTEXT(2) 
PARAMETRIC_REPRESENTATION_CONTEXT() REPRESENTATION_CONTEXT('2D SPACE',''
  ) );
#833 = PCURVE('',#834,#839);
#834 = PLANE('',#835);
#835 = AXIS2_PLACEMENT_3D('',#836,#837,#838);
#836 = CARTESIAN_POINT('',(0.,46.416,0.));
#837 = DIRECTION('',(-1.,-0.,-0.));
#838 = DIRECTION('',(0.,1.,0.));
#839 = DEFINITIONAL_REPRESENTATION('',(#840),#844);
#840 = LINE('',#841,#842);
#841 = CARTESIAN_POINT('',(-0.,-2.8));
#842 = VECTOR('',#843,1.);
#843 = DIRECTION('',(-1.,0.));
#844 = ( GEOMETRIC_REPRESENTATION_CONTEXT(2) 
PARAMETRIC_REPRESENTATION_CONTEXT() REPRESENTATION_CONTEXT('2D SPACE',''
  ) );
#845 = ORIENTED_EDGE('',*,*,#846,.F.);
#846 = EDGE_CURVE('',#847,#819,#849,.T.);
#847 = VERTEX_POINT('',#848);
#848 = CARTESIAN_POINT('',(4.,44.416,2.8));
#849 = SURFACE_CURVE('',#850,(#854,#861),.PCURVE_S1.);
#850 = LINE('',#851,#852);
#851 = CARTESIAN_POINT('',(4.,44.416,2.8));
#852 = VECTOR('',#853,1.);
#853 = DIRECTION('',(-0.894427191,0.4472135955,-0.));
#854 = PCURVE('',#128,#855);
#855 = DEFINITIONAL_REPRESENTATION('',(#856),#860);
#856 = LINE('',#857,#858);
#857 = CARTESIAN_POINT('',(-141.55,44.416));
#858 = VECTOR('',#859,1.);
#859 = DIRECTION('',(-0.894427191,0.4472135955));
#860 = ( GEOMETRIC_REPRESENTATION_CONTEXT(2) 
PARAMETRIC_REPRESENTATION_CONTEXT() REPRESENTATION_CONTEXT('2D SPACE',''
  ) );
#861 = PCURVE('',#862,#867);
#862 = PLANE('',#863);
#863 = AXIS2_PLACEMENT_3D('',#864,#865,#866);
#864 = CARTESIAN_POINT('',(4.,44.416,0.));
#865 = DIRECTION('',(0.4472135955,0.894427191,-0.));
#866 = DIRECTION('',(0.894427191,-0.4472135955,0.));
#867 = DEFINITIONAL_REPRESENTATION('',(#868),#872);
#868 = LINE('',#869,#870);
#869 = CARTESIAN_POINT('',(-0.,-2.8));
#870 = VECTOR('',#871,1.);
#871 = DIRECTION('',(-1.,0.));
#872 = ( GEOMETRIC_REPRESENTATION_CONTEXT(2) 
PARAMETRIC_REPRESENTATION_CONTEXT() REPRESENTATION_CONTEXT('2D SPACE',''
  ) );
#873 = ORIENTED_EDGE('',*,*,#874,.T.);
#874 = EDGE_CURVE('',#847,#875,#877,.T.);
#875 = VERTEX_POINT('',#876);
#876 = CARTESIAN_POINT('',(4.,80.2,2.8));
#877 = SURFACE_CURVE('',#878,(#882,#889),.PCURVE_S1.);
#878 = LINE('',#879,#880);
#879 = CARTESIAN_POINT('',(4.,0.,2.8));
#880 = VECTOR('',#881,1.);
#881 = DIRECTION('',(0.,1.,0.));
#882 = PCURVE('',#128,#883);
#883 = DEFINITIONAL_REPRESENTATION('',(#884),#888);
#884 = LINE('',#885,#886);
#885 = CARTESIAN_POINT('',(-141.55,0.));
#886 = VECTOR('',#887,1.);
#887 = DIRECTION('',(-0.,1.));
#888 = ( GEOMETRIC_REPRESENTATION_CONTEXT(2) 
PARAMETRIC_REPRESENTATION_CONTEXT() REPRESENTATION_CONTEXT('2D SPACE',''
  ) );
#889 = PCURVE('',#890,#895);
#890 = PLANE('',#891);
#891 = AXIS2_PLACEMENT_3D('',#892,#893,#894);
#892 = CARTESIAN_POINT('',(4.,0.,0.));
#893 = DIRECTION('',(-1.,-0.,0.));
#894 = DIRECTION('',(0.,-0.,-1.));
#895 = DEFINITIONAL_REPRESENTATION('',(#896),#900);
#896 = LINE('',#897,#898);
#897 = CARTESIAN_POINT('',(-2.8,-0.));
#898 = VECTOR('',#899,1.);
#899 = DIRECTION('',(-0.,-1.));
#900 = ( GEOMETRIC_REPRESENTATION_CONTEXT(2) 
PARAMETRIC_REPRESENTATION_CONTEXT() REPRESENTATION_CONTEXT('2D SPACE',''
  ) );
#901 = ORIENTED_EDGE('',*,*,#902,.F.);
#902 = EDGE_CURVE('',#903,#875,#905,.T.);
#903 = VERTEX_POINT('',#904);
#904 = CARTESIAN_POINT('',(0.,78.2,2.8));
#905 = SURFACE_CURVE('',#906,(#910,#917),.PCURVE_S1.);
#906 = LINE('',#907,#908);
#907 = CARTESIAN_POINT('',(0.,78.2,2.8));
#908 = VECTOR('',#909,1.);
#909 = DIRECTION('',(0.894427191,0.4472135955,-0.));
#910 = PCURVE('',#128,#911);
#911 = DEFINITIONAL_REPRESENTATION('',(#912),#916);
#912 = LINE('',#913,#914);
#913 = CARTESIAN_POINT('',(-145.55,78.2));
#914 = VECTOR('',#915,1.);
#915 = DIRECTION('',(0.894427191,0.4472135955));
#916 = ( GEOMETRIC_REPRESENTATION_CONTEXT(2) 
PARAMETRIC_REPRESENTATION_CONTEXT() REPRESENTATION_CONTEXT('2D SPACE',''
  ) );
#917 = PCURVE('',#918,#923);
#918 = PLANE('',#919);
#919 = AXIS2_PLACEMENT_3D('',#920,#921,#922);
#920 = CARTESIAN_POINT('',(0.,78.2,0.));
#921 = DIRECTION('',(0.4472135955,-0.894427191,0.));
#922 = DIRECTION('',(-0.894427191,-0.4472135955,0.));
#923 = DEFINITIONAL_REPRESENTATION('',(#924),#928);
#924 = LINE('',#925,#926);
#925 = CARTESIAN_POINT('',(-0.,-2.8));
#926 = VECTOR('',#927,1.);
#927 = DIRECTION('',(-1.,0.));
#928 = ( GEOMETRIC_REPRESENTATION_CONTEXT(2) 
PARAMETRIC_REPRESENTATION_CONTEXT() REPRESENTATION_CONTEXT('2D SPACE',''
  ) );
#929 = ORIENTED_EDGE('',*,*,#930,.F.);
#930 = EDGE_CURVE('',#931,#903,#933,.T.);
#931 = VERTEX_POINT('',#932);
#932 = CARTESIAN_POINT('',(0.,90.2,2.8));
#933 = SURFACE_CURVE('',#934,(#938,#945),.PCURVE_S1.);
#934 = LINE('',#935,#936);
#935 = CARTESIAN_POINT('',(0.,90.2,2.8));
#936 = VECTOR('',#937,1.);
#937 = DIRECTION('',(-0.,-1.,-0.));
#938 = PCURVE('',#128,#939);
#939 = DEFINITIONAL_REPRESENTATION('',(#940),#944);
#940 = LINE('',#941,#942);
#941 = CARTESIAN_POINT('',(-145.55,90.2));
#942 = VECTOR('',#943,1.);
#943 = DIRECTION('',(-0.,-1.));
#944 = ( GEOMETRIC_REPRESENTATION_CONTEXT(2) 
PARAMETRIC_REPRESENTATION_CONTEXT() REPRESENTATION_CONTEXT('2D SPACE',''
  ) );
#945 = PCURVE('',#946,#951);
#946 = PLANE('',#947);
#947 = AXIS2_PLACEMENT_3D('',#948,#949,#950);
#948 = CARTESIAN_POINT('',(0.,90.2,0.));
#949 = DIRECTION('',(-1.,-0.,-0.));
#950 = DIRECTION('',(0.,1.,0.));
#951 = DEFINITIONAL_REPRESENTATION('',(#952),#956);
#952 = LINE('',#953,#954);
#953 = CARTESIAN_POINT('',(-0.,-2.8));
#954 = VECTOR('',#955,1.);
#955 = DIRECTION('',(-1.,0.));
#956 = ( GEOMETRIC_REPRESENTATION_CONTEXT(2) 
PARAMETRIC_REPRESENTATION_CONTEXT() REPRESENTATION_CONTEXT('2D SPACE',''
  ) );
#957 = ORIENTED_EDGE('',*,*,#958,.F.);
#958 = EDGE_CURVE('',#959,#931,#961,.T.);
#959 = VERTEX_POINT('',#960);
#960 = CARTESIAN_POINT('',(4.,88.2,2.8));
#961 = SURFACE_CURVE('',#962,(#966,#973),.PCURVE_S1.);
#962 = LINE('',#963,#964);
#963 = CARTESIAN_POINT('',(4.,88.2,2.8));
#964 = VECTOR('',#965,1.);
#965 = DIRECTION('',(-0.894427191,0.4472135955,-0.));
#966 = PCURVE('',#128,#967);
#967 = DEFINITIONAL_REPRESENTATION('',(#968),#972);
#968 = LINE('',#969,#970);
#969 = CARTESIAN_POINT('',(-141.55,88.2));
#970 = VECTOR('',#971,1.);
#971 = DIRECTION('',(-0.894427191,0.4472135955));
#972 = ( GEOMETRIC_REPRESENTATION_CONTEXT(2) 
PARAMETRIC_REPRESENTATION_CONTEXT() REPRESENTATION_CONTEXT('2D SPACE',''
  ) );
#973 = PCURVE('',#974,#979);
#974 = PLANE('',#975);
#975 = AXIS2_PLACEMENT_3D('',#976,#977,#978);
#976 = CARTESIAN_POINT('',(4.,88.2,0.));
#977 = DIRECTION('',(0.4472135955,0.894427191,-0.));
#978 = DIRECTION('',(0.894427191,-0.4472135955,0.));
#979 = DEFINITIONAL_REPRESENTATION('',(#980),#984);
#980 = LINE('',#981,#982);
#981 = CARTESIAN_POINT('',(-0.,-2.8));
#982 = VECTOR('',#983,1.);
#983 = DIRECTION('',(-1.,0.));
#984 = ( GEOMETRIC_REPRESENTATION_CONTEXT(2) 
PARAMETRIC_REPRESENTATION_CONTEXT() REPRESENTATION_CONTEXT('2D SPACE',''
  ) );
#985 = ORIENTED_EDGE('',*,*,#986,.T.);
#986 = EDGE_CURVE('',#959,#987,#989,.T.);
#987 = VERTEX_POINT('',#988);
#988 = CARTESIAN_POINT('',(4.,123.984,2.8));
#989 = SURFACE_CURVE('',#990,(#994,#1001),.PCURVE_S1.);
#990 = LINE('',#991,#992);
#991 = CARTESIAN_POINT('',(4.,0.,2.8));
#992 = VECTOR('',#993,1.);
#993 = DIRECTION('',(0.,1.,0.));
#994 = PCURVE('',#128,#995);
#995 = DEFINITIONAL_REPRESENTATION('',(#996),#1000);
#996 = LINE('',#997,#998);
#997 = CARTESIAN_POINT('',(-141.55,0.));
#998 = VECTOR('',#999,1.);
#999 = DIRECTION('',(-0.,1.));
#1000 = ( GEOMETRIC_REPRESENTATION_CONTEXT(2) 
PARAMETRIC_REPRESENTATION_CONTEXT() REPRESENTATION_CONTEXT('2D SPACE',''
  ) );
#1001 = PCURVE('',#1002,#1007);
#1002 = PLANE('',#1003);
#1003 = AXIS2_PLACEMENT_3D('',#1004,#1005,#1006);
#1004 = CARTESIAN_POINT('',(4.,0.,0.));
#1005 = DIRECTION('',(-1.,-0.,0.));
#1006 = DIRECTION('',(0.,-0.,-1.));
#1007 = DEFINITIONAL_REPRESENTATION('',(#1008),#1012);
#1008 = LINE('',#1009,#1010);
#1009 = CARTESIAN_POINT('',(-2.8,-0.));
#1010 = VECTOR('',#1011,1.);
#1011 = DIRECTION('',(-0.,-1.));
#1012 = ( GEOMETRIC_REPRESENTATION_CONTEXT(2) 
PARAMETRIC_REPRESENTATION_CONTEXT() REPRESENTATION_CONTEXT('2D SPACE',''
  ) );
#1013 = ORIENTED_EDGE('',*,*,#1014,.F.);
#1014 = EDGE_CURVE('',#1015,#987,#1017,.T.);
#1015 = VERTEX_POINT('',#1016);
#1016 = CARTESIAN_POINT('',(0.,121.984,2.8));
#1017 = SURFACE_CURVE('',#1018,(#1022,#1029),.PCURVE_S1.);
#1018 = LINE('',#1019,#1020);
#1019 = CARTESIAN_POINT('',(0.,121.984,2.8));
#1020 = VECTOR('',#1021,1.);
#1021 = DIRECTION('',(0.894427191,0.4472135955,-0.));
#1022 = PCURVE('',#128,#1023);
#1023 = DEFINITIONAL_REPRESENTATION('',(#1024),#1028);
#1024 = LINE('',#1025,#1026);
#1025 = CARTESIAN_POINT('',(-145.55,121.984));
#1026 = VECTOR('',#1027,1.);
#1027 = DIRECTION('',(0.894427191,0.4472135955));
#1028 = ( GEOMETRIC_REPRESENTATION_CONTEXT(2) 
PARAMETRIC_REPRESENTATION_CONTEXT() REPRESENTATION_CONTEXT('2D SPACE',''
  ) );
#1029 = PCURVE('',#1030,#1035);
#1030 = PLANE('',#1031);
#1031 = AXIS2_PLACEMENT_3D('',#1032,#1033,#1034);
#1032 = CARTESIAN_POINT('',(0.,121.984,0.));
#1033 = DIRECTION('',(0.4472135955,-0.894427191,0.));
#1034 = DIRECTION('',(-0.894427191,-0.4472135955,0.));
#1035 = DEFINITIONAL_REPRESENTATION('',(#1036),#1040);
#1036 = LINE('',#1037,#1038);
#1037 = CARTESIAN_POINT('',(-0.,-2.8));
#1038 = VECTOR('',#1039,1.);
#1039 = DIRECTION('',(-1.,0.));
#1040 = ( GEOMETRIC_REPRESENTATION_CONTEXT(2) 
PARAMETRIC_REPRESENTATION_CONTEXT() REPRESENTATION_CONTEXT('2D SPACE',''
  ) );
#1041 = ORIENTED_EDGE('',*,*,#1042,.F.);
#1042 = EDGE_CURVE('',#1043,#1015,#1045,.T.);
#1043 = VERTEX_POINT('',#1044);
#1044 = CARTESIAN_POINT('',(0.,133.984,2.8));
#1045 = SURFACE_CURVE('',#1046,(#1050,#1057),.PCURVE_S1.);
#1046 = LINE('',#1047,#1048);
#1047 = CARTESIAN_POINT('',(0.,133.984,2.8));
#1048 = VECTOR('',#1049,1.);
#1049 = DIRECTION('',(-0.,-1.,-0.));
#1050 = PCURVE('',#128,#1051);
#1051 = DEFINITIONAL_REPRESENTATION('',(#1052),#1056);
#1052 = LINE('',#1053,#1054);
#1053 = CARTESIAN_POINT('',(-145.55,133.984));
#1054 = VECTOR('',#1055,1.);
#1055 = DIRECTION('',(-0.,-1.));
#1056 = ( GEOMETRIC_REPRESENTATION_CONTEXT(2) 
PARAMETRIC_REPRESENTATION_CONTEXT() REPRESENTATION_CONTEXT('2D SPACE',''
  ) );
#1057 = PCURVE('',#1058,#1063);
#1058 = PLANE('',#1059);
#1059 = AXIS2_PLACEMENT_3D('',#1060,#1061,#1062);
#1060 = CARTESIAN_POINT('',(0.,133.984,0.));
#1061 = DIRECTION('',(-1.,-0.,-0.));
#1062 = DIRECTION('',(0.,1.,0.));
#1063 = DEFINITIONAL_REPRESENTATION('',(#1064),#1068);
#1064 = LINE('',#1065,#1066);
#1065 = CARTESIAN_POINT('',(-0.,-2.8));
#1066 = VECTOR('',#1067,1.);
#1067 = DIRECTION('',(-1.,0.));
#1068 = ( GEOMETRIC_REPRESENTATION_CONTEXT(2) 
PARAMETRIC_REPRESENTATION_CONTEXT() REPRESENTATION_CONTEXT('2D SPACE',''
  ) );
#1069 = ORIENTED_EDGE('',*,*,#1070,.F.);
#1070 = EDGE_CURVE('',#1071,#1043,#1073,.T.);
#1071 = VERTEX_POINT('',#1072);
#1072 = CARTESIAN_POINT('',(4.,131.984,2.8));
#1073 = SURFACE_CURVE('',#1074,(#1078,#1085),.PCURVE_S1.);
#1074 = LINE('',#1075,#1076);
#1075 = CARTESIAN_POINT('',(4.,131.984,2.8));
#1076 = VECTOR('',#1077,1.);
#1077 = DIRECTION('',(-0.894427191,0.4472135955,-0.));
#1078 = PCURVE('',#128,#1079);
#1079 = DEFINITIONAL_REPRESENTATION('',(#1080),#1084);
#1080 = LINE('',#1081,#1082);
#1081 = CARTESIAN_POINT('',(-141.55,131.984));
#1082 = VECTOR('',#1083,1.);
#1083 = DIRECTION('',(-0.894427191,0.4472135955));
#1084 = ( GEOMETRIC_REPRESENTATION_CONTEXT(2) 
PARAMETRIC_REPRESENTATION_CONTEXT() REPRESENTATION_CONTEXT('2D SPACE',''
  ) );
#1085 = PCURVE('',#1086,#1091);
#1086 = PLANE('',#1087);
#1087 = AXIS2_PLACEMENT_3D('',#1088,#1089,#1090);
#1088 = CARTESIAN_POINT('',(4.,131.984,0.));
#1089 = DIRECTION('',(0.4472135955,0.894427191,-0.));
#1090 = DIRECTION('',(0.894427191,-0.4472135955,0.));
#1091 = DEFINITIONAL_REPRESENTATION('',(#1092),#1096);
#1092 = LINE('',#1093,#1094);
#1093 = CARTESIAN_POINT('',(-0.,-2.8));
#1094 = VECTOR('',#1095,1.);
#1095 = DIRECTION('',(-1.,0.));
#1096 = ( GEOMETRIC_REPRESENTATION_CONTEXT(2) 
PARAMETRIC_REPRESENTATION_CONTEXT() REPRESENTATION_CONTEXT('2D SPACE',''
  ) );
#1097 = ORIENTED_EDGE('',*,*,#1098,.T.);
#1098 = EDGE_CURVE('',#1071,#1099,#1101,.T.);
#1099 = VERTEX_POINT('',#1100);
#1100 = CARTESIAN_POINT('',(4.,168.4,2.8));
#1101 = SURFACE_CURVE('',#1102,(#1106,#1113),.PCURVE_S1.);
#1102 = LINE('',#1103,#1104);
#1103 = CARTESIAN_POINT('',(4.,0.,2.8));
#1104 = VECTOR('',#1105,1.);
#1105 = DIRECTION('',(0.,1.,0.));
#1106 = PCURVE('',#128,#1107);
#1107 = DEFINITIONAL_REPRESENTATION('',(#1108),#1112);
#1108 = LINE('',#1109,#1110);
#1109 = CARTESIAN_POINT('',(-141.55,0.));
#1110 = VECTOR('',#1111,1.);
#1111 = DIRECTION('',(-0.,1.));
#1112 = ( GEOMETRIC_REPRESENTATION_CONTEXT(2) 
PARAMETRIC_REPRESENTATION_CONTEXT() REPRESENTATION_CONTEXT('2D SPACE',''
  ) );
#1113 = PCURVE('',#1114,#1119);
#1114 = PLANE('',#1115);
#1115 = AXIS2_PLACEMENT_3D('',#1116,#1117,#1118);
#1116 = CARTESIAN_POINT('',(4.,0.,0.));
#1117 = DIRECTION('',(-1.,-0.,0.));
#1118 = DIRECTION('',(0.,-0.,-1.));
#1119 = DEFINITIONAL_REPRESENTATION('',(#1120),#1124);
#1120 = LINE('',#1121,#1122);
#1121 = CARTESIAN_POINT('',(-2.8,-0.));
#1122 = VECTOR('',#1123,1.);
#1123 = DIRECTION('',(-0.,-1.));
#1124 = ( GEOMETRIC_REPRESENTATION_CONTEXT(2) 
PARAMETRIC_REPRESENTATION_CONTEXT() REPRESENTATION_CONTEXT('2D SPACE',''
  ) );
#1125 = ORIENTED_EDGE('',*,*,#1126,.F.);
#1126 = EDGE_CURVE('',#85,#1099,#1127,.T.);
#1127 = SURFACE_CURVE('',#1128,(#1132,#1139),.PCURVE_S1.);
#1128 = LINE('',#1129,#1130);
#1129 = CARTESIAN_POINT('',(145.55,168.4,2.8));
#1130 = VECTOR('',#1131,1.);
#1131 = DIRECTION('',(-1.,-0.,0.));
#1132 = PCURVE('',#128,#1133);
#1133 = DEFINITIONAL_REPRESENTATION('',(#1134),#1138);
#1134 = LINE('',#1135,#1136);
#1135 = CARTESIAN_POINT('',(-0.,168.4));
#1136 = VECTOR('',#1137,1.);
#1137 = DIRECTION('',(-1.,0.));
#1138 = ( GEOMETRIC_REPRESENTATION_CONTEXT(2) 
PARAMETRIC_REPRESENTATION_CONTEXT() REPRESENTATION_CONTEXT('2D SPACE',''
  ) );
#1139 = PCURVE('',#100,#1140);
#1140 = DEFINITIONAL_REPRESENTATION('',(#1141),#1145);
#1141 = LINE('',#1142,#1143);
#1142 = CARTESIAN_POINT('',(-2.8,-0.));
#1143 = VECTOR('',#1144,1.);
#1144 = DIRECTION('',(-0.,1.));
#1145 = ( GEOMETRIC_REPRESENTATION_CONTEXT(2) 
PARAMETRIC_REPRESENTATION_CONTEXT() REPRESENTATION_CONTEXT('2D SPACE',''
  ) );
#1146 = ORIENTED_EDGE('',*,*,#112,.F.);
#1147 = ORIENTED_EDGE('',*,*,#1148,.F.);
#1148 = EDGE_CURVE('',#1149,#113,#1151,.T.);
#1149 = VERTEX_POINT('',#1150);
#1150 = CARTESIAN_POINT('',(142.55,144.6,2.8));
#1151 = SURFACE_CURVE('',#1152,(#1156,#1163),.PCURVE_S1.);
#1152 = LINE('',#1153,#1154);
#1153 = CARTESIAN_POINT('',(145.65,144.6,2.8));
#1154 = VECTOR('',#1155,1.);
#1155 = DIRECTION('',(1.,-0.,-0.));
#1156 = PCURVE('',#128,#1157);
#1157 = DEFINITIONAL_REPRESENTATION('',(#1158),#1162);
#1158 = LINE('',#1159,#1160);
#1159 = CARTESIAN_POINT('',(9.999999999999E-02,144.6));
#1160 = VECTOR('',#1161,1.);
#1161 = DIRECTION('',(1.,-0.));
#1162 = ( GEOMETRIC_REPRESENTATION_CONTEXT(2) 
PARAMETRIC_REPRESENTATION_CONTEXT() REPRESENTATION_CONTEXT('2D SPACE',''
  ) );
#1163 = PCURVE('',#156,#1164);
#1164 = DEFINITIONAL_REPRESENTATION('',(#1165),#1169);
#1165 = LINE('',#1166,#1167);
#1166 = CARTESIAN_POINT('',(-1.6,9.999999999999E-02));
#1167 = VECTOR('',#1168,1.);
#1168 = DIRECTION('',(-0.,-1.));
#1169 = ( GEOMETRIC_REPRESENTATION_CONTEXT(2) 
PARAMETRIC_REPRESENTATION_CONTEXT() REPRESENTATION_CONTEXT('2D SPACE',''
  ) );
#1170 = ORIENTED_EDGE('',*,*,#1171,.F.);
#1171 = EDGE_CURVE('',#1172,#1149,#1174,.T.);
#1172 = VERTEX_POINT('',#1173);
#1173 = CARTESIAN_POINT('',(142.55,120.2,2.8));
#1174 = SURFACE_CURVE('',#1175,(#1179,#1186),.PCURVE_S1.);
#1175 = LINE('',#1176,#1177);
#1176 = CARTESIAN_POINT('',(142.55,60.1,2.8));
#1177 = VECTOR('',#1178,1.);
#1178 = DIRECTION('',(-0.,1.,-0.));
#1179 = PCURVE('',#128,#1180);
#1180 = DEFINITIONAL_REPRESENTATION('',(#1181),#1185);
#1181 = LINE('',#1182,#1183);
#1182 = CARTESIAN_POINT('',(-3.,60.1));
#1183 = VECTOR('',#1184,1.);
#1184 = DIRECTION('',(-0.,1.));
#1185 = ( GEOMETRIC_REPRESENTATION_CONTEXT(2) 
PARAMETRIC_REPRESENTATION_CONTEXT() REPRESENTATION_CONTEXT('2D SPACE',''
  ) );
#1186 = PCURVE('',#1187,#1192);
#1187 = PLANE('',#1188);
#1188 = AXIS2_PLACEMENT_3D('',#1189,#1190,#1191);
#1189 = CARTESIAN_POINT('',(142.55,120.2,1.2));
#1190 = DIRECTION('',(-1.,-0.,0.));
#1191 = DIRECTION('',(0.,-0.,-1.));
#1192 = DEFINITIONAL_REPRESENTATION('',(#1193),#1197);
#1193 = LINE('',#1194,#1195);
#1194 = CARTESIAN_POINT('',(-1.6,60.1));
#1195 = VECTOR('',#1196,1.);
#1196 = DIRECTION('',(-0.,-1.));
#1197 = ( GEOMETRIC_REPRESENTATION_CONTEXT(2) 
PARAMETRIC_REPRESENTATION_CONTEXT() REPRESENTATION_CONTEXT('2D SPACE',''
  ) );
#1198 = ORIENTED_EDGE('',*,*,#1199,.T.);
#1199 = EDGE_CURVE('',#1172,#197,#1200,.T.);
#1200 = SURFACE_CURVE('',#1201,(#1205,#1212),.PCURVE_S1.);
#1201 = LINE('',#1202,#1203);
#1202 = CARTESIAN_POINT('',(145.65,120.2,2.8));
#1203 = VECTOR('',#1204,1.);
#1204 = DIRECTION('',(1.,-0.,-0.));
#1205 = PCURVE('',#128,#1206);
#1206 = DEFINITIONAL_REPRESENTATION('',(#1207),#1211);
#1207 = LINE('',#1208,#1209);
#1208 = CARTESIAN_POINT('',(9.999999999999E-02,120.2));
#1209 = VECTOR('',#1210,1.);
#1210 = DIRECTION('',(1.,-0.));
#1211 = ( GEOMETRIC_REPRESENTATION_CONTEXT(2) 
PARAMETRIC_REPRESENTATION_CONTEXT() REPRESENTATION_CONTEXT('2D SPACE',''
  ) );
#1212 = PCURVE('',#212,#1213);
#1213 = DEFINITIONAL_REPRESENTATION('',(#1214),#1218);
#1214 = LINE('',#1215,#1216);
#1215 = CARTESIAN_POINT('',(-1.6,9.999999999999E-02));
#1216 = VECTOR('',#1217,1.);
#1217 = DIRECTION('',(-0.,-1.));
#1218 = ( GEOMETRIC_REPRESENTATION_CONTEXT(2) 
PARAMETRIC_REPRESENTATION_CONTEXT() REPRESENTATION_CONTEXT('2D SPACE',''
  ) );
#1219 = ORIENTED_EDGE('',*,*,#224,.F.);
#1220 = ORIENTED_EDGE('',*,*,#1221,.F.);
#1221 = EDGE_CURVE('',#1222,#225,#1224,.T.);
#1222 = VERTEX_POINT('',#1223);
#1223 = CARTESIAN_POINT('',(142.55,104.46666666666,2.8));
#1224 = SURFACE_CURVE('',#1225,(#1229,#1236),.PCURVE_S1.);
#1225 = LINE('',#1226,#1227);
#1226 = CARTESIAN_POINT('',(145.65,104.46666666666,2.8));
#1227 = VECTOR('',#1228,1.);
#1228 = DIRECTION('',(1.,-0.,-0.));
#1229 = PCURVE('',#128,#1230);
#1230 = DEFINITIONAL_REPRESENTATION('',(#1231),#1235);
#1231 = LINE('',#1232,#1233);
#1232 = CARTESIAN_POINT('',(9.999999999999E-02,104.46666666666));
#1233 = VECTOR('',#1234,1.);
#1234 = DIRECTION('',(1.,-0.));
#1235 = ( GEOMETRIC_REPRESENTATION_CONTEXT(2) 
PARAMETRIC_REPRESENTATION_CONTEXT() REPRESENTATION_CONTEXT('2D SPACE',''
  ) );
#1236 = PCURVE('',#263,#1237);
#1237 = DEFINITIONAL_REPRESENTATION('',(#1238),#1242);
#1238 = LINE('',#1239,#1240);
#1239 = CARTESIAN_POINT('',(-1.6,9.999999999999E-02));
#1240 = VECTOR('',#1241,1.);
#1241 = DIRECTION('',(-0.,-1.));
#1242 = ( GEOMETRIC_REPRESENTATION_CONTEXT(2) 
PARAMETRIC_REPRESENTATION_CONTEXT() REPRESENTATION_CONTEXT('2D SPACE',''
  ) );
#1243 = ORIENTED_EDGE('',*,*,#1244,.F.);
#1244 = EDGE_CURVE('',#1245,#1222,#1247,.T.);
#1245 = VERTEX_POINT('',#1246);
#1246 = CARTESIAN_POINT('',(142.55,80.066666666667,2.8));
#1247 = SURFACE_CURVE('',#1248,(#1252,#1259),.PCURVE_S1.);
#1248 = LINE('',#1249,#1250);
#1249 = CARTESIAN_POINT('',(142.55,40.033333333333,2.8));
#1250 = VECTOR('',#1251,1.);
#1251 = DIRECTION('',(-0.,1.,-0.));
#1252 = PCURVE('',#128,#1253);
#1253 = DEFINITIONAL_REPRESENTATION('',(#1254),#1258);
#1254 = LINE('',#1255,#1256);
#1255 = CARTESIAN_POINT('',(-3.,40.033333333333));
#1256 = VECTOR('',#1257,1.);
#1257 = DIRECTION('',(-0.,1.));
#1258 = ( GEOMETRIC_REPRESENTATION_CONTEXT(2) 
PARAMETRIC_REPRESENTATION_CONTEXT() REPRESENTATION_CONTEXT('2D SPACE',''
  ) );
#1259 = PCURVE('',#1260,#1265);
#1260 = PLANE('',#1261);
#1261 = AXIS2_PLACEMENT_3D('',#1262,#1263,#1264);
#1262 = CARTESIAN_POINT('',(142.55,80.066666666667,1.2));
#1263 = DIRECTION('',(-1.,-0.,0.));
#1264 = DIRECTION('',(0.,-0.,-1.));
#1265 = DEFINITIONAL_REPRESENTATION('',(#1266),#1270);
#1266 = LINE('',#1267,#1268);
#1267 = CARTESIAN_POINT('',(-1.6,40.033333333333));
#1268 = VECTOR('',#1269,1.);
#1269 = DIRECTION('',(-0.,-1.));
#1270 = ( GEOMETRIC_REPRESENTATION_CONTEXT(2) 
PARAMETRIC_REPRESENTATION_CONTEXT() REPRESENTATION_CONTEXT('2D SPACE',''
  ) );
#1271 = ORIENTED_EDGE('',*,*,#1272,.T.);
#1272 = EDGE_CURVE('',#1245,#304,#1273,.T.);
#1273 = SURFACE_CURVE('',#1274,(#1278,#1285),.PCURVE_S1.);
#1274 = LINE('',#1275,#1276);
#1275 = CARTESIAN_POINT('',(145.65,80.066666666667,2.8));
#1276 = VECTOR('',#1277,1.);
#1277 = DIRECTION('',(1.,-0.,-0.));
#1278 = PCURVE('',#128,#1279);
#1279 = DEFINITIONAL_REPRESENTATION('',(#1280),#1284);
#1280 = LINE('',#1281,#1282);
#1281 = CARTESIAN_POINT('',(9.999999999999E-02,80.066666666667));
#1282 = VECTOR('',#1283,1.);
#1283 = DIRECTION('',(1.,-0.));
#1284 = ( GEOMETRIC_REPRESENTATION_CONTEXT(2) 
PARAMETRIC_REPRESENTATION_CONTEXT() REPRESENTATION_CONTEXT('2D SPACE',''
  ) );
#1285 = PCURVE('',#319,#1286);
#1286 = DEFINITIONAL_REPRESENTATION('',(#1287),#1291);
#1287 = LINE('',#1288,#1289);
#1288 = CARTESIAN_POINT('',(-1.6,9.999999999999E-02));
#1289 = VECTOR('',#1290,1.);
#1290 = DIRECTION('',(-0.,-1.));
#1291 = ( GEOMETRIC_REPRESENTATION_CONTEXT(2) 
PARAMETRIC_REPRESENTATION_CONTEXT() REPRESENTATION_CONTEXT('2D SPACE',''
  ) );
#1292 = ORIENTED_EDGE('',*,*,#331,.F.);
#1293 = ORIENTED_EDGE('',*,*,#1294,.F.);
#1294 = EDGE_CURVE('',#1295,#332,#1297,.T.);
#1295 = VERTEX_POINT('',#1296);
#1296 = CARTESIAN_POINT('',(142.55,64.333333333333,2.8));
#1297 = SURFACE_CURVE('',#1298,(#1302,#1309),.PCURVE_S1.);
#1298 = LINE('',#1299,#1300);
#1299 = CARTESIAN_POINT('',(145.65,64.333333333333,2.8));
#1300 = VECTOR('',#1301,1.);
#1301 = DIRECTION('',(1.,-0.,-0.));
#1302 = PCURVE('',#128,#1303);
#1303 = DEFINITIONAL_REPRESENTATION('',(#1304),#1308);
#1304 = LINE('',#1305,#1306);
#1305 = CARTESIAN_POINT('',(9.999999999999E-02,64.333333333333));
#1306 = VECTOR('',#1307,1.);
#1307 = DIRECTION('',(1.,-0.));
#1308 = ( GEOMETRIC_REPRESENTATION_CONTEXT(2) 
PARAMETRIC_REPRESENTATION_CONTEXT() REPRESENTATION_CONTEXT('2D SPACE',''
  ) );
#1309 = PCURVE('',#370,#1310);
#1310 = DEFINITIONAL_REPRESENTATION('',(#1311),#1315);
#1311 = LINE('',#1312,#1313);
#1312 = CARTESIAN_POINT('',(-1.6,9.999999999999E-02));
#1313 = VECTOR('',#1314,1.);
#1314 = DIRECTION('',(-0.,-1.));
#1315 = ( GEOMETRIC_REPRESENTATION_CONTEXT(2) 
PARAMETRIC_REPRESENTATION_CONTEXT() REPRESENTATION_CONTEXT('2D SPACE',''
  ) );
#1316 = ORIENTED_EDGE('',*,*,#1317,.F.);
#1317 = EDGE_CURVE('',#1318,#1295,#1320,.T.);
#1318 = VERTEX_POINT('',#1319);
#1319 = CARTESIAN_POINT('',(142.55,39.933333333333,2.8));
#1320 = SURFACE_CURVE('',#1321,(#1325,#1332),.PCURVE_S1.);
#1321 = LINE('',#1322,#1323);
#1322 = CARTESIAN_POINT('',(142.55,19.966666666667,2.8));
#1323 = VECTOR('',#1324,1.);
#1324 = DIRECTION('',(-0.,1.,-0.));
#1325 = PCURVE('',#128,#1326);
#1326 = DEFINITIONAL_REPRESENTATION('',(#1327),#1331);
#1327 = LINE('',#1328,#1329);
#1328 = CARTESIAN_POINT('',(-3.,19.966666666667));
#1329 = VECTOR('',#1330,1.);
#1330 = DIRECTION('',(-0.,1.));
#1331 = ( GEOMETRIC_REPRESENTATION_CONTEXT(2) 
PARAMETRIC_REPRESENTATION_CONTEXT() REPRESENTATION_CONTEXT('2D SPACE',''
  ) );
#1332 = PCURVE('',#1333,#1338);
#1333 = PLANE('',#1334);
#1334 = AXIS2_PLACEMENT_3D('',#1335,#1336,#1337);
#1335 = CARTESIAN_POINT('',(142.55,39.933333333333,1.2));
#1336 = DIRECTION('',(-1.,-0.,0.));
#1337 = DIRECTION('',(0.,-0.,-1.));
#1338 = DEFINITIONAL_REPRESENTATION('',(#1339),#1343);
#1339 = LINE('',#1340,#1341);
#1340 = CARTESIAN_POINT('',(-1.6,19.966666666667));
#1341 = VECTOR('',#1342,1.);
#1342 = DIRECTION('',(-0.,-1.));
#1343 = ( GEOMETRIC_REPRESENTATION_CONTEXT(2) 
PARAMETRIC_REPRESENTATION_CONTEXT() REPRESENTATION_CONTEXT('2D SPACE',''
  ) );
#1344 = ORIENTED_EDGE('',*,*,#1345,.T.);
#1345 = EDGE_CURVE('',#1318,#411,#1346,.T.);
#1346 = SURFACE_CURVE('',#1347,(#1351,#1358),.PCURVE_S1.);
#1347 = LINE('',#1348,#1349);
#1348 = CARTESIAN_POINT('',(145.65,39.933333333333,2.8));
#1349 = VECTOR('',#1350,1.);
#1350 = DIRECTION('',(1.,-0.,-0.));
#1351 = PCURVE('',#128,#1352);
#1352 = DEFINITIONAL_REPRESENTATION('',(#1353),#1357);
#1353 = LINE('',#1354,#1355);
#1354 = CARTESIAN_POINT('',(9.999999999999E-02,39.933333333333));
#1355 = VECTOR('',#1356,1.);
#1356 = DIRECTION('',(1.,-0.));
#1357 = ( GEOMETRIC_REPRESENTATION_CONTEXT(2) 
PARAMETRIC_REPRESENTATION_CONTEXT() REPRESENTATION_CONTEXT('2D SPACE',''
  ) );
#1358 = PCURVE('',#426,#1359);
#1359 = DEFINITIONAL_REPRESENTATION('',(#1360),#1364);
#1360 = LINE('',#1361,#1362);
#1361 = CARTESIAN_POINT('',(-1.6,9.999999999999E-02));
#1362 = VECTOR('',#1363,1.);
#1363 = DIRECTION('',(-0.,-1.));
#1364 = ( GEOMETRIC_REPRESENTATION_CONTEXT(2) 
PARAMETRIC_REPRESENTATION_CONTEXT() REPRESENTATION_CONTEXT('2D SPACE',''
  ) );
#1365 = FACE_BOUND('',#1366,.F.);
#1366 = EDGE_LOOP('',(#1367,#1397,#1425,#1453));
#1367 = ORIENTED_EDGE('',*,*,#1368,.T.);
#1368 = EDGE_CURVE('',#1369,#1371,#1373,.T.);
#1369 = VERTEX_POINT('',#1370);
#1370 = CARTESIAN_POINT('',(79.55,4.2,2.8));
#1371 = VERTEX_POINT('',#1372);
#1372 = CARTESIAN_POINT('',(91.55,4.2,2.8));
#1373 = SURFACE_CURVE('',#1374,(#1378,#1385),.PCURVE_S1.);
#1374 = LINE('',#1375,#1376);
#1375 = CARTESIAN_POINT('',(118.55,4.2,2.8));
#1376 = VECTOR('',#1377,1.);
#1377 = DIRECTION('',(1.,-0.,-0.));
#1378 = PCURVE('',#128,#1379);
#1379 = DEFINITIONAL_REPRESENTATION('',(#1380),#1384);
#1380 = LINE('',#1381,#1382);
#1381 = CARTESIAN_POINT('',(-27.,4.2));
#1382 = VECTOR('',#1383,1.);
#1383 = DIRECTION('',(1.,-0.));
#1384 = ( GEOMETRIC_REPRESENTATION_CONTEXT(2) 
PARAMETRIC_REPRESENTATION_CONTEXT() REPRESENTATION_CONTEXT('2D SPACE',''
  ) );
#1385 = PCURVE('',#1386,#1391);
#1386 = PLANE('',#1387);
#1387 = AXIS2_PLACEMENT_3D('',#1388,#1389,#1390);
#1388 = CARTESIAN_POINT('',(91.55,4.2,2.5));
#1389 = DIRECTION('',(0.,1.,0.));
#1390 = DIRECTION('',(0.,-0.,-1.));
#1391 = DEFINITIONAL_REPRESENTATION('',(#1392),#1396);
#1392 = LINE('',#1393,#1394);
#1393 = CARTESIAN_POINT('',(-0.3,-27.));
#1394 = VECTOR('',#1395,1.);
#1395 = DIRECTION('',(-0.,-1.));
#1396 = ( GEOMETRIC_REPRESENTATION_CONTEXT(2) 
PARAMETRIC_REPRESENTATION_CONTEXT() REPRESENTATION_CONTEXT('2D SPACE',''
  ) );
#1397 = ORIENTED_EDGE('',*,*,#1398,.T.);
#1398 = EDGE_CURVE('',#1371,#1399,#1401,.T.);
#1399 = VERTEX_POINT('',#1400);
#1400 = CARTESIAN_POINT('',(91.55,7.2,2.8));
#1401 = SURFACE_CURVE('',#1402,(#1406,#1413),.PCURVE_S1.);
#1402 = LINE('',#1403,#1404);
#1403 = CARTESIAN_POINT('',(91.55,2.1,2.8));
#1404 = VECTOR('',#1405,1.);
#1405 = DIRECTION('',(-0.,1.,-0.));
#1406 = PCURVE('',#128,#1407);
#1407 = DEFINITIONAL_REPRESENTATION('',(#1408),#1412);
#1408 = LINE('',#1409,#1410);
#1409 = CARTESIAN_POINT('',(-54.,2.1));
#1410 = VECTOR('',#1411,1.);
#1411 = DIRECTION('',(-0.,1.));
#1412 = ( GEOMETRIC_REPRESENTATION_CONTEXT(2) 
PARAMETRIC_REPRESENTATION_CONTEXT() REPRESENTATION_CONTEXT('2D SPACE',''
  ) );
#1413 = PCURVE('',#1414,#1419);
#1414 = PLANE('',#1415);
#1415 = AXIS2_PLACEMENT_3D('',#1416,#1417,#1418);
#1416 = CARTESIAN_POINT('',(91.55,4.2,2.5));
#1417 = DIRECTION('',(-1.,-0.,0.));
#1418 = DIRECTION('',(0.,-0.,-1.));
#1419 = DEFINITIONAL_REPRESENTATION('',(#1420),#1424);
#1420 = LINE('',#1421,#1422);
#1421 = CARTESIAN_POINT('',(-0.3,2.1));
#1422 = VECTOR('',#1423,1.);
#1423 = DIRECTION('',(-0.,-1.));
#1424 = ( GEOMETRIC_REPRESENTATION_CONTEXT(2) 
PARAMETRIC_REPRESENTATION_CONTEXT() REPRESENTATION_CONTEXT('2D SPACE',''
  ) );
#1425 = ORIENTED_EDGE('',*,*,#1426,.F.);
#1426 = EDGE_CURVE('',#1427,#1399,#1429,.T.);
#1427 = VERTEX_POINT('',#1428);
#1428 = CARTESIAN_POINT('',(79.55,7.2,2.8));
#1429 = SURFACE_CURVE('',#1430,(#1434,#1441),.PCURVE_S1.);
#1430 = LINE('',#1431,#1432);
#1431 = CARTESIAN_POINT('',(118.55,7.2,2.8));
#1432 = VECTOR('',#1433,1.);
#1433 = DIRECTION('',(1.,-0.,-0.));
#1434 = PCURVE('',#128,#1435);
#1435 = DEFINITIONAL_REPRESENTATION('',(#1436),#1440);
#1436 = LINE('',#1437,#1438);
#1437 = CARTESIAN_POINT('',(-27.,7.2));
#1438 = VECTOR('',#1439,1.);
#1439 = DIRECTION('',(1.,-0.));
#1440 = ( GEOMETRIC_REPRESENTATION_CONTEXT(2) 
PARAMETRIC_REPRESENTATION_CONTEXT() REPRESENTATION_CONTEXT('2D SPACE',''
  ) );
#1441 = PCURVE('',#1442,#1447);
#1442 = PLANE('',#1443);
#1443 = AXIS2_PLACEMENT_3D('',#1444,#1445,#1446);
#1444 = CARTESIAN_POINT('',(91.55,7.2,2.5));
#1445 = DIRECTION('',(0.,1.,0.));
#1446 = DIRECTION('',(0.,-0.,-1.));
#1447 = DEFINITIONAL_REPRESENTATION('',(#1448),#1452);
#1448 = LINE('',#1449,#1450);
#1449 = CARTESIAN_POINT('',(-0.3,-27.));
#1450 = VECTOR('',#1451,1.);
#1451 = DIRECTION('',(-0.,-1.));
#1452 = ( GEOMETRIC_REPRESENTATION_CONTEXT(2) 
PARAMETRIC_REPRESENTATION_CONTEXT() REPRESENTATION_CONTEXT('2D SPACE',''
  ) );
#1453 = ORIENTED_EDGE('',*,*,#1454,.F.);
#1454 = EDGE_CURVE('',#1369,#1427,#1455,.T.);
#1455 = SURFACE_CURVE('',#1456,(#1460,#1467),.PCURVE_S1.);
#1456 = LINE('',#1457,#1458);
#1457 = CARTESIAN_POINT('',(79.55,2.1,2.8));
#1458 = VECTOR('',#1459,1.);
#1459 = DIRECTION('',(-0.,1.,-0.));
#1460 = PCURVE('',#128,#1461);
#1461 = DEFINITIONAL_REPRESENTATION('',(#1462),#1466);
#1462 = LINE('',#1463,#1464);
#1463 = CARTESIAN_POINT('',(-66.,2.1));
#1464 = VECTOR('',#1465,1.);
#1465 = DIRECTION('',(-0.,1.));
#1466 = ( GEOMETRIC_REPRESENTATION_CONTEXT(2) 
PARAMETRIC_REPRESENTATION_CONTEXT() REPRESENTATION_CONTEXT('2D SPACE',''
  ) );
#1467 = PCURVE('',#1468,#1473);
#1468 = PLANE('',#1469);
#1469 = AXIS2_PLACEMENT_3D('',#1470,#1471,#1472);
#1470 = CARTESIAN_POINT('',(79.55,4.2,2.5));
#1471 = DIRECTION('',(-1.,-0.,0.));
#1472 = DIRECTION('',(0.,-0.,-1.));
#1473 = DEFINITIONAL_REPRESENTATION('',(#1474),#1478);
#1474 = LINE('',#1475,#1476);
#1475 = CARTESIAN_POINT('',(-0.3,2.1));
#1476 = VECTOR('',#1477,1.);
#1477 = DIRECTION('',(-0.,-1.));
#1478 = ( GEOMETRIC_REPRESENTATION_CONTEXT(2) 
PARAMETRIC_REPRESENTATION_CONTEXT() REPRESENTATION_CONTEXT('2D SPACE',''
  ) );
#1479 = FACE_BOUND('',#1480,.F.);
#1480 = EDGE_LOOP('',(#1481,#1516,#1544,#1577));
#1481 = ORIENTED_EDGE('',*,*,#1482,.F.);
#1482 = EDGE_CURVE('',#1483,#1485,#1487,.T.);
#1483 = VERTEX_POINT('',#1484);
#1484 = CARTESIAN_POINT('',(75.25,26.2,2.8));
#1485 = VERTEX_POINT('',#1486);
#1486 = CARTESIAN_POINT('',(75.25,32.2,2.8));
#1487 = SURFACE_CURVE('',#1488,(#1493,#1504),.PCURVE_S1.);
#1488 = CIRCLE('',#1489,3.);
#1489 = AXIS2_PLACEMENT_3D('',#1490,#1491,#1492);
#1490 = CARTESIAN_POINT('',(75.25,29.2,2.8));
#1491 = DIRECTION('',(0.,0.,-1.));
#1492 = DIRECTION('',(-1.,-0.,-0.));
#1493 = PCURVE('',#128,#1494);
#1494 = DEFINITIONAL_REPRESENTATION('',(#1495),#1503);
#1495 = ( BOUNDED_CURVE() B_SPLINE_CURVE(2,(#1496,#1497,#1498,#1499,
#1500,#1501,#1502),.UNSPECIFIED.,.T.,.F.) B_SPLINE_CURVE_WITH_KNOTS((1,2
    ,2,2,2,1),(-2.094395102393,0.,2.094395102393,4.188790204786,
6.28318530718,8.377580409573),.UNSPECIFIED.) CURVE() 
GEOMETRIC_REPRESENTATION_ITEM() RATIONAL_B_SPLINE_CURVE((1.,0.5,1.,0.5,
1.,0.5,1.)) REPRESENTATION_ITEM('') );
#1496 = CARTESIAN_POINT('',(-73.3,29.2));
#1497 = CARTESIAN_POINT('',(-73.3,34.396152422707));
#1498 = CARTESIAN_POINT('',(-68.8,31.798076211353));
#1499 = CARTESIAN_POINT('',(-64.3,29.2));
#1500 = CARTESIAN_POINT('',(-68.8,26.601923788647));
#1501 = CARTESIAN_POINT('',(-73.3,24.003847577293));
#1502 = CARTESIAN_POINT('',(-73.3,29.2));
#1503 = ( GEOMETRIC_REPRESENTATION_CONTEXT(2) 
PARAMETRIC_REPRESENTATION_CONTEXT() REPRESENTATION_CONTEXT('2D SPACE',''
  ) );
#1504 = PCURVE('',#1505,#1510);
#1505 = CYLINDRICAL_SURFACE('',#1506,3.);
#1506 = AXIS2_PLACEMENT_3D('',#1507,#1508,#1509);
#1507 = CARTESIAN_POINT('',(75.25,29.2,-0.1));
#1508 = DIRECTION('',(-0.,-0.,1.));
#1509 = DIRECTION('',(-1.,-0.,-0.));
#1510 = DEFINITIONAL_REPRESENTATION('',(#1511),#1515);
#1511 = LINE('',#1512,#1513);
#1512 = CARTESIAN_POINT('',(-0.,2.9));
#1513 = VECTOR('',#1514,1.);
#1514 = DIRECTION('',(-1.,0.));
#1515 = ( GEOMETRIC_REPRESENTATION_CONTEXT(2) 
PARAMETRIC_REPRESENTATION_CONTEXT() REPRESENTATION_CONTEXT('2D SPACE',''
  ) );
#1516 = ORIENTED_EDGE('',*,*,#1517,.T.);
#1517 = EDGE_CURVE('',#1483,#1518,#1520,.T.);
#1518 = VERTEX_POINT('',#1519);
#1519 = CARTESIAN_POINT('',(103.25,26.2,2.8));
#1520 = SURFACE_CURVE('',#1521,(#1525,#1532),.PCURVE_S1.);
#1521 = LINE('',#1522,#1523);
#1522 = CARTESIAN_POINT('',(124.4,26.2,2.8));
#1523 = VECTOR('',#1524,1.);
#1524 = DIRECTION('',(1.,-0.,-0.));
#1525 = PCURVE('',#128,#1526);
#1526 = DEFINITIONAL_REPRESENTATION('',(#1527),#1531);
#1527 = LINE('',#1528,#1529);
#1528 = CARTESIAN_POINT('',(-21.15,26.2));
#1529 = VECTOR('',#1530,1.);
#1530 = DIRECTION('',(1.,-0.));
#1531 = ( GEOMETRIC_REPRESENTATION_CONTEXT(2) 
PARAMETRIC_REPRESENTATION_CONTEXT() REPRESENTATION_CONTEXT('2D SPACE',''
  ) );
#1532 = PCURVE('',#1533,#1538);
#1533 = PLANE('',#1534);
#1534 = AXIS2_PLACEMENT_3D('',#1535,#1536,#1537);
#1535 = CARTESIAN_POINT('',(103.25,26.2,-0.1));
#1536 = DIRECTION('',(0.,1.,0.));
#1537 = DIRECTION('',(0.,-0.,-1.));
#1538 = DEFINITIONAL_REPRESENTATION('',(#1539),#1543);
#1539 = LINE('',#1540,#1541);
#1540 = CARTESIAN_POINT('',(-2.9,-21.15));
#1541 = VECTOR('',#1542,1.);
#1542 = DIRECTION('',(-0.,-1.));
#1543 = ( GEOMETRIC_REPRESENTATION_CONTEXT(2) 
PARAMETRIC_REPRESENTATION_CONTEXT() REPRESENTATION_CONTEXT('2D SPACE',''
  ) );
#1544 = ORIENTED_EDGE('',*,*,#1545,.F.);
#1545 = EDGE_CURVE('',#1546,#1518,#1548,.T.);
#1546 = VERTEX_POINT('',#1547);
#1547 = CARTESIAN_POINT('',(103.25,32.2,2.8));
#1548 = SURFACE_CURVE('',#1549,(#1554,#1565),.PCURVE_S1.);
#1549 = CIRCLE('',#1550,3.);
#1550 = AXIS2_PLACEMENT_3D('',#1551,#1552,#1553);
#1551 = CARTESIAN_POINT('',(103.25,29.2,2.8));
#1552 = DIRECTION('',(0.,0.,-1.));
#1553 = DIRECTION('',(-1.,-0.,-0.));
#1554 = PCURVE('',#128,#1555);
#1555 = DEFINITIONAL_REPRESENTATION('',(#1556),#1564);
#1556 = ( BOUNDED_CURVE() B_SPLINE_CURVE(2,(#1557,#1558,#1559,#1560,
#1561,#1562,#1563),.UNSPECIFIED.,.T.,.F.) B_SPLINE_CURVE_WITH_KNOTS((1,2
    ,2,2,2,1),(-2.094395102393,0.,2.094395102393,4.188790204786,
6.28318530718,8.377580409573),.UNSPECIFIED.) CURVE() 
GEOMETRIC_REPRESENTATION_ITEM() RATIONAL_B_SPLINE_CURVE((1.,0.5,1.,0.5,
1.,0.5,1.)) REPRESENTATION_ITEM('') );
#1557 = CARTESIAN_POINT('',(-45.3,29.2));
#1558 = CARTESIAN_POINT('',(-45.3,34.396152422707));
#1559 = CARTESIAN_POINT('',(-40.8,31.798076211353));
#1560 = CARTESIAN_POINT('',(-36.3,29.2));
#1561 = CARTESIAN_POINT('',(-40.8,26.601923788647));
#1562 = CARTESIAN_POINT('',(-45.3,24.003847577293));
#1563 = CARTESIAN_POINT('',(-45.3,29.2));
#1564 = ( GEOMETRIC_REPRESENTATION_CONTEXT(2) 
PARAMETRIC_REPRESENTATION_CONTEXT() REPRESENTATION_CONTEXT('2D SPACE',''
  ) );
#1565 = PCURVE('',#1566,#1571);
#1566 = CYLINDRICAL_SURFACE('',#1567,3.);
#1567 = AXIS2_PLACEMENT_3D('',#1568,#1569,#1570);
#1568 = CARTESIAN_POINT('',(103.25,29.2,-0.1));
#1569 = DIRECTION('',(-0.,-0.,1.));
#1570 = DIRECTION('',(-1.,-0.,-0.));
#1571 = DEFINITIONAL_REPRESENTATION('',(#1572),#1576);
#1572 = LINE('',#1573,#1574);
#1573 = CARTESIAN_POINT('',(-0.,2.9));
#1574 = VECTOR('',#1575,1.);
#1575 = DIRECTION('',(-1.,0.));
#1576 = ( GEOMETRIC_REPRESENTATION_CONTEXT(2) 
PARAMETRIC_REPRESENTATION_CONTEXT() REPRESENTATION_CONTEXT('2D SPACE',''
  ) );
#1577 = ORIENTED_EDGE('',*,*,#1578,.F.);
#1578 = EDGE_CURVE('',#1485,#1546,#1579,.T.);
#1579 = SURFACE_CURVE('',#1580,(#1584,#1591),.PCURVE_S1.);
#1580 = LINE('',#1581,#1582);
#1581 = CARTESIAN_POINT('',(124.4,32.2,2.8));
#1582 = VECTOR('',#1583,1.);
#1583 = DIRECTION('',(1.,-0.,-0.));
#1584 = PCURVE('',#128,#1585);
#1585 = DEFINITIONAL_REPRESENTATION('',(#1586),#1590);
#1586 = LINE('',#1587,#1588);
#1587 = CARTESIAN_POINT('',(-21.15,32.2));
#1588 = VECTOR('',#1589,1.);
#1589 = DIRECTION('',(1.,-0.));
#1590 = ( GEOMETRIC_REPRESENTATION_CONTEXT(2) 
PARAMETRIC_REPRESENTATION_CONTEXT() REPRESENTATION_CONTEXT('2D SPACE',''
  ) );
#1591 = PCURVE('',#1592,#1597);
#1592 = PLANE('',#1593);
#1593 = AXIS2_PLACEMENT_3D('',#1594,#1595,#1596);
#1594 = CARTESIAN_POINT('',(103.25,32.2,-0.1));
#1595 = DIRECTION('',(0.,1.,0.));
#1596 = DIRECTION('',(0.,-0.,-1.));
#1597 = DEFINITIONAL_REPRESENTATION('',(#1598),#1602);
#1598 = LINE('',#1599,#1600);
#1599 = CARTESIAN_POINT('',(-2.9,-21.15));
#1600 = VECTOR('',#1601,1.);
#1601 = DIRECTION('',(-0.,-1.));
#1602 = ( GEOMETRIC_REPRESENTATION_CONTEXT(2) 
PARAMETRIC_REPRESENTATION_CONTEXT() REPRESENTATION_CONTEXT('2D SPACE',''
  ) );
#1603 = FACE_BOUND('',#1604,.F.);
#1604 = EDGE_LOOP('',(#1605,#1635,#1663,#1691));
#1605 = ORIENTED_EDGE('',*,*,#1606,.T.);
#1606 = EDGE_CURVE('',#1607,#1609,#1611,.T.);
#1607 = VERTEX_POINT('',#1608);
#1608 = CARTESIAN_POINT('',(79.55,54.2,2.8));
#1609 = VERTEX_POINT('',#1610);
#1610 = CARTESIAN_POINT('',(91.55,54.2,2.8));
#1611 = SURFACE_CURVE('',#1612,(#1616,#1623),.PCURVE_S1.);
#1612 = LINE('',#1613,#1614);
#1613 = CARTESIAN_POINT('',(118.55,54.2,2.8));
#1614 = VECTOR('',#1615,1.);
#1615 = DIRECTION('',(1.,-0.,-0.));
#1616 = PCURVE('',#128,#1617);
#1617 = DEFINITIONAL_REPRESENTATION('',(#1618),#1622);
#1618 = LINE('',#1619,#1620);
#1619 = CARTESIAN_POINT('',(-27.,54.2));
#1620 = VECTOR('',#1621,1.);
#1621 = DIRECTION('',(1.,-0.));
#1622 = ( GEOMETRIC_REPRESENTATION_CONTEXT(2) 
PARAMETRIC_REPRESENTATION_CONTEXT() REPRESENTATION_CONTEXT('2D SPACE',''
  ) );
#1623 = PCURVE('',#1624,#1629);
#1624 = PLANE('',#1625);
#1625 = AXIS2_PLACEMENT_3D('',#1626,#1627,#1628);
#1626 = CARTESIAN_POINT('',(91.55,54.2,2.5));
#1627 = DIRECTION('',(0.,1.,0.));
#1628 = DIRECTION('',(0.,-0.,-1.));
#1629 = DEFINITIONAL_REPRESENTATION('',(#1630),#1634);
#1630 = LINE('',#1631,#1632);
#1631 = CARTESIAN_POINT('',(-0.3,-27.));
#1632 = VECTOR('',#1633,1.);
#1633 = DIRECTION('',(-0.,-1.));
#1634 = ( GEOMETRIC_REPRESENTATION_CONTEXT(2) 
PARAMETRIC_REPRESENTATION_CONTEXT() REPRESENTATION_CONTEXT('2D SPACE',''
  ) );
#1635 = ORIENTED_EDGE('',*,*,#1636,.T.);
#1636 = EDGE_CURVE('',#1609,#1637,#1639,.T.);
#1637 = VERTEX_POINT('',#1638);
#1638 = CARTESIAN_POINT('',(91.55,57.2,2.8));
#1639 = SURFACE_CURVE('',#1640,(#1644,#1651),.PCURVE_S1.);
#1640 = LINE('',#1641,#1642);
#1641 = CARTESIAN_POINT('',(91.55,27.1,2.8));
#1642 = VECTOR('',#1643,1.);
#1643 = DIRECTION('',(-0.,1.,-0.));
#1644 = PCURVE('',#128,#1645);
#1645 = DEFINITIONAL_REPRESENTATION('',(#1646),#1650);
#1646 = LINE('',#1647,#1648);
#1647 = CARTESIAN_POINT('',(-54.,27.1));
#1648 = VECTOR('',#1649,1.);
#1649 = DIRECTION('',(-0.,1.));
#1650 = ( GEOMETRIC_REPRESENTATION_CONTEXT(2) 
PARAMETRIC_REPRESENTATION_CONTEXT() REPRESENTATION_CONTEXT('2D SPACE',''
  ) );
#1651 = PCURVE('',#1652,#1657);
#1652 = PLANE('',#1653);
#1653 = AXIS2_PLACEMENT_3D('',#1654,#1655,#1656);
#1654 = CARTESIAN_POINT('',(91.55,54.2,2.5));
#1655 = DIRECTION('',(-1.,-0.,0.));
#1656 = DIRECTION('',(0.,-0.,-1.));
#1657 = DEFINITIONAL_REPRESENTATION('',(#1658),#1662);
#1658 = LINE('',#1659,#1660);
#1659 = CARTESIAN_POINT('',(-0.3,27.1));
#1660 = VECTOR('',#1661,1.);
#1661 = DIRECTION('',(-0.,-1.));
#1662 = ( GEOMETRIC_REPRESENTATION_CONTEXT(2) 
PARAMETRIC_REPRESENTATION_CONTEXT() REPRESENTATION_CONTEXT('2D SPACE',''
  ) );
#1663 = ORIENTED_EDGE('',*,*,#1664,.F.);
#1664 = EDGE_CURVE('',#1665,#1637,#1667,.T.);
#1665 = VERTEX_POINT('',#1666);
#1666 = CARTESIAN_POINT('',(79.55,57.2,2.8));
#1667 = SURFACE_CURVE('',#1668,(#1672,#1679),.PCURVE_S1.);
#1668 = LINE('',#1669,#1670);
#1669 = CARTESIAN_POINT('',(118.55,57.2,2.8));
#1670 = VECTOR('',#1671,1.);
#1671 = DIRECTION('',(1.,-0.,-0.));
#1672 = PCURVE('',#128,#1673);
#1673 = DEFINITIONAL_REPRESENTATION('',(#1674),#1678);
#1674 = LINE('',#1675,#1676);
#1675 = CARTESIAN_POINT('',(-27.,57.2));
#1676 = VECTOR('',#1677,1.);
#1677 = DIRECTION('',(1.,-0.));
#1678 = ( GEOMETRIC_REPRESENTATION_CONTEXT(2) 
PARAMETRIC_REPRESENTATION_CONTEXT() REPRESENTATION_CONTEXT('2D SPACE',''
  ) );
#1679 = PCURVE('',#1680,#1685);
#1680 = PLANE('',#1681);
#1681 = AXIS2_PLACEMENT_3D('',#1682,#1683,#1684);
#1682 = CARTESIAN_POINT('',(91.55,57.2,2.5));
#1683 = DIRECTION('',(0.,1.,0.));
#1684 = DIRECTION('',(0.,-0.,-1.));
#1685 = DEFINITIONAL_REPRESENTATION('',(#1686),#1690);
#1686 = LINE('',#1687,#1688);
#1687 = CARTESIAN_POINT('',(-0.3,-27.));
#1688 = VECTOR('',#1689,1.);
#1689 = DIRECTION('',(-0.,-1.));
#1690 = ( GEOMETRIC_REPRESENTATION_CONTEXT(2) 
PARAMETRIC_REPRESENTATION_CONTEXT() REPRESENTATION_CONTEXT('2D SPACE',''
  ) );
#1691 = ORIENTED_EDGE('',*,*,#1692,.F.);
#1692 = EDGE_CURVE('',#1607,#1665,#1693,.T.);
#1693 = SURFACE_CURVE('',#1694,(#1698,#1705),.PCURVE_S1.);
#1694 = LINE('',#1695,#1696);
#1695 = CARTESIAN_POINT('',(79.55,27.1,2.8));
#1696 = VECTOR('',#1697,1.);
#1697 = DIRECTION('',(-0.,1.,-0.));
#1698 = PCURVE('',#128,#1699);
#1699 = DEFINITIONAL_REPRESENTATION('',(#1700),#1704);
#1700 = LINE('',#1701,#1702);
#1701 = CARTESIAN_POINT('',(-66.,27.1));
#1702 = VECTOR('',#1703,1.);
#1703 = DIRECTION('',(-0.,1.));
#1704 = ( GEOMETRIC_REPRESENTATION_CONTEXT(2) 
PARAMETRIC_REPRESENTATION_CONTEXT() REPRESENTATION_CONTEXT('2D SPACE',''
  ) );
#1705 = PCURVE('',#1706,#1711);
#1706 = PLANE('',#1707);
#1707 = AXIS2_PLACEMENT_3D('',#1708,#1709,#1710);
#1708 = CARTESIAN_POINT('',(79.55,54.2,2.5));
#1709 = DIRECTION('',(-1.,-0.,0.));
#1710 = DIRECTION('',(0.,-0.,-1.));
#1711 = DEFINITIONAL_REPRESENTATION('',(#1712),#1716);
#1712 = LINE('',#1713,#1714);
#1713 = CARTESIAN_POINT('',(-0.3,27.1));
#1714 = VECTOR('',#1715,1.);
#1715 = DIRECTION('',(-0.,-1.));
#1716 = ( GEOMETRIC_REPRESENTATION_CONTEXT(2) 
PARAMETRIC_REPRESENTATION_CONTEXT() REPRESENTATION_CONTEXT('2D SPACE',''
  ) );
#1717 = FACE_BOUND('',#1718,.F.);
#1718 = EDGE_LOOP('',(#1719,#1754,#1782,#1815));
#1719 = ORIENTED_EDGE('',*,*,#1720,.F.);
#1720 = EDGE_CURVE('',#1721,#1723,#1725,.T.);
#1721 = VERTEX_POINT('',#1722);
#1722 = CARTESIAN_POINT('',(36.25,26.2,2.8));
#1723 = VERTEX_POINT('',#1724);
#1724 = CARTESIAN_POINT('',(36.25,32.2,2.8));
#1725 = SURFACE_CURVE('',#1726,(#1731,#1742),.PCURVE_S1.);
#1726 = CIRCLE('',#1727,3.);
#1727 = AXIS2_PLACEMENT_3D('',#1728,#1729,#1730);
#1728 = CARTESIAN_POINT('',(36.25,29.2,2.8));
#1729 = DIRECTION('',(0.,0.,-1.));
#1730 = DIRECTION('',(-1.,-0.,-0.));
#1731 = PCURVE('',#128,#1732);
#1732 = DEFINITIONAL_REPRESENTATION('',(#1733),#1741);
#1733 = ( BOUNDED_CURVE() B_SPLINE_CURVE(2,(#1734,#1735,#1736,#1737,
#1738,#1739,#1740),.UNSPECIFIED.,.T.,.F.) B_SPLINE_CURVE_WITH_KNOTS((1,2
    ,2,2,2,1),(-2.094395102393,0.,2.094395102393,4.188790204786,
6.28318530718,8.377580409573),.UNSPECIFIED.) CURVE() 
GEOMETRIC_REPRESENTATION_ITEM() RATIONAL_B_SPLINE_CURVE((1.,0.5,1.,0.5,
1.,0.5,1.)) REPRESENTATION_ITEM('') );
#1734 = CARTESIAN_POINT('',(-112.3,29.2));
#1735 = CARTESIAN_POINT('',(-112.3,34.396152422707));
#1736 = CARTESIAN_POINT('',(-107.8,31.798076211353));
#1737 = CARTESIAN_POINT('',(-103.3,29.2));
#1738 = CARTESIAN_POINT('',(-107.8,26.601923788647));
#1739 = CARTESIAN_POINT('',(-112.3,24.003847577293));
#1740 = CARTESIAN_POINT('',(-112.3,29.2));
#1741 = ( GEOMETRIC_REPRESENTATION_CONTEXT(2) 
PARAMETRIC_REPRESENTATION_CONTEXT() REPRESENTATION_CONTEXT('2D SPACE',''
  ) );
#1742 = PCURVE('',#1743,#1748);
#1743 = CYLINDRICAL_SURFACE('',#1744,3.);
#1744 = AXIS2_PLACEMENT_3D('',#1745,#1746,#1747);
#1745 = CARTESIAN_POINT('',(36.25,29.2,-0.1));
#1746 = DIRECTION('',(-0.,-0.,1.));
#1747 = DIRECTION('',(-1.,-0.,-0.));
#1748 = DEFINITIONAL_REPRESENTATION('',(#1749),#1753);
#1749 = LINE('',#1750,#1751);
#1750 = CARTESIAN_POINT('',(-0.,2.9));
#1751 = VECTOR('',#1752,1.);
#1752 = DIRECTION('',(-1.,0.));
#1753 = ( GEOMETRIC_REPRESENTATION_CONTEXT(2) 
PARAMETRIC_REPRESENTATION_CONTEXT() REPRESENTATION_CONTEXT('2D SPACE',''
  ) );
#1754 = ORIENTED_EDGE('',*,*,#1755,.T.);
#1755 = EDGE_CURVE('',#1721,#1756,#1758,.T.);
#1756 = VERTEX_POINT('',#1757);
#1757 = CARTESIAN_POINT('',(64.25,26.2,2.8));
#1758 = SURFACE_CURVE('',#1759,(#1763,#1770),.PCURVE_S1.);
#1759 = LINE('',#1760,#1761);
#1760 = CARTESIAN_POINT('',(104.9,26.2,2.8));
#1761 = VECTOR('',#1762,1.);
#1762 = DIRECTION('',(1.,-0.,-0.));
#1763 = PCURVE('',#128,#1764);
#1764 = DEFINITIONAL_REPRESENTATION('',(#1765),#1769);
#1765 = LINE('',#1766,#1767);
#1766 = CARTESIAN_POINT('',(-40.65,26.2));
#1767 = VECTOR('',#1768,1.);
#1768 = DIRECTION('',(1.,-0.));
#1769 = ( GEOMETRIC_REPRESENTATION_CONTEXT(2) 
PARAMETRIC_REPRESENTATION_CONTEXT() REPRESENTATION_CONTEXT('2D SPACE',''
  ) );
#1770 = PCURVE('',#1771,#1776);
#1771 = PLANE('',#1772);
#1772 = AXIS2_PLACEMENT_3D('',#1773,#1774,#1775);
#1773 = CARTESIAN_POINT('',(64.25,26.2,-0.1));
#1774 = DIRECTION('',(0.,1.,0.));
#1775 = DIRECTION('',(0.,-0.,-1.));
#1776 = DEFINITIONAL_REPRESENTATION('',(#1777),#1781);
#1777 = LINE('',#1778,#1779);
#1778 = CARTESIAN_POINT('',(-2.9,-40.65));
#1779 = VECTOR('',#1780,1.);
#1780 = DIRECTION('',(-0.,-1.));
#1781 = ( GEOMETRIC_REPRESENTATION_CONTEXT(2) 
PARAMETRIC_REPRESENTATION_CONTEXT() REPRESENTATION_CONTEXT('2D SPACE',''
  ) );
#1782 = ORIENTED_EDGE('',*,*,#1783,.F.);
#1783 = EDGE_CURVE('',#1784,#1756,#1786,.T.);
#1784 = VERTEX_POINT('',#1785);
#1785 = CARTESIAN_POINT('',(64.25,32.2,2.8));
#1786 = SURFACE_CURVE('',#1787,(#1792,#1803),.PCURVE_S1.);
#1787 = CIRCLE('',#1788,3.);
#1788 = AXIS2_PLACEMENT_3D('',#1789,#1790,#1791);
#1789 = CARTESIAN_POINT('',(64.25,29.2,2.8));
#1790 = DIRECTION('',(0.,0.,-1.));
#1791 = DIRECTION('',(-1.,-0.,-0.));
#1792 = PCURVE('',#128,#1793);
#1793 = DEFINITIONAL_REPRESENTATION('',(#1794),#1802);
#1794 = ( BOUNDED_CURVE() B_SPLINE_CURVE(2,(#1795,#1796,#1797,#1798,
#1799,#1800,#1801),.UNSPECIFIED.,.T.,.F.) B_SPLINE_CURVE_WITH_KNOTS((1,2
    ,2,2,2,1),(-2.094395102393,0.,2.094395102393,4.188790204786,
6.28318530718,8.377580409573),.UNSPECIFIED.) CURVE() 
GEOMETRIC_REPRESENTATION_ITEM() RATIONAL_B_SPLINE_CURVE((1.,0.5,1.,0.5,
1.,0.5,1.)) REPRESENTATION_ITEM('') );
#1795 = CARTESIAN_POINT('',(-84.3,29.2));
#1796 = CARTESIAN_POINT('',(-84.3,34.396152422707));
#1797 = CARTESIAN_POINT('',(-79.8,31.798076211353));
#1798 = CARTESIAN_POINT('',(-75.3,29.2));
#1799 = CARTESIAN_POINT('',(-79.8,26.601923788647));
#1800 = CARTESIAN_POINT('',(-84.3,24.003847577293));
#1801 = CARTESIAN_POINT('',(-84.3,29.2));
#1802 = ( GEOMETRIC_REPRESENTATION_CONTEXT(2) 
PARAMETRIC_REPRESENTATION_CONTEXT() REPRESENTATION_CONTEXT('2D SPACE',''
  ) );
#1803 = PCURVE('',#1804,#1809);
#1804 = CYLINDRICAL_SURFACE('',#1805,3.);
#1805 = AXIS2_PLACEMENT_3D('',#1806,#1807,#1808);
#1806 = CARTESIAN_POINT('',(64.25,29.2,-0.1));
#1807 = DIRECTION('',(-0.,-0.,1.));
#1808 = DIRECTION('',(-1.,-0.,-0.));
#1809 = DEFINITIONAL_REPRESENTATION('',(#1810),#1814);
#1810 = LINE('',#1811,#1812);
#1811 = CARTESIAN_POINT('',(-0.,2.9));
#1812 = VECTOR('',#1813,1.);
#1813 = DIRECTION('',(-1.,0.));
#1814 = ( GEOMETRIC_REPRESENTATION_CONTEXT(2) 
PARAMETRIC_REPRESENTATION_CONTEXT() REPRESENTATION_CONTEXT('2D SPACE',''
  ) );
#1815 = ORIENTED_EDGE('',*,*,#1816,.F.);
#1816 = EDGE_CURVE('',#1723,#1784,#1817,.T.);
#1817 = SURFACE_CURVE('',#1818,(#1822,#1829),.PCURVE_S1.);
#1818 = LINE('',#1819,#1820);
#1819 = CARTESIAN_POINT('',(104.9,32.2,2.8));
#1820 = VECTOR('',#1821,1.);
#1821 = DIRECTION('',(1.,-0.,-0.));
#1822 = PCURVE('',#128,#1823);
#1823 = DEFINITIONAL_REPRESENTATION('',(#1824),#1828);
#1824 = LINE('',#1825,#1826);
#1825 = CARTESIAN_POINT('',(-40.65,32.2));
#1826 = VECTOR('',#1827,1.);
#1827 = DIRECTION('',(1.,-0.));
#1828 = ( GEOMETRIC_REPRESENTATION_CONTEXT(2) 
PARAMETRIC_REPRESENTATION_CONTEXT() REPRESENTATION_CONTEXT('2D SPACE',''
  ) );
#1829 = PCURVE('',#1830,#1835);
#1830 = PLANE('',#1831);
#1831 = AXIS2_PLACEMENT_3D('',#1832,#1833,#1834);
#1832 = CARTESIAN_POINT('',(64.25,32.2,-0.1));
#1833 = DIRECTION('',(0.,1.,0.));
#1834 = DIRECTION('',(0.,-0.,-1.));
#1835 = DEFINITIONAL_REPRESENTATION('',(#1836),#1840);
#1836 = LINE('',#1837,#1838);
#1837 = CARTESIAN_POINT('',(-2.9,-40.65));
#1838 = VECTOR('',#1839,1.);
#1839 = DIRECTION('',(-0.,-1.));
#1840 = ( GEOMETRIC_REPRESENTATION_CONTEXT(2) 
PARAMETRIC_REPRESENTATION_CONTEXT() REPRESENTATION_CONTEXT('2D SPACE',''
  ) );
#1841 = FACE_BOUND('',#1842,.F.);
#1842 = EDGE_LOOP('',(#1843,#1878,#1906,#1939));
#1843 = ORIENTED_EDGE('',*,*,#1844,.F.);
#1844 = EDGE_CURVE('',#1845,#1847,#1849,.T.);
#1845 = VERTEX_POINT('',#1846);
#1846 = CARTESIAN_POINT('',(75.25,76.2,2.8));
#1847 = VERTEX_POINT('',#1848);
#1848 = CARTESIAN_POINT('',(75.25,82.2,2.8));
#1849 = SURFACE_CURVE('',#1850,(#1855,#1866),.PCURVE_S1.);
#1850 = CIRCLE('',#1851,3.);
#1851 = AXIS2_PLACEMENT_3D('',#1852,#1853,#1854);
#1852 = CARTESIAN_POINT('',(75.25,79.2,2.8));
#1853 = DIRECTION('',(0.,0.,-1.));
#1854 = DIRECTION('',(-1.,-0.,-0.));
#1855 = PCURVE('',#128,#1856);
#1856 = DEFINITIONAL_REPRESENTATION('',(#1857),#1865);
#1857 = ( BOUNDED_CURVE() B_SPLINE_CURVE(2,(#1858,#1859,#1860,#1861,
#1862,#1863,#1864),.UNSPECIFIED.,.T.,.F.) B_SPLINE_CURVE_WITH_KNOTS((1,2
    ,2,2,2,1),(-2.094395102393,0.,2.094395102393,4.188790204786,
6.28318530718,8.377580409573),.UNSPECIFIED.) CURVE() 
GEOMETRIC_REPRESENTATION_ITEM() RATIONAL_B_SPLINE_CURVE((1.,0.5,1.,0.5,
1.,0.5,1.)) REPRESENTATION_ITEM('') );
#1858 = CARTESIAN_POINT('',(-73.3,79.2));
#1859 = CARTESIAN_POINT('',(-73.3,84.396152422707));
#1860 = CARTESIAN_POINT('',(-68.8,81.798076211353));
#1861 = CARTESIAN_POINT('',(-64.3,79.2));
#1862 = CARTESIAN_POINT('',(-68.8,76.601923788647));
#1863 = CARTESIAN_POINT('',(-73.3,74.003847577293));
#1864 = CARTESIAN_POINT('',(-73.3,79.2));
#1865 = ( GEOMETRIC_REPRESENTATION_CONTEXT(2) 
PARAMETRIC_REPRESENTATION_CONTEXT() REPRESENTATION_CONTEXT('2D SPACE',''
  ) );
#1866 = PCURVE('',#1867,#1872);
#1867 = CYLINDRICAL_SURFACE('',#1868,3.);
#1868 = AXIS2_PLACEMENT_3D('',#1869,#1870,#1871);
#1869 = CARTESIAN_POINT('',(75.25,79.2,-0.1));
#1870 = DIRECTION('',(-0.,-0.,1.));
#1871 = DIRECTION('',(-1.,-0.,-0.));
#1872 = DEFINITIONAL_REPRESENTATION('',(#1873),#1877);
#1873 = LINE('',#1874,#1875);
#1874 = CARTESIAN_POINT('',(-0.,2.9));
#1875 = VECTOR('',#1876,1.);
#1876 = DIRECTION('',(-1.,0.));
#1877 = ( GEOMETRIC_REPRESENTATION_CONTEXT(2) 
PARAMETRIC_REPRESENTATION_CONTEXT() REPRESENTATION_CONTEXT('2D SPACE',''
  ) );
#1878 = ORIENTED_EDGE('',*,*,#1879,.T.);
#1879 = EDGE_CURVE('',#1845,#1880,#1882,.T.);
#1880 = VERTEX_POINT('',#1881);
#1881 = CARTESIAN_POINT('',(103.25,76.2,2.8));
#1882 = SURFACE_CURVE('',#1883,(#1887,#1894),.PCURVE_S1.);
#1883 = LINE('',#1884,#1885);
#1884 = CARTESIAN_POINT('',(124.4,76.2,2.8));
#1885 = VECTOR('',#1886,1.);
#1886 = DIRECTION('',(1.,-0.,-0.));
#1887 = PCURVE('',#128,#1888);
#1888 = DEFINITIONAL_REPRESENTATION('',(#1889),#1893);
#1889 = LINE('',#1890,#1891);
#1890 = CARTESIAN_POINT('',(-21.15,76.2));
#1891 = VECTOR('',#1892,1.);
#1892 = DIRECTION('',(1.,-0.));
#1893 = ( GEOMETRIC_REPRESENTATION_CONTEXT(2) 
PARAMETRIC_REPRESENTATION_CONTEXT() REPRESENTATION_CONTEXT('2D SPACE',''
  ) );
#1894 = PCURVE('',#1895,#1900);
#1895 = PLANE('',#1896);
#1896 = AXIS2_PLACEMENT_3D('',#1897,#1898,#1899);
#1897 = CARTESIAN_POINT('',(103.25,76.2,-0.1));
#1898 = DIRECTION('',(0.,1.,0.));
#1899 = DIRECTION('',(0.,-0.,-1.));
#1900 = DEFINITIONAL_REPRESENTATION('',(#1901),#1905);
#1901 = LINE('',#1902,#1903);
#1902 = CARTESIAN_POINT('',(-2.9,-21.15));
#1903 = VECTOR('',#1904,1.);
#1904 = DIRECTION('',(-0.,-1.));
#1905 = ( GEOMETRIC_REPRESENTATION_CONTEXT(2) 
PARAMETRIC_REPRESENTATION_CONTEXT() REPRESENTATION_CONTEXT('2D SPACE',''
  ) );
#1906 = ORIENTED_EDGE('',*,*,#1907,.F.);
#1907 = EDGE_CURVE('',#1908,#1880,#1910,.T.);
#1908 = VERTEX_POINT('',#1909);
#1909 = CARTESIAN_POINT('',(103.25,82.2,2.8));
#1910 = SURFACE_CURVE('',#1911,(#1916,#1927),.PCURVE_S1.);
#1911 = CIRCLE('',#1912,3.);
#1912 = AXIS2_PLACEMENT_3D('',#1913,#1914,#1915);
#1913 = CARTESIAN_POINT('',(103.25,79.2,2.8));
#1914 = DIRECTION('',(0.,0.,-1.));
#1915 = DIRECTION('',(-1.,-0.,-0.));
#1916 = PCURVE('',#128,#1917);
#1917 = DEFINITIONAL_REPRESENTATION('',(#1918),#1926);
#1918 = ( BOUNDED_CURVE() B_SPLINE_CURVE(2,(#1919,#1920,#1921,#1922,
#1923,#1924,#1925),.UNSPECIFIED.,.T.,.F.) B_SPLINE_CURVE_WITH_KNOTS((1,2
    ,2,2,2,1),(-2.094395102393,0.,2.094395102393,4.188790204786,
6.28318530718,8.377580409573),.UNSPECIFIED.) CURVE() 
GEOMETRIC_REPRESENTATION_ITEM() RATIONAL_B_SPLINE_CURVE((1.,0.5,1.,0.5,
1.,0.5,1.)) REPRESENTATION_ITEM('') );
#1919 = CARTESIAN_POINT('',(-45.3,79.2));
#1920 = CARTESIAN_POINT('',(-45.3,84.396152422707));
#1921 = CARTESIAN_POINT('',(-40.8,81.798076211353));
#1922 = CARTESIAN_POINT('',(-36.3,79.2));
#1923 = CARTESIAN_POINT('',(-40.8,76.601923788647));
#1924 = CARTESIAN_POINT('',(-45.3,74.003847577293));
#1925 = CARTESIAN_POINT('',(-45.3,79.2));
#1926 = ( GEOMETRIC_REPRESENTATION_CONTEXT(2) 
PARAMETRIC_REPRESENTATION_CONTEXT() REPRESENTATION_CONTEXT('2D SPACE',''
  ) );
#1927 = PCURVE('',#1928,#1933);
#1928 = CYLINDRICAL_SURFACE('',#1929,3.);
#1929 = AXIS2_PLACEMENT_3D('',#1930,#1931,#1932);
#1930 = CARTESIAN_POINT('',(103.25,79.2,-0.1));
#1931 = DIRECTION('',(-0.,-0.,1.));
#1932 = DIRECTION('',(-1.,-0.,-0.));
#1933 = DEFINITIONAL_REPRESENTATION('',(#1934),#1938);
#1934 = LINE('',#1935,#1936);
#1935 = CARTESIAN_POINT('',(-0.,2.9));
#1936 = VECTOR('',#1937,1.);
#1937 = DIRECTION('',(-1.,0.));
#1938 = ( GEOMETRIC_REPRESENTATION_CONTEXT(2) 
PARAMETRIC_REPRESENTATION_CONTEXT() REPRESENTATION_CONTEXT('2D SPACE',''
  ) );
#1939 = ORIENTED_EDGE('',*,*,#1940,.F.);
#1940 = EDGE_CURVE('',#1847,#1908,#1941,.T.);
#1941 = SURFACE_CURVE('',#1942,(#1946,#1953),.PCURVE_S1.);
#1942 = LINE('',#1943,#1944);
#1943 = CARTESIAN_POINT('',(124.4,82.2,2.8));
#1944 = VECTOR('',#1945,1.);
#1945 = DIRECTION('',(1.,-0.,-0.));
#1946 = PCURVE('',#128,#1947);
#1947 = DEFINITIONAL_REPRESENTATION('',(#1948),#1952);
#1948 = LINE('',#1949,#1950);
#1949 = CARTESIAN_POINT('',(-21.15,82.2));
#1950 = VECTOR('',#1951,1.);
#1951 = DIRECTION('',(1.,-0.));
#1952 = ( GEOMETRIC_REPRESENTATION_CONTEXT(2) 
PARAMETRIC_REPRESENTATION_CONTEXT() REPRESENTATION_CONTEXT('2D SPACE',''
  ) );
#1953 = PCURVE('',#1954,#1959);
#1954 = PLANE('',#1955);
#1955 = AXIS2_PLACEMENT_3D('',#1956,#1957,#1958);
#1956 = CARTESIAN_POINT('',(103.25,82.2,-0.1));
#1957 = DIRECTION('',(0.,1.,0.));
#1958 = DIRECTION('',(0.,-0.,-1.));
#1959 = DEFINITIONAL_REPRESENTATION('',(#1960),#1964);
#1960 = LINE('',#1961,#1962);
#1961 = CARTESIAN_POINT('',(-2.9,-21.15));
#1962 = VECTOR('',#1963,1.);
#1963 = DIRECTION('',(-0.,-1.));
#1964 = ( GEOMETRIC_REPRESENTATION_CONTEXT(2) 
PARAMETRIC_REPRESENTATION_CONTEXT() REPRESENTATION_CONTEXT('2D SPACE',''
  ) );
#1965 = FACE_BOUND('',#1966,.F.);
#1966 = EDGE_LOOP('',(#1967,#2002,#2030,#2063));
#1967 = ORIENTED_EDGE('',*,*,#1968,.F.);
#1968 = EDGE_CURVE('',#1969,#1971,#1973,.T.);
#1969 = VERTEX_POINT('',#1970);
#1970 = CARTESIAN_POINT('',(75.25,127.2,2.8));
#1971 = VERTEX_POINT('',#1972);
#1972 = CARTESIAN_POINT('',(75.25,133.2,2.8));
#1973 = SURFACE_CURVE('',#1974,(#1979,#1990),.PCURVE_S1.);
#1974 = CIRCLE('',#1975,3.);
#1975 = AXIS2_PLACEMENT_3D('',#1976,#1977,#1978);
#1976 = CARTESIAN_POINT('',(75.25,130.2,2.8));
#1977 = DIRECTION('',(0.,0.,-1.));
#1978 = DIRECTION('',(-1.,-0.,-0.));
#1979 = PCURVE('',#128,#1980);
#1980 = DEFINITIONAL_REPRESENTATION('',(#1981),#1989);
#1981 = ( BOUNDED_CURVE() B_SPLINE_CURVE(2,(#1982,#1983,#1984,#1985,
#1986,#1987,#1988),.UNSPECIFIED.,.T.,.F.) B_SPLINE_CURVE_WITH_KNOTS((1,2
    ,2,2,2,1),(-2.094395102393,0.,2.094395102393,4.188790204786,
6.28318530718,8.377580409573),.UNSPECIFIED.) CURVE() 
GEOMETRIC_REPRESENTATION_ITEM() RATIONAL_B_SPLINE_CURVE((1.,0.5,1.,0.5,
1.,0.5,1.)) REPRESENTATION_ITEM('') );
#1982 = CARTESIAN_POINT('',(-73.3,130.2));
#1983 = CARTESIAN_POINT('',(-73.3,135.3961524227));
#1984 = CARTESIAN_POINT('',(-68.8,132.79807621135));
#1985 = CARTESIAN_POINT('',(-64.3,130.2));
#1986 = CARTESIAN_POINT('',(-68.8,127.60192378864));
#1987 = CARTESIAN_POINT('',(-73.3,125.00384757729));
#1988 = CARTESIAN_POINT('',(-73.3,130.2));
#1989 = ( GEOMETRIC_REPRESENTATION_CONTEXT(2) 
PARAMETRIC_REPRESENTATION_CONTEXT() REPRESENTATION_CONTEXT('2D SPACE',''
  ) );
#1990 = PCURVE('',#1991,#1996);
#1991 = CYLINDRICAL_SURFACE('',#1992,3.);
#1992 = AXIS2_PLACEMENT_3D('',#1993,#1994,#1995);
#1993 = CARTESIAN_POINT('',(75.25,130.2,-0.1));
#1994 = DIRECTION('',(-0.,-0.,1.));
#1995 = DIRECTION('',(-1.,-0.,-0.));
#1996 = DEFINITIONAL_REPRESENTATION('',(#1997),#2001);
#1997 = LINE('',#1998,#1999);
#1998 = CARTESIAN_POINT('',(-0.,2.9));
#1999 = VECTOR('',#2000,1.);
#2000 = DIRECTION('',(-1.,0.));
#2001 = ( GEOMETRIC_REPRESENTATION_CONTEXT(2) 
PARAMETRIC_REPRESENTATION_CONTEXT() REPRESENTATION_CONTEXT('2D SPACE',''
  ) );
#2002 = ORIENTED_EDGE('',*,*,#2003,.T.);
#2003 = EDGE_CURVE('',#1969,#2004,#2006,.T.);
#2004 = VERTEX_POINT('',#2005);
#2005 = CARTESIAN_POINT('',(103.25,127.2,2.8));
#2006 = SURFACE_CURVE('',#2007,(#2011,#2018),.PCURVE_S1.);
#2007 = LINE('',#2008,#2009);
#2008 = CARTESIAN_POINT('',(124.4,127.2,2.8));
#2009 = VECTOR('',#2010,1.);
#2010 = DIRECTION('',(1.,-0.,-0.));
#2011 = PCURVE('',#128,#2012);
#2012 = DEFINITIONAL_REPRESENTATION('',(#2013),#2017);
#2013 = LINE('',#2014,#2015);
#2014 = CARTESIAN_POINT('',(-21.15,127.2));
#2015 = VECTOR('',#2016,1.);
#2016 = DIRECTION('',(1.,-0.));
#2017 = ( GEOMETRIC_REPRESENTATION_CONTEXT(2) 
PARAMETRIC_REPRESENTATION_CONTEXT() REPRESENTATION_CONTEXT('2D SPACE',''
  ) );
#2018 = PCURVE('',#2019,#2024);
#2019 = PLANE('',#2020);
#2020 = AXIS2_PLACEMENT_3D('',#2021,#2022,#2023);
#2021 = CARTESIAN_POINT('',(103.25,127.2,-0.1));
#2022 = DIRECTION('',(0.,1.,0.));
#2023 = DIRECTION('',(0.,-0.,-1.));
#2024 = DEFINITIONAL_REPRESENTATION('',(#2025),#2029);
#2025 = LINE('',#2026,#2027);
#2026 = CARTESIAN_POINT('',(-2.9,-21.15));
#2027 = VECTOR('',#2028,1.);
#2028 = DIRECTION('',(-0.,-1.));
#2029 = ( GEOMETRIC_REPRESENTATION_CONTEXT(2) 
PARAMETRIC_REPRESENTATION_CONTEXT() REPRESENTATION_CONTEXT('2D SPACE',''
  ) );
#2030 = ORIENTED_EDGE('',*,*,#2031,.F.);
#2031 = EDGE_CURVE('',#2032,#2004,#2034,.T.);
#2032 = VERTEX_POINT('',#2033);
#2033 = CARTESIAN_POINT('',(103.25,133.2,2.8));
#2034 = SURFACE_CURVE('',#2035,(#2040,#2051),.PCURVE_S1.);
#2035 = CIRCLE('',#2036,3.);
#2036 = AXIS2_PLACEMENT_3D('',#2037,#2038,#2039);
#2037 = CARTESIAN_POINT('',(103.25,130.2,2.8));
#2038 = DIRECTION('',(0.,0.,-1.));
#2039 = DIRECTION('',(-1.,-0.,-0.));
#2040 = PCURVE('',#128,#2041);
#2041 = DEFINITIONAL_REPRESENTATION('',(#2042),#2050);
#2042 = ( BOUNDED_CURVE() B_SPLINE_CURVE(2,(#2043,#2044,#2045,#2046,
#2047,#2048,#2049),.UNSPECIFIED.,.T.,.F.) B_SPLINE_CURVE_WITH_KNOTS((1,2
    ,2,2,2,1),(-2.094395102393,0.,2.094395102393,4.188790204786,
6.28318530718,8.377580409573),.UNSPECIFIED.) CURVE() 
GEOMETRIC_REPRESENTATION_ITEM() RATIONAL_B_SPLINE_CURVE((1.,0.5,1.,0.5,
1.,0.5,1.)) REPRESENTATION_ITEM('') );
#2043 = CARTESIAN_POINT('',(-45.3,130.2));
#2044 = CARTESIAN_POINT('',(-45.3,135.3961524227));
#2045 = CARTESIAN_POINT('',(-40.8,132.79807621135));
#2046 = CARTESIAN_POINT('',(-36.3,130.2));
#2047 = CARTESIAN_POINT('',(-40.8,127.60192378864));
#2048 = CARTESIAN_POINT('',(-45.3,125.00384757729));
#2049 = CARTESIAN_POINT('',(-45.3,130.2));
#2050 = ( GEOMETRIC_REPRESENTATION_CONTEXT(2) 
PARAMETRIC_REPRESENTATION_CONTEXT() REPRESENTATION_CONTEXT('2D SPACE',''
  ) );
#2051 = PCURVE('',#2052,#2057);
#2052 = CYLINDRICAL_SURFACE('',#2053,3.);
#2053 = AXIS2_PLACEMENT_3D('',#2054,#2055,#2056);
#2054 = CARTESIAN_POINT('',(103.25,130.2,-0.1));
#2055 = DIRECTION('',(-0.,-0.,1.));
#2056 = DIRECTION('',(-1.,-0.,-0.));
#2057 = DEFINITIONAL_REPRESENTATION('',(#2058),#2062);
#2058 = LINE('',#2059,#2060);
#2059 = CARTESIAN_POINT('',(-0.,2.9));
#2060 = VECTOR('',#2061,1.);
#2061 = DIRECTION('',(-1.,0.));
#2062 = ( GEOMETRIC_REPRESENTATION_CONTEXT(2) 
PARAMETRIC_REPRESENTATION_CONTEXT() REPRESENTATION_CONTEXT('2D SPACE',''
  ) );
#2063 = ORIENTED_EDGE('',*,*,#2064,.F.);
#2064 = EDGE_CURVE('',#1971,#2032,#2065,.T.);
#2065 = SURFACE_CURVE('',#2066,(#2070,#2077),.PCURVE_S1.);
#2066 = LINE('',#2067,#2068);
#2067 = CARTESIAN_POINT('',(124.4,133.2,2.8));
#2068 = VECTOR('',#2069,1.);
#2069 = DIRECTION('',(1.,-0.,-0.));
#2070 = PCURVE('',#128,#2071);
#2071 = DEFINITIONAL_REPRESENTATION('',(#2072),#2076);
#2072 = LINE('',#2073,#2074);
#2073 = CARTESIAN_POINT('',(-21.15,133.2));
#2074 = VECTOR('',#2075,1.);
#2075 = DIRECTION('',(1.,-0.));
#2076 = ( GEOMETRIC_REPRESENTATION_CONTEXT(2) 
PARAMETRIC_REPRESENTATION_CONTEXT() REPRESENTATION_CONTEXT('2D SPACE',''
  ) );
#2077 = PCURVE('',#2078,#2083);
#2078 = PLANE('',#2079);
#2079 = AXIS2_PLACEMENT_3D('',#2080,#2081,#2082);
#2080 = CARTESIAN_POINT('',(103.25,133.2,-0.1));
#2081 = DIRECTION('',(0.,1.,0.));
#2082 = DIRECTION('',(0.,-0.,-1.));
#2083 = DEFINITIONAL_REPRESENTATION('',(#2084),#2088);
#2084 = LINE('',#2085,#2086);
#2085 = CARTESIAN_POINT('',(-2.9,-21.15));
#2086 = VECTOR('',#2087,1.);
#2087 = DIRECTION('',(-0.,-1.));
#2088 = ( GEOMETRIC_REPRESENTATION_CONTEXT(2) 
PARAMETRIC_REPRESENTATION_CONTEXT() REPRESENTATION_CONTEXT('2D SPACE',''
  ) );
#2089 = FACE_BOUND('',#2090,.F.);
#2090 = EDGE_LOOP('',(#2091,#2121,#2149,#2177));
#2091 = ORIENTED_EDGE('',*,*,#2092,.T.);
#2092 = EDGE_CURVE('',#2093,#2095,#2097,.T.);
#2093 = VERTEX_POINT('',#2094);
#2094 = CARTESIAN_POINT('',(77.25,104.2,2.8));
#2095 = VERTEX_POINT('',#2096);
#2096 = CARTESIAN_POINT('',(91.25,104.2,2.8));
#2097 = SURFACE_CURVE('',#2098,(#2102,#2109),.PCURVE_S1.);
#2098 = LINE('',#2099,#2100);
#2099 = CARTESIAN_POINT('',(118.4,104.2,2.8));
#2100 = VECTOR('',#2101,1.);
#2101 = DIRECTION('',(1.,-0.,-0.));
#2102 = PCURVE('',#128,#2103);
#2103 = DEFINITIONAL_REPRESENTATION('',(#2104),#2108);
#2104 = LINE('',#2105,#2106);
#2105 = CARTESIAN_POINT('',(-27.15,104.2));
#2106 = VECTOR('',#2107,1.);
#2107 = DIRECTION('',(1.,-0.));
#2108 = ( GEOMETRIC_REPRESENTATION_CONTEXT(2) 
PARAMETRIC_REPRESENTATION_CONTEXT() REPRESENTATION_CONTEXT('2D SPACE',''
  ) );
#2109 = PCURVE('',#2110,#2115);
#2110 = PLANE('',#2111);
#2111 = AXIS2_PLACEMENT_3D('',#2112,#2113,#2114);
#2112 = CARTESIAN_POINT('',(91.25,104.2,2.5));
#2113 = DIRECTION('',(0.,1.,0.));
#2114 = DIRECTION('',(0.,-0.,-1.));
#2115 = DEFINITIONAL_REPRESENTATION('',(#2116),#2120);
#2116 = LINE('',#2117,#2118);
#2117 = CARTESIAN_POINT('',(-0.3,-27.15));
#2118 = VECTOR('',#2119,1.);
#2119 = DIRECTION('',(-0.,-1.));
#2120 = ( GEOMETRIC_REPRESENTATION_CONTEXT(2) 
PARAMETRIC_REPRESENTATION_CONTEXT() REPRESENTATION_CONTEXT('2D SPACE',''
  ) );
#2121 = ORIENTED_EDGE('',*,*,#2122,.T.);
#2122 = EDGE_CURVE('',#2095,#2123,#2125,.T.);
#2123 = VERTEX_POINT('',#2124);
#2124 = CARTESIAN_POINT('',(91.25,107.2,2.8));
#2125 = SURFACE_CURVE('',#2126,(#2130,#2137),.PCURVE_S1.);
#2126 = LINE('',#2127,#2128);
#2127 = CARTESIAN_POINT('',(91.25,52.1,2.8));
#2128 = VECTOR('',#2129,1.);
#2129 = DIRECTION('',(-0.,1.,-0.));
#2130 = PCURVE('',#128,#2131);
#2131 = DEFINITIONAL_REPRESENTATION('',(#2132),#2136);
#2132 = LINE('',#2133,#2134);
#2133 = CARTESIAN_POINT('',(-54.3,52.1));
#2134 = VECTOR('',#2135,1.);
#2135 = DIRECTION('',(-0.,1.));
#2136 = ( GEOMETRIC_REPRESENTATION_CONTEXT(2) 
PARAMETRIC_REPRESENTATION_CONTEXT() REPRESENTATION_CONTEXT('2D SPACE',''
  ) );
#2137 = PCURVE('',#2138,#2143);
#2138 = PLANE('',#2139);
#2139 = AXIS2_PLACEMENT_3D('',#2140,#2141,#2142);
#2140 = CARTESIAN_POINT('',(91.25,104.2,2.5));
#2141 = DIRECTION('',(-1.,-0.,0.));
#2142 = DIRECTION('',(0.,-0.,-1.));
#2143 = DEFINITIONAL_REPRESENTATION('',(#2144),#2148);
#2144 = LINE('',#2145,#2146);
#2145 = CARTESIAN_POINT('',(-0.3,52.1));
#2146 = VECTOR('',#2147,1.);
#2147 = DIRECTION('',(-0.,-1.));
#2148 = ( GEOMETRIC_REPRESENTATION_CONTEXT(2) 
PARAMETRIC_REPRESENTATION_CONTEXT() REPRESENTATION_CONTEXT('2D SPACE',''
  ) );
#2149 = ORIENTED_EDGE('',*,*,#2150,.F.);
#2150 = EDGE_CURVE('',#2151,#2123,#2153,.T.);
#2151 = VERTEX_POINT('',#2152);
#2152 = CARTESIAN_POINT('',(77.25,107.2,2.8));
#2153 = SURFACE_CURVE('',#2154,(#2158,#2165),.PCURVE_S1.);
#2154 = LINE('',#2155,#2156);
#2155 = CARTESIAN_POINT('',(118.4,107.2,2.8));
#2156 = VECTOR('',#2157,1.);
#2157 = DIRECTION('',(1.,-0.,-0.));
#2158 = PCURVE('',#128,#2159);
#2159 = DEFINITIONAL_REPRESENTATION('',(#2160),#2164);
#2160 = LINE('',#2161,#2162);
#2161 = CARTESIAN_POINT('',(-27.15,107.2));
#2162 = VECTOR('',#2163,1.);
#2163 = DIRECTION('',(1.,-0.));
#2164 = ( GEOMETRIC_REPRESENTATION_CONTEXT(2) 
PARAMETRIC_REPRESENTATION_CONTEXT() REPRESENTATION_CONTEXT('2D SPACE',''
  ) );
#2165 = PCURVE('',#2166,#2171);
#2166 = PLANE('',#2167);
#2167 = AXIS2_PLACEMENT_3D('',#2168,#2169,#2170);
#2168 = CARTESIAN_POINT('',(91.25,107.2,2.5));
#2169 = DIRECTION('',(0.,1.,0.));
#2170 = DIRECTION('',(0.,-0.,-1.));
#2171 = DEFINITIONAL_REPRESENTATION('',(#2172),#2176);
#2172 = LINE('',#2173,#2174);
#2173 = CARTESIAN_POINT('',(-0.3,-27.15));
#2174 = VECTOR('',#2175,1.);
#2175 = DIRECTION('',(-0.,-1.));
#2176 = ( GEOMETRIC_REPRESENTATION_CONTEXT(2) 
PARAMETRIC_REPRESENTATION_CONTEXT() REPRESENTATION_CONTEXT('2D SPACE',''
  ) );
#2177 = ORIENTED_EDGE('',*,*,#2178,.F.);
#2178 = EDGE_CURVE('',#2093,#2151,#2179,.T.);
#2179 = SURFACE_CURVE('',#2180,(#2184,#2191),.PCURVE_S1.);
#2180 = LINE('',#2181,#2182);
#2181 = CARTESIAN_POINT('',(77.25,52.1,2.8));
#2182 = VECTOR('',#2183,1.);
#2183 = DIRECTION('',(-0.,1.,-0.));
#2184 = PCURVE('',#128,#2185);
#2185 = DEFINITIONAL_REPRESENTATION('',(#2186),#2190);
#2186 = LINE('',#2187,#2188);
#2187 = CARTESIAN_POINT('',(-68.3,52.1));
#2188 = VECTOR('',#2189,1.);
#2189 = DIRECTION('',(-0.,1.));
#2190 = ( GEOMETRIC_REPRESENTATION_CONTEXT(2) 
PARAMETRIC_REPRESENTATION_CONTEXT() REPRESENTATION_CONTEXT('2D SPACE',''
  ) );
#2191 = PCURVE('',#2192,#2197);
#2192 = PLANE('',#2193);
#2193 = AXIS2_PLACEMENT_3D('',#2194,#2195,#2196);
#2194 = CARTESIAN_POINT('',(77.25,104.2,2.5));
#2195 = DIRECTION('',(-1.,-0.,0.));
#2196 = DIRECTION('',(0.,-0.,-1.));
#2197 = DEFINITIONAL_REPRESENTATION('',(#2198),#2202);
#2198 = LINE('',#2199,#2200);
#2199 = CARTESIAN_POINT('',(-0.3,52.1));
#2200 = VECTOR('',#2201,1.);
#2201 = DIRECTION('',(-0.,-1.));
#2202 = ( GEOMETRIC_REPRESENTATION_CONTEXT(2) 
PARAMETRIC_REPRESENTATION_CONTEXT() REPRESENTATION_CONTEXT('2D SPACE',''
  ) );
#2203 = FACE_BOUND('',#2204,.F.);
#2204 = EDGE_LOOP('',(#2205,#2240,#2268,#2301));
#2205 = ORIENTED_EDGE('',*,*,#2206,.F.);
#2206 = EDGE_CURVE('',#2207,#2209,#2211,.T.);
#2207 = VERTEX_POINT('',#2208);
#2208 = CARTESIAN_POINT('',(36.25,76.2,2.8));
#2209 = VERTEX_POINT('',#2210);
#2210 = CARTESIAN_POINT('',(36.25,82.2,2.8));
#2211 = SURFACE_CURVE('',#2212,(#2217,#2228),.PCURVE_S1.);
#2212 = CIRCLE('',#2213,3.);
#2213 = AXIS2_PLACEMENT_3D('',#2214,#2215,#2216);
#2214 = CARTESIAN_POINT('',(36.25,79.2,2.8));
#2215 = DIRECTION('',(0.,0.,-1.));
#2216 = DIRECTION('',(-1.,-0.,-0.));
#2217 = PCURVE('',#128,#2218);
#2218 = DEFINITIONAL_REPRESENTATION('',(#2219),#2227);
#2219 = ( BOUNDED_CURVE() B_SPLINE_CURVE(2,(#2220,#2221,#2222,#2223,
#2224,#2225,#2226),.UNSPECIFIED.,.T.,.F.) B_SPLINE_CURVE_WITH_KNOTS((1,2
    ,2,2,2,1),(-2.094395102393,0.,2.094395102393,4.188790204786,
6.28318530718,8.377580409573),.UNSPECIFIED.) CURVE() 
GEOMETRIC_REPRESENTATION_ITEM() RATIONAL_B_SPLINE_CURVE((1.,0.5,1.,0.5,
1.,0.5,1.)) REPRESENTATION_ITEM('') );
#2220 = CARTESIAN_POINT('',(-112.3,79.2));
#2221 = CARTESIAN_POINT('',(-112.3,84.396152422707));
#2222 = CARTESIAN_POINT('',(-107.8,81.798076211353));
#2223 = CARTESIAN_POINT('',(-103.3,79.2));
#2224 = CARTESIAN_POINT('',(-107.8,76.601923788647));
#2225 = CARTESIAN_POINT('',(-112.3,74.003847577293));
#2226 = CARTESIAN_POINT('',(-112.3,79.2));
#2227 = ( GEOMETRIC_REPRESENTATION_CONTEXT(2) 
PARAMETRIC_REPRESENTATION_CONTEXT() REPRESENTATION_CONTEXT('2D SPACE',''
  ) );
#2228 = PCURVE('',#2229,#2234);
#2229 = CYLINDRICAL_SURFACE('',#2230,3.);
#2230 = AXIS2_PLACEMENT_3D('',#2231,#2232,#2233);
#2231 = CARTESIAN_POINT('',(36.25,79.2,-0.1));
#2232 = DIRECTION('',(-0.,-0.,1.));
#2233 = DIRECTION('',(-1.,-0.,-0.));
#2234 = DEFINITIONAL_REPRESENTATION('',(#2235),#2239);
#2235 = LINE('',#2236,#2237);
#2236 = CARTESIAN_POINT('',(-0.,2.9));
#2237 = VECTOR('',#2238,1.);
#2238 = DIRECTION('',(-1.,0.));
#2239 = ( GEOMETRIC_REPRESENTATION_CONTEXT(2) 
PARAMETRIC_REPRESENTATION_CONTEXT() REPRESENTATION_CONTEXT('2D SPACE',''
  ) );
#2240 = ORIENTED_EDGE('',*,*,#2241,.T.);
#2241 = EDGE_CURVE('',#2207,#2242,#2244,.T.);
#2242 = VERTEX_POINT('',#2243);
#2243 = CARTESIAN_POINT('',(64.25,76.2,2.8));
#2244 = SURFACE_CURVE('',#2245,(#2249,#2256),.PCURVE_S1.);
#2245 = LINE('',#2246,#2247);
#2246 = CARTESIAN_POINT('',(104.9,76.2,2.8));
#2247 = VECTOR('',#2248,1.);
#2248 = DIRECTION('',(1.,-0.,-0.));
#2249 = PCURVE('',#128,#2250);
#2250 = DEFINITIONAL_REPRESENTATION('',(#2251),#2255);
#2251 = LINE('',#2252,#2253);
#2252 = CARTESIAN_POINT('',(-40.65,76.2));
#2253 = VECTOR('',#2254,1.);
#2254 = DIRECTION('',(1.,-0.));
#2255 = ( GEOMETRIC_REPRESENTATION_CONTEXT(2) 
PARAMETRIC_REPRESENTATION_CONTEXT() REPRESENTATION_CONTEXT('2D SPACE',''
  ) );
#2256 = PCURVE('',#2257,#2262);
#2257 = PLANE('',#2258);
#2258 = AXIS2_PLACEMENT_3D('',#2259,#2260,#2261);
#2259 = CARTESIAN_POINT('',(64.25,76.2,-0.1));
#2260 = DIRECTION('',(0.,1.,0.));
#2261 = DIRECTION('',(0.,-0.,-1.));
#2262 = DEFINITIONAL_REPRESENTATION('',(#2263),#2267);
#2263 = LINE('',#2264,#2265);
#2264 = CARTESIAN_POINT('',(-2.9,-40.65));
#2265 = VECTOR('',#2266,1.);
#2266 = DIRECTION('',(-0.,-1.));
#2267 = ( GEOMETRIC_REPRESENTATION_CONTEXT(2) 
PARAMETRIC_REPRESENTATION_CONTEXT() REPRESENTATION_CONTEXT('2D SPACE',''
  ) );
#2268 = ORIENTED_EDGE('',*,*,#2269,.F.);
#2269 = EDGE_CURVE('',#2270,#2242,#2272,.T.);
#2270 = VERTEX_POINT('',#2271);
#2271 = CARTESIAN_POINT('',(64.25,82.2,2.8));
#2272 = SURFACE_CURVE('',#2273,(#2278,#2289),.PCURVE_S1.);
#2273 = CIRCLE('',#2274,3.);
#2274 = AXIS2_PLACEMENT_3D('',#2275,#2276,#2277);
#2275 = CARTESIAN_POINT('',(64.25,79.2,2.8));
#2276 = DIRECTION('',(0.,0.,-1.));
#2277 = DIRECTION('',(-1.,-0.,-0.));
#2278 = PCURVE('',#128,#2279);
#2279 = DEFINITIONAL_REPRESENTATION('',(#2280),#2288);
#2280 = ( BOUNDED_CURVE() B_SPLINE_CURVE(2,(#2281,#2282,#2283,#2284,
#2285,#2286,#2287),.UNSPECIFIED.,.T.,.F.) B_SPLINE_CURVE_WITH_KNOTS((1,2
    ,2,2,2,1),(-2.094395102393,0.,2.094395102393,4.188790204786,
6.28318530718,8.377580409573),.UNSPECIFIED.) CURVE() 
GEOMETRIC_REPRESENTATION_ITEM() RATIONAL_B_SPLINE_CURVE((1.,0.5,1.,0.5,
1.,0.5,1.)) REPRESENTATION_ITEM('') );
#2281 = CARTESIAN_POINT('',(-84.3,79.2));
#2282 = CARTESIAN_POINT('',(-84.3,84.396152422707));
#2283 = CARTESIAN_POINT('',(-79.8,81.798076211353));
#2284 = CARTESIAN_POINT('',(-75.3,79.2));
#2285 = CARTESIAN_POINT('',(-79.8,76.601923788647));
#2286 = CARTESIAN_POINT('',(-84.3,74.003847577293));
#2287 = CARTESIAN_POINT('',(-84.3,79.2));
#2288 = ( GEOMETRIC_REPRESENTATION_CONTEXT(2) 
PARAMETRIC_REPRESENTATION_CONTEXT() REPRESENTATION_CONTEXT('2D SPACE',''
  ) );
#2289 = PCURVE('',#2290,#2295);
#2290 = CYLINDRICAL_SURFACE('',#2291,3.);
#2291 = AXIS2_PLACEMENT_3D('',#2292,#2293,#2294);
#2292 = CARTESIAN_POINT('',(64.25,79.2,-0.1));
#2293 = DIRECTION('',(-0.,-0.,1.));
#2294 = DIRECTION('',(-1.,-0.,-0.));
#2295 = DEFINITIONAL_REPRESENTATION('',(#2296),#2300);
#2296 = LINE('',#2297,#2298);
#2297 = CARTESIAN_POINT('',(-0.,2.9));
#2298 = VECTOR('',#2299,1.);
#2299 = DIRECTION('',(-1.,0.));
#2300 = ( GEOMETRIC_REPRESENTATION_CONTEXT(2) 
PARAMETRIC_REPRESENTATION_CONTEXT() REPRESENTATION_CONTEXT('2D SPACE',''
  ) );
#2301 = ORIENTED_EDGE('',*,*,#2302,.F.);
#2302 = EDGE_CURVE('',#2209,#2270,#2303,.T.);
#2303 = SURFACE_CURVE('',#2304,(#2308,#2315),.PCURVE_S1.);
#2304 = LINE('',#2305,#2306);
#2305 = CARTESIAN_POINT('',(104.9,82.2,2.8));
#2306 = VECTOR('',#2307,1.);
#2307 = DIRECTION('',(1.,-0.,-0.));
#2308 = PCURVE('',#128,#2309);
#2309 = DEFINITIONAL_REPRESENTATION('',(#2310),#2314);
#2310 = LINE('',#2311,#2312);
#2311 = CARTESIAN_POINT('',(-40.65,82.2));
#2312 = VECTOR('',#2313,1.);
#2313 = DIRECTION('',(1.,-0.));
#2314 = ( GEOMETRIC_REPRESENTATION_CONTEXT(2) 
PARAMETRIC_REPRESENTATION_CONTEXT() REPRESENTATION_CONTEXT('2D SPACE',''
  ) );
#2315 = PCURVE('',#2316,#2321);
#2316 = PLANE('',#2317);
#2317 = AXIS2_PLACEMENT_3D('',#2318,#2319,#2320);
#2318 = CARTESIAN_POINT('',(64.25,82.2,-0.1));
#2319 = DIRECTION('',(0.,1.,0.));
#2320 = DIRECTION('',(0.,-0.,-1.));
#2321 = DEFINITIONAL_REPRESENTATION('',(#2322),#2326);
#2322 = LINE('',#2323,#2324);
#2323 = CARTESIAN_POINT('',(-2.9,-40.65));
#2324 = VECTOR('',#2325,1.);
#2325 = DIRECTION('',(-0.,-1.));
#2326 = ( GEOMETRIC_REPRESENTATION_CONTEXT(2) 
PARAMETRIC_REPRESENTATION_CONTEXT() REPRESENTATION_CONTEXT('2D SPACE',''
  ) );
#2327 = FACE_BOUND('',#2328,.F.);
#2328 = EDGE_LOOP('',(#2329,#2364,#2392,#2425));
#2329 = ORIENTED_EDGE('',*,*,#2330,.F.);
#2330 = EDGE_CURVE('',#2331,#2333,#2335,.T.);
#2331 = VERTEX_POINT('',#2332);
#2332 = CARTESIAN_POINT('',(36.25,127.2,2.8));
#2333 = VERTEX_POINT('',#2334);
#2334 = CARTESIAN_POINT('',(36.25,133.2,2.8));
#2335 = SURFACE_CURVE('',#2336,(#2341,#2352),.PCURVE_S1.);
#2336 = CIRCLE('',#2337,3.);
#2337 = AXIS2_PLACEMENT_3D('',#2338,#2339,#2340);
#2338 = CARTESIAN_POINT('',(36.25,130.2,2.8));
#2339 = DIRECTION('',(0.,0.,-1.));
#2340 = DIRECTION('',(-1.,-0.,-0.));
#2341 = PCURVE('',#128,#2342);
#2342 = DEFINITIONAL_REPRESENTATION('',(#2343),#2351);
#2343 = ( BOUNDED_CURVE() B_SPLINE_CURVE(2,(#2344,#2345,#2346,#2347,
#2348,#2349,#2350),.UNSPECIFIED.,.T.,.F.) B_SPLINE_CURVE_WITH_KNOTS((1,2
    ,2,2,2,1),(-2.094395102393,0.,2.094395102393,4.188790204786,
6.28318530718,8.377580409573),.UNSPECIFIED.) CURVE() 
GEOMETRIC_REPRESENTATION_ITEM() RATIONAL_B_SPLINE_CURVE((1.,0.5,1.,0.5,
1.,0.5,1.)) REPRESENTATION_ITEM('') );
#2344 = CARTESIAN_POINT('',(-112.3,130.2));
#2345 = CARTESIAN_POINT('',(-112.3,135.3961524227));
#2346 = CARTESIAN_POINT('',(-107.8,132.79807621135));
#2347 = CARTESIAN_POINT('',(-103.3,130.2));
#2348 = CARTESIAN_POINT('',(-107.8,127.60192378864));
#2349 = CARTESIAN_POINT('',(-112.3,125.00384757729));
#2350 = CARTESIAN_POINT('',(-112.3,130.2));
#2351 = ( GEOMETRIC_REPRESENTATION_CONTEXT(2) 
PARAMETRIC_REPRESENTATION_CONTEXT() REPRESENTATION_CONTEXT('2D SPACE',''
  ) );
#2352 = PCURVE('',#2353,#2358);
#2353 = CYLINDRICAL_SURFACE('',#2354,3.);
#2354 = AXIS2_PLACEMENT_3D('',#2355,#2356,#2357);
#2355 = CARTESIAN_POINT('',(36.25,130.2,-0.1));
#2356 = DIRECTION('',(-0.,-0.,1.));
#2357 = DIRECTION('',(-1.,-0.,-0.));
#2358 = DEFINITIONAL_REPRESENTATION('',(#2359),#2363);
#2359 = LINE('',#2360,#2361);
#2360 = CARTESIAN_POINT('',(-0.,2.9));
#2361 = VECTOR('',#2362,1.);
#2362 = DIRECTION('',(-1.,0.));
#2363 = ( GEOMETRIC_REPRESENTATION_CONTEXT(2) 
PARAMETRIC_REPRESENTATION_CONTEXT() REPRESENTATION_CONTEXT('2D SPACE',''
  ) );
#2364 = ORIENTED_EDGE('',*,*,#2365,.T.);
#2365 = EDGE_CURVE('',#2331,#2366,#2368,.T.);
#2366 = VERTEX_POINT('',#2367);
#2367 = CARTESIAN_POINT('',(64.25,127.2,2.8));
#2368 = SURFACE_CURVE('',#2369,(#2373,#2380),.PCURVE_S1.);
#2369 = LINE('',#2370,#2371);
#2370 = CARTESIAN_POINT('',(104.9,127.2,2.8));
#2371 = VECTOR('',#2372,1.);
#2372 = DIRECTION('',(1.,-0.,-0.));
#2373 = PCURVE('',#128,#2374);
#2374 = DEFINITIONAL_REPRESENTATION('',(#2375),#2379);
#2375 = LINE('',#2376,#2377);
#2376 = CARTESIAN_POINT('',(-40.65,127.2));
#2377 = VECTOR('',#2378,1.);
#2378 = DIRECTION('',(1.,-0.));
#2379 = ( GEOMETRIC_REPRESENTATION_CONTEXT(2) 
PARAMETRIC_REPRESENTATION_CONTEXT() REPRESENTATION_CONTEXT('2D SPACE',''
  ) );
#2380 = PCURVE('',#2381,#2386);
#2381 = PLANE('',#2382);
#2382 = AXIS2_PLACEMENT_3D('',#2383,#2384,#2385);
#2383 = CARTESIAN_POINT('',(64.25,127.2,-0.1));
#2384 = DIRECTION('',(0.,1.,0.));
#2385 = DIRECTION('',(0.,-0.,-1.));
#2386 = DEFINITIONAL_REPRESENTATION('',(#2387),#2391);
#2387 = LINE('',#2388,#2389);
#2388 = CARTESIAN_POINT('',(-2.9,-40.65));
#2389 = VECTOR('',#2390,1.);
#2390 = DIRECTION('',(-0.,-1.));
#2391 = ( GEOMETRIC_REPRESENTATION_CONTEXT(2) 
PARAMETRIC_REPRESENTATION_CONTEXT() REPRESENTATION_CONTEXT('2D SPACE',''
  ) );
#2392 = ORIENTED_EDGE('',*,*,#2393,.F.);
#2393 = EDGE_CURVE('',#2394,#2366,#2396,.T.);
#2394 = VERTEX_POINT('',#2395);
#2395 = CARTESIAN_POINT('',(64.25,133.2,2.8));
#2396 = SURFACE_CURVE('',#2397,(#2402,#2413),.PCURVE_S1.);
#2397 = CIRCLE('',#2398,3.);
#2398 = AXIS2_PLACEMENT_3D('',#2399,#2400,#2401);
#2399 = CARTESIAN_POINT('',(64.25,130.2,2.8));
#2400 = DIRECTION('',(0.,0.,-1.));
#2401 = DIRECTION('',(-1.,-0.,-0.));
#2402 = PCURVE('',#128,#2403);
#2403 = DEFINITIONAL_REPRESENTATION('',(#2404),#2412);
#2404 = ( BOUNDED_CURVE() B_SPLINE_CURVE(2,(#2405,#2406,#2407,#2408,
#2409,#2410,#2411),.UNSPECIFIED.,.T.,.F.) B_SPLINE_CURVE_WITH_KNOTS((1,2
    ,2,2,2,1),(-2.094395102393,0.,2.094395102393,4.188790204786,
6.28318530718,8.377580409573),.UNSPECIFIED.) CURVE() 
GEOMETRIC_REPRESENTATION_ITEM() RATIONAL_B_SPLINE_CURVE((1.,0.5,1.,0.5,
1.,0.5,1.)) REPRESENTATION_ITEM('') );
#2405 = CARTESIAN_POINT('',(-84.3,130.2));
#2406 = CARTESIAN_POINT('',(-84.3,135.3961524227));
#2407 = CARTESIAN_POINT('',(-79.8,132.79807621135));
#2408 = CARTESIAN_POINT('',(-75.3,130.2));
#2409 = CARTESIAN_POINT('',(-79.8,127.60192378864));
#2410 = CARTESIAN_POINT('',(-84.3,125.00384757729));
#2411 = CARTESIAN_POINT('',(-84.3,130.2));
#2412 = ( GEOMETRIC_REPRESENTATION_CONTEXT(2) 
PARAMETRIC_REPRESENTATION_CONTEXT() REPRESENTATION_CONTEXT('2D SPACE',''
  ) );
#2413 = PCURVE('',#2414,#2419);
#2414 = CYLINDRICAL_SURFACE('',#2415,3.);
#2415 = AXIS2_PLACEMENT_3D('',#2416,#2417,#2418);
#2416 = CARTESIAN_POINT('',(64.25,130.2,-0.1));
#2417 = DIRECTION('',(-0.,-0.,1.));
#2418 = DIRECTION('',(-1.,-0.,-0.));
#2419 = DEFINITIONAL_REPRESENTATION('',(#2420),#2424);
#2420 = LINE('',#2421,#2422);
#2421 = CARTESIAN_POINT('',(-0.,2.9));
#2422 = VECTOR('',#2423,1.);
#2423 = DIRECTION('',(-1.,0.));
#2424 = ( GEOMETRIC_REPRESENTATION_CONTEXT(2) 
PARAMETRIC_REPRESENTATION_CONTEXT() REPRESENTATION_CONTEXT('2D SPACE',''
  ) );
#2425 = ORIENTED_EDGE('',*,*,#2426,.F.);
#2426 = EDGE_CURVE('',#2333,#2394,#2427,.T.);
#2427 = SURFACE_CURVE('',#2428,(#2432,#2439),.PCURVE_S1.);
#2428 = LINE('',#2429,#2430);
#2429 = CARTESIAN_POINT('',(104.9,133.2,2.8));
#2430 = VECTOR('',#2431,1.);
#2431 = DIRECTION('',(1.,-0.,-0.));
#2432 = PCURVE('',#128,#2433);
#2433 = DEFINITIONAL_REPRESENTATION('',(#2434),#2438);
#2434 = LINE('',#2435,#2436);
#2435 = CARTESIAN_POINT('',(-40.65,133.2));
#2436 = VECTOR('',#2437,1.);
#2437 = DIRECTION('',(1.,-0.));
#2438 = ( GEOMETRIC_REPRESENTATION_CONTEXT(2) 
PARAMETRIC_REPRESENTATION_CONTEXT() REPRESENTATION_CONTEXT('2D SPACE',''
  ) );
#2439 = PCURVE('',#2440,#2445);
#2440 = PLANE('',#2441);
#2441 = AXIS2_PLACEMENT_3D('',#2442,#2443,#2444);
#2442 = CARTESIAN_POINT('',(64.25,133.2,-0.1));
#2443 = DIRECTION('',(0.,1.,0.));
#2444 = DIRECTION('',(0.,-0.,-1.));
#2445 = DEFINITIONAL_REPRESENTATION('',(#2446),#2450);
#2446 = LINE('',#2447,#2448);
#2447 = CARTESIAN_POINT('',(-2.9,-40.65));
#2448 = VECTOR('',#2449,1.);
#2449 = DIRECTION('',(-0.,-1.));
#2450 = ( GEOMETRIC_REPRESENTATION_CONTEXT(2) 
PARAMETRIC_REPRESENTATION_CONTEXT() REPRESENTATION_CONTEXT('2D SPACE',''
  ) );
#2451 = FACE_BOUND('',#2452,.F.);
#2452 = EDGE_LOOP('',(#2453,#2483,#2511,#2539));
#2453 = ORIENTED_EDGE('',*,*,#2454,.T.);
#2454 = EDGE_CURVE('',#2455,#2457,#2459,.T.);
#2455 = VERTEX_POINT('',#2456);
#2456 = CARTESIAN_POINT('',(19.25,104.2,2.8));
#2457 = VERTEX_POINT('',#2458);
#2458 = CARTESIAN_POINT('',(33.25,104.2,2.8));
#2459 = SURFACE_CURVE('',#2460,(#2464,#2471),.PCURVE_S1.);
#2460 = LINE('',#2461,#2462);
#2461 = CARTESIAN_POINT('',(89.4,104.2,2.8));
#2462 = VECTOR('',#2463,1.);
#2463 = DIRECTION('',(1.,-0.,-0.));
#2464 = PCURVE('',#128,#2465);
#2465 = DEFINITIONAL_REPRESENTATION('',(#2466),#2470);
#2466 = LINE('',#2467,#2468);
#2467 = CARTESIAN_POINT('',(-56.15,104.2));
#2468 = VECTOR('',#2469,1.);
#2469 = DIRECTION('',(1.,-0.));
#2470 = ( GEOMETRIC_REPRESENTATION_CONTEXT(2) 
PARAMETRIC_REPRESENTATION_CONTEXT() REPRESENTATION_CONTEXT('2D SPACE',''
  ) );
#2471 = PCURVE('',#2472,#2477);
#2472 = PLANE('',#2473);
#2473 = AXIS2_PLACEMENT_3D('',#2474,#2475,#2476);
#2474 = CARTESIAN_POINT('',(33.25,104.2,2.5));
#2475 = DIRECTION('',(0.,1.,0.));
#2476 = DIRECTION('',(0.,-0.,-1.));
#2477 = DEFINITIONAL_REPRESENTATION('',(#2478),#2482);
#2478 = LINE('',#2479,#2480);
#2479 = CARTESIAN_POINT('',(-0.3,-56.15));
#2480 = VECTOR('',#2481,1.);
#2481 = DIRECTION('',(-0.,-1.));
#2482 = ( GEOMETRIC_REPRESENTATION_CONTEXT(2) 
PARAMETRIC_REPRESENTATION_CONTEXT() REPRESENTATION_CONTEXT('2D SPACE',''
  ) );
#2483 = ORIENTED_EDGE('',*,*,#2484,.T.);
#2484 = EDGE_CURVE('',#2457,#2485,#2487,.T.);
#2485 = VERTEX_POINT('',#2486);
#2486 = CARTESIAN_POINT('',(33.25,107.2,2.8));
#2487 = SURFACE_CURVE('',#2488,(#2492,#2499),.PCURVE_S1.);
#2488 = LINE('',#2489,#2490);
#2489 = CARTESIAN_POINT('',(33.25,52.1,2.8));
#2490 = VECTOR('',#2491,1.);
#2491 = DIRECTION('',(-0.,1.,-0.));
#2492 = PCURVE('',#128,#2493);
#2493 = DEFINITIONAL_REPRESENTATION('',(#2494),#2498);
#2494 = LINE('',#2495,#2496);
#2495 = CARTESIAN_POINT('',(-112.3,52.1));
#2496 = VECTOR('',#2497,1.);
#2497 = DIRECTION('',(-0.,1.));
#2498 = ( GEOMETRIC_REPRESENTATION_CONTEXT(2) 
PARAMETRIC_REPRESENTATION_CONTEXT() REPRESENTATION_CONTEXT('2D SPACE',''
  ) );
#2499 = PCURVE('',#2500,#2505);
#2500 = PLANE('',#2501);
#2501 = AXIS2_PLACEMENT_3D('',#2502,#2503,#2504);
#2502 = CARTESIAN_POINT('',(33.25,104.2,2.5));
#2503 = DIRECTION('',(-1.,-0.,0.));
#2504 = DIRECTION('',(0.,-0.,-1.));
#2505 = DEFINITIONAL_REPRESENTATION('',(#2506),#2510);
#2506 = LINE('',#2507,#2508);
#2507 = CARTESIAN_POINT('',(-0.3,52.1));
#2508 = VECTOR('',#2509,1.);
#2509 = DIRECTION('',(-0.,-1.));
#2510 = ( GEOMETRIC_REPRESENTATION_CONTEXT(2) 
PARAMETRIC_REPRESENTATION_CONTEXT() REPRESENTATION_CONTEXT('2D SPACE',''
  ) );
#2511 = ORIENTED_EDGE('',*,*,#2512,.F.);
#2512 = EDGE_CURVE('',#2513,#2485,#2515,.T.);
#2513 = VERTEX_POINT('',#2514);
#2514 = CARTESIAN_POINT('',(19.25,107.2,2.8));
#2515 = SURFACE_CURVE('',#2516,(#2520,#2527),.PCURVE_S1.);
#2516 = LINE('',#2517,#2518);
#2517 = CARTESIAN_POINT('',(89.4,107.2,2.8));
#2518 = VECTOR('',#2519,1.);
#2519 = DIRECTION('',(1.,-0.,-0.));
#2520 = PCURVE('',#128,#2521);
#2521 = DEFINITIONAL_REPRESENTATION('',(#2522),#2526);
#2522 = LINE('',#2523,#2524);
#2523 = CARTESIAN_POINT('',(-56.15,107.2));
#2524 = VECTOR('',#2525,1.);
#2525 = DIRECTION('',(1.,-0.));
#2526 = ( GEOMETRIC_REPRESENTATION_CONTEXT(2) 
PARAMETRIC_REPRESENTATION_CONTEXT() REPRESENTATION_CONTEXT('2D SPACE',''
  ) );
#2527 = PCURVE('',#2528,#2533);
#2528 = PLANE('',#2529);
#2529 = AXIS2_PLACEMENT_3D('',#2530,#2531,#2532);
#2530 = CARTESIAN_POINT('',(33.25,107.2,2.5));
#2531 = DIRECTION('',(0.,1.,0.));
#2532 = DIRECTION('',(0.,-0.,-1.));
#2533 = DEFINITIONAL_REPRESENTATION('',(#2534),#2538);
#2534 = LINE('',#2535,#2536);
#2535 = CARTESIAN_POINT('',(-0.3,-56.15));
#2536 = VECTOR('',#2537,1.);
#2537 = DIRECTION('',(-0.,-1.));
#2538 = ( GEOMETRIC_REPRESENTATION_CONTEXT(2) 
PARAMETRIC_REPRESENTATION_CONTEXT() REPRESENTATION_CONTEXT('2D SPACE',''
  ) );
#2539 = ORIENTED_EDGE('',*,*,#2540,.F.);
#2540 = EDGE_CURVE('',#2455,#2513,#2541,.T.);
#2541 = SURFACE_CURVE('',#2542,(#2546,#2553),.PCURVE_S1.);
#2542 = LINE('',#2543,#2544);
#2543 = CARTESIAN_POINT('',(19.25,52.1,2.8));
#2544 = VECTOR('',#2545,1.);
#2545 = DIRECTION('',(-0.,1.,-0.));
#2546 = PCURVE('',#128,#2547);
#2547 = DEFINITIONAL_REPRESENTATION('',(#2548),#2552);
#2548 = LINE('',#2549,#2550);
#2549 = CARTESIAN_POINT('',(-126.3,52.1));
#2550 = VECTOR('',#2551,1.);
#2551 = DIRECTION('',(-0.,1.));
#2552 = ( GEOMETRIC_REPRESENTATION_CONTEXT(2) 
PARAMETRIC_REPRESENTATION_CONTEXT() REPRESENTATION_CONTEXT('2D SPACE',''
  ) );
#2553 = PCURVE('',#2554,#2559);
#2554 = PLANE('',#2555);
#2555 = AXIS2_PLACEMENT_3D('',#2556,#2557,#2558);
#2556 = CARTESIAN_POINT('',(19.25,104.2,2.5));
#2557 = DIRECTION('',(-1.,-0.,0.));
#2558 = DIRECTION('',(0.,-0.,-1.));
#2559 = DEFINITIONAL_REPRESENTATION('',(#2560),#2564);
#2560 = LINE('',#2561,#2562);
#2561 = CARTESIAN_POINT('',(-0.3,52.1));
#2562 = VECTOR('',#2563,1.);
#2563 = DIRECTION('',(-0.,-1.));
#2564 = ( GEOMETRIC_REPRESENTATION_CONTEXT(2) 
PARAMETRIC_REPRESENTATION_CONTEXT() REPRESENTATION_CONTEXT('2D SPACE',''
  ) );
#2565 = ADVANCED_FACE('',(#2566),#426,.T.);
#2566 = FACE_BOUND('',#2567,.F.);
#2567 = EDGE_LOOP('',(#2568,#2591,#2592,#2593));
#2568 = ORIENTED_EDGE('',*,*,#2569,.F.);
#2569 = EDGE_CURVE('',#383,#2570,#2572,.T.);
#2570 = VERTEX_POINT('',#2571);
#2571 = CARTESIAN_POINT('',(142.55,39.933333333333,1.2));
#2572 = SURFACE_CURVE('',#2573,(#2577,#2584),.PCURVE_S1.);
#2573 = LINE('',#2574,#2575);
#2574 = CARTESIAN_POINT('',(145.75,39.933333333333,1.2));
#2575 = VECTOR('',#2576,1.);
#2576 = DIRECTION('',(-1.,-0.,0.));
#2577 = PCURVE('',#426,#2578);
#2578 = DEFINITIONAL_REPRESENTATION('',(#2579),#2583);
#2579 = LINE('',#2580,#2581);
#2580 = CARTESIAN_POINT('',(-0.,-0.));
#2581 = VECTOR('',#2582,1.);
#2582 = DIRECTION('',(-0.,1.));
#2583 = ( GEOMETRIC_REPRESENTATION_CONTEXT(2) 
PARAMETRIC_REPRESENTATION_CONTEXT() REPRESENTATION_CONTEXT('2D SPACE',''
  ) );
#2584 = PCURVE('',#398,#2585);
#2585 = DEFINITIONAL_REPRESENTATION('',(#2586),#2590);
#2586 = LINE('',#2587,#2588);
#2587 = CARTESIAN_POINT('',(0.,-0.));
#2588 = VECTOR('',#2589,1.);
#2589 = DIRECTION('',(-1.,0.));
#2590 = ( GEOMETRIC_REPRESENTATION_CONTEXT(2) 
PARAMETRIC_REPRESENTATION_CONTEXT() REPRESENTATION_CONTEXT('2D SPACE',''
  ) );
#2591 = ORIENTED_EDGE('',*,*,#410,.T.);
#2592 = ORIENTED_EDGE('',*,*,#1345,.F.);
#2593 = ORIENTED_EDGE('',*,*,#2594,.F.);
#2594 = EDGE_CURVE('',#2570,#1318,#2595,.T.);
#2595 = SURFACE_CURVE('',#2596,(#2600,#2607),.PCURVE_S1.);
#2596 = LINE('',#2597,#2598);
#2597 = CARTESIAN_POINT('',(142.55,39.933333333333,1.2));
#2598 = VECTOR('',#2599,1.);
#2599 = DIRECTION('',(0.,0.,1.));
#2600 = PCURVE('',#426,#2601);
#2601 = DEFINITIONAL_REPRESENTATION('',(#2602),#2606);
#2602 = LINE('',#2603,#2604);
#2603 = CARTESIAN_POINT('',(-0.,3.2));
#2604 = VECTOR('',#2605,1.);
#2605 = DIRECTION('',(-1.,-0.));
#2606 = ( GEOMETRIC_REPRESENTATION_CONTEXT(2) 
PARAMETRIC_REPRESENTATION_CONTEXT() REPRESENTATION_CONTEXT('2D SPACE',''
  ) );
#2607 = PCURVE('',#1333,#2608);
#2608 = DEFINITIONAL_REPRESENTATION('',(#2609),#2613);
#2609 = LINE('',#2610,#2611);
#2610 = CARTESIAN_POINT('',(-0.,-0.));
#2611 = VECTOR('',#2612,1.);
#2612 = DIRECTION('',(-1.,-0.));
#2613 = ( GEOMETRIC_REPRESENTATION_CONTEXT(2) 
PARAMETRIC_REPRESENTATION_CONTEXT() REPRESENTATION_CONTEXT('2D SPACE',''
  ) );
#2614 = ADVANCED_FACE('',(#2615),#398,.T.);
#2615 = FACE_BOUND('',#2616,.F.);
#2616 = EDGE_LOOP('',(#2617,#2640,#2641,#2642));
#2617 = ORIENTED_EDGE('',*,*,#2618,.F.);
#2618 = EDGE_CURVE('',#355,#2619,#2621,.T.);
#2619 = VERTEX_POINT('',#2620);
#2620 = CARTESIAN_POINT('',(142.55,64.333333333333,1.2));
#2621 = SURFACE_CURVE('',#2622,(#2626,#2633),.PCURVE_S1.);
#2622 = LINE('',#2623,#2624);
#2623 = CARTESIAN_POINT('',(145.75,64.333333333333,1.2));
#2624 = VECTOR('',#2625,1.);
#2625 = DIRECTION('',(-1.,-0.,0.));
#2626 = PCURVE('',#398,#2627);
#2627 = DEFINITIONAL_REPRESENTATION('',(#2628),#2632);
#2628 = LINE('',#2629,#2630);
#2629 = CARTESIAN_POINT('',(0.,24.4));
#2630 = VECTOR('',#2631,1.);
#2631 = DIRECTION('',(-1.,0.));
#2632 = ( GEOMETRIC_REPRESENTATION_CONTEXT(2) 
PARAMETRIC_REPRESENTATION_CONTEXT() REPRESENTATION_CONTEXT('2D SPACE',''
  ) );
#2633 = PCURVE('',#370,#2634);
#2634 = DEFINITIONAL_REPRESENTATION('',(#2635),#2639);
#2635 = LINE('',#2636,#2637);
#2636 = CARTESIAN_POINT('',(-0.,-0.));
#2637 = VECTOR('',#2638,1.);
#2638 = DIRECTION('',(-0.,1.));
#2639 = ( GEOMETRIC_REPRESENTATION_CONTEXT(2) 
PARAMETRIC_REPRESENTATION_CONTEXT() REPRESENTATION_CONTEXT('2D SPACE',''
  ) );
#2640 = ORIENTED_EDGE('',*,*,#382,.T.);
#2641 = ORIENTED_EDGE('',*,*,#2569,.T.);
#2642 = ORIENTED_EDGE('',*,*,#2643,.T.);
#2643 = EDGE_CURVE('',#2570,#2619,#2644,.T.);
#2644 = SURFACE_CURVE('',#2645,(#2649,#2656),.PCURVE_S1.);
#2645 = LINE('',#2646,#2647);
#2646 = CARTESIAN_POINT('',(142.55,39.933333333333,1.2));
#2647 = VECTOR('',#2648,1.);
#2648 = DIRECTION('',(0.,1.,0.));
#2649 = PCURVE('',#398,#2650);
#2650 = DEFINITIONAL_REPRESENTATION('',(#2651),#2655);
#2651 = LINE('',#2652,#2653);
#2652 = CARTESIAN_POINT('',(-3.2,0.));
#2653 = VECTOR('',#2654,1.);
#2654 = DIRECTION('',(0.,1.));
#2655 = ( GEOMETRIC_REPRESENTATION_CONTEXT(2) 
PARAMETRIC_REPRESENTATION_CONTEXT() REPRESENTATION_CONTEXT('2D SPACE',''
  ) );
#2656 = PCURVE('',#1333,#2657);
#2657 = DEFINITIONAL_REPRESENTATION('',(#2658),#2662);
#2658 = LINE('',#2659,#2660);
#2659 = CARTESIAN_POINT('',(-0.,-0.));
#2660 = VECTOR('',#2661,1.);
#2661 = DIRECTION('',(-0.,-1.));
#2662 = ( GEOMETRIC_REPRESENTATION_CONTEXT(2) 
PARAMETRIC_REPRESENTATION_CONTEXT() REPRESENTATION_CONTEXT('2D SPACE',''
  ) );
#2663 = ADVANCED_FACE('',(#2664),#370,.F.);
#2664 = FACE_BOUND('',#2665,.T.);
#2665 = EDGE_LOOP('',(#2666,#2667,#2668,#2669));
#2666 = ORIENTED_EDGE('',*,*,#2618,.F.);
#2667 = ORIENTED_EDGE('',*,*,#354,.T.);
#2668 = ORIENTED_EDGE('',*,*,#1294,.F.);
#2669 = ORIENTED_EDGE('',*,*,#2670,.F.);
#2670 = EDGE_CURVE('',#2619,#1295,#2671,.T.);
#2671 = SURFACE_CURVE('',#2672,(#2676,#2683),.PCURVE_S1.);
#2672 = LINE('',#2673,#2674);
#2673 = CARTESIAN_POINT('',(142.55,64.333333333333,1.2));
#2674 = VECTOR('',#2675,1.);
#2675 = DIRECTION('',(0.,0.,1.));
#2676 = PCURVE('',#370,#2677);
#2677 = DEFINITIONAL_REPRESENTATION('',(#2678),#2682);
#2678 = LINE('',#2679,#2680);
#2679 = CARTESIAN_POINT('',(-0.,3.2));
#2680 = VECTOR('',#2681,1.);
#2681 = DIRECTION('',(-1.,-0.));
#2682 = ( GEOMETRIC_REPRESENTATION_CONTEXT(2) 
PARAMETRIC_REPRESENTATION_CONTEXT() REPRESENTATION_CONTEXT('2D SPACE',''
  ) );
#2683 = PCURVE('',#1333,#2684);
#2684 = DEFINITIONAL_REPRESENTATION('',(#2685),#2689);
#2685 = LINE('',#2686,#2687);
#2686 = CARTESIAN_POINT('',(-0.,-24.4));
#2687 = VECTOR('',#2688,1.);
#2688 = DIRECTION('',(-1.,-0.));
#2689 = ( GEOMETRIC_REPRESENTATION_CONTEXT(2) 
PARAMETRIC_REPRESENTATION_CONTEXT() REPRESENTATION_CONTEXT('2D SPACE',''
  ) );
#2690 = ADVANCED_FACE('',(#2691),#319,.T.);
#2691 = FACE_BOUND('',#2692,.F.);
#2692 = EDGE_LOOP('',(#2693,#2716,#2717,#2718));
#2693 = ORIENTED_EDGE('',*,*,#2694,.F.);
#2694 = EDGE_CURVE('',#276,#2695,#2697,.T.);
#2695 = VERTEX_POINT('',#2696);
#2696 = CARTESIAN_POINT('',(142.55,80.066666666667,1.2));
#2697 = SURFACE_CURVE('',#2698,(#2702,#2709),.PCURVE_S1.);
#2698 = LINE('',#2699,#2700);
#2699 = CARTESIAN_POINT('',(145.75,80.066666666667,1.2));
#2700 = VECTOR('',#2701,1.);
#2701 = DIRECTION('',(-1.,-0.,0.));
#2702 = PCURVE('',#319,#2703);
#2703 = DEFINITIONAL_REPRESENTATION('',(#2704),#2708);
#2704 = LINE('',#2705,#2706);
#2705 = CARTESIAN_POINT('',(-0.,-0.));
#2706 = VECTOR('',#2707,1.);
#2707 = DIRECTION('',(-0.,1.));
#2708 = ( GEOMETRIC_REPRESENTATION_CONTEXT(2) 
PARAMETRIC_REPRESENTATION_CONTEXT() REPRESENTATION_CONTEXT('2D SPACE',''
  ) );
#2709 = PCURVE('',#291,#2710);
#2710 = DEFINITIONAL_REPRESENTATION('',(#2711),#2715);
#2711 = LINE('',#2712,#2713);
#2712 = CARTESIAN_POINT('',(0.,-0.));
#2713 = VECTOR('',#2714,1.);
#2714 = DIRECTION('',(-1.,0.));
#2715 = ( GEOMETRIC_REPRESENTATION_CONTEXT(2) 
PARAMETRIC_REPRESENTATION_CONTEXT() REPRESENTATION_CONTEXT('2D SPACE',''
  ) );
#2716 = ORIENTED_EDGE('',*,*,#303,.T.);
#2717 = ORIENTED_EDGE('',*,*,#1272,.F.);
#2718 = ORIENTED_EDGE('',*,*,#2719,.F.);
#2719 = EDGE_CURVE('',#2695,#1245,#2720,.T.);
#2720 = SURFACE_CURVE('',#2721,(#2725,#2732),.PCURVE_S1.);
#2721 = LINE('',#2722,#2723);
#2722 = CARTESIAN_POINT('',(142.55,80.066666666667,1.2));
#2723 = VECTOR('',#2724,1.);
#2724 = DIRECTION('',(0.,0.,1.));
#2725 = PCURVE('',#319,#2726);
#2726 = DEFINITIONAL_REPRESENTATION('',(#2727),#2731);
#2727 = LINE('',#2728,#2729);
#2728 = CARTESIAN_POINT('',(-0.,3.2));
#2729 = VECTOR('',#2730,1.);
#2730 = DIRECTION('',(-1.,-0.));
#2731 = ( GEOMETRIC_REPRESENTATION_CONTEXT(2) 
PARAMETRIC_REPRESENTATION_CONTEXT() REPRESENTATION_CONTEXT('2D SPACE',''
  ) );
#2732 = PCURVE('',#1260,#2733);
#2733 = DEFINITIONAL_REPRESENTATION('',(#2734),#2738);
#2734 = LINE('',#2735,#2736);
#2735 = CARTESIAN_POINT('',(-0.,-0.));
#2736 = VECTOR('',#2737,1.);
#2737 = DIRECTION('',(-1.,-0.));
#2738 = ( GEOMETRIC_REPRESENTATION_CONTEXT(2) 
PARAMETRIC_REPRESENTATION_CONTEXT() REPRESENTATION_CONTEXT('2D SPACE',''
  ) );
#2739 = ADVANCED_FACE('',(#2740),#291,.T.);
#2740 = FACE_BOUND('',#2741,.F.);
#2741 = EDGE_LOOP('',(#2742,#2765,#2766,#2767));
#2742 = ORIENTED_EDGE('',*,*,#2743,.F.);
#2743 = EDGE_CURVE('',#248,#2744,#2746,.T.);
#2744 = VERTEX_POINT('',#2745);
#2745 = CARTESIAN_POINT('',(142.55,104.46666666666,1.2));
#2746 = SURFACE_CURVE('',#2747,(#2751,#2758),.PCURVE_S1.);
#2747 = LINE('',#2748,#2749);
#2748 = CARTESIAN_POINT('',(145.75,104.46666666666,1.2));
#2749 = VECTOR('',#2750,1.);
#2750 = DIRECTION('',(-1.,-0.,0.));
#2751 = PCURVE('',#291,#2752);
#2752 = DEFINITIONAL_REPRESENTATION('',(#2753),#2757);
#2753 = LINE('',#2754,#2755);
#2754 = CARTESIAN_POINT('',(0.,24.4));
#2755 = VECTOR('',#2756,1.);
#2756 = DIRECTION('',(-1.,0.));
#2757 = ( GEOMETRIC_REPRESENTATION_CONTEXT(2) 
PARAMETRIC_REPRESENTATION_CONTEXT() REPRESENTATION_CONTEXT('2D SPACE',''
  ) );
#2758 = PCURVE('',#263,#2759);
#2759 = DEFINITIONAL_REPRESENTATION('',(#2760),#2764);
#2760 = LINE('',#2761,#2762);
#2761 = CARTESIAN_POINT('',(-0.,-0.));
#2762 = VECTOR('',#2763,1.);
#2763 = DIRECTION('',(-0.,1.));
#2764 = ( GEOMETRIC_REPRESENTATION_CONTEXT(2) 
PARAMETRIC_REPRESENTATION_CONTEXT() REPRESENTATION_CONTEXT('2D SPACE',''
  ) );
#2765 = ORIENTED_EDGE('',*,*,#275,.T.);
#2766 = ORIENTED_EDGE('',*,*,#2694,.T.);
#2767 = ORIENTED_EDGE('',*,*,#2768,.T.);
#2768 = EDGE_CURVE('',#2695,#2744,#2769,.T.);
#2769 = SURFACE_CURVE('',#2770,(#2774,#2781),.PCURVE_S1.);
#2770 = LINE('',#2771,#2772);
#2771 = CARTESIAN_POINT('',(142.55,80.066666666667,1.2));
#2772 = VECTOR('',#2773,1.);
#2773 = DIRECTION('',(0.,1.,0.));
#2774 = PCURVE('',#291,#2775);
#2775 = DEFINITIONAL_REPRESENTATION('',(#2776),#2780);
#2776 = LINE('',#2777,#2778);
#2777 = CARTESIAN_POINT('',(-3.2,0.));
#2778 = VECTOR('',#2779,1.);
#2779 = DIRECTION('',(0.,1.));
#2780 = ( GEOMETRIC_REPRESENTATION_CONTEXT(2) 
PARAMETRIC_REPRESENTATION_CONTEXT() REPRESENTATION_CONTEXT('2D SPACE',''
  ) );
#2781 = PCURVE('',#1260,#2782);
#2782 = DEFINITIONAL_REPRESENTATION('',(#2783),#2787);
#2783 = LINE('',#2784,#2785);
#2784 = CARTESIAN_POINT('',(-0.,-0.));
#2785 = VECTOR('',#2786,1.);
#2786 = DIRECTION('',(-0.,-1.));
#2787 = ( GEOMETRIC_REPRESENTATION_CONTEXT(2) 
PARAMETRIC_REPRESENTATION_CONTEXT() REPRESENTATION_CONTEXT('2D SPACE',''
  ) );
#2788 = ADVANCED_FACE('',(#2789),#263,.F.);
#2789 = FACE_BOUND('',#2790,.T.);
#2790 = EDGE_LOOP('',(#2791,#2792,#2793,#2794));
#2791 = ORIENTED_EDGE('',*,*,#2743,.F.);
#2792 = ORIENTED_EDGE('',*,*,#247,.T.);
#2793 = ORIENTED_EDGE('',*,*,#1221,.F.);
#2794 = ORIENTED_EDGE('',*,*,#2795,.F.);
#2795 = EDGE_CURVE('',#2744,#1222,#2796,.T.);
#2796 = SURFACE_CURVE('',#2797,(#2801,#2808),.PCURVE_S1.);
#2797 = LINE('',#2798,#2799);
#2798 = CARTESIAN_POINT('',(142.55,104.46666666666,1.2));
#2799 = VECTOR('',#2800,1.);
#2800 = DIRECTION('',(0.,0.,1.));
#2801 = PCURVE('',#263,#2802);
#2802 = DEFINITIONAL_REPRESENTATION('',(#2803),#2807);
#2803 = LINE('',#2804,#2805);
#2804 = CARTESIAN_POINT('',(-0.,3.2));
#2805 = VECTOR('',#2806,1.);
#2806 = DIRECTION('',(-1.,-0.));
#2807 = ( GEOMETRIC_REPRESENTATION_CONTEXT(2) 
PARAMETRIC_REPRESENTATION_CONTEXT() REPRESENTATION_CONTEXT('2D SPACE',''
  ) );
#2808 = PCURVE('',#1260,#2809);
#2809 = DEFINITIONAL_REPRESENTATION('',(#2810),#2814);
#2810 = LINE('',#2811,#2812);
#2811 = CARTESIAN_POINT('',(-0.,-24.4));
#2812 = VECTOR('',#2813,1.);
#2813 = DIRECTION('',(-1.,-0.));
#2814 = ( GEOMETRIC_REPRESENTATION_CONTEXT(2) 
PARAMETRIC_REPRESENTATION_CONTEXT() REPRESENTATION_CONTEXT('2D SPACE',''
  ) );
#2815 = ADVANCED_FACE('',(#2816),#212,.T.);
#2816 = FACE_BOUND('',#2817,.F.);
#2817 = EDGE_LOOP('',(#2818,#2841,#2842,#2843));
#2818 = ORIENTED_EDGE('',*,*,#2819,.F.);
#2819 = EDGE_CURVE('',#169,#2820,#2822,.T.);
#2820 = VERTEX_POINT('',#2821);
#2821 = CARTESIAN_POINT('',(142.55,120.2,1.2));
#2822 = SURFACE_CURVE('',#2823,(#2827,#2834),.PCURVE_S1.);
#2823 = LINE('',#2824,#2825);
#2824 = CARTESIAN_POINT('',(145.75,120.2,1.2));
#2825 = VECTOR('',#2826,1.);
#2826 = DIRECTION('',(-1.,-0.,0.));
#2827 = PCURVE('',#212,#2828);
#2828 = DEFINITIONAL_REPRESENTATION('',(#2829),#2833);
#2829 = LINE('',#2830,#2831);
#2830 = CARTESIAN_POINT('',(-0.,-0.));
#2831 = VECTOR('',#2832,1.);
#2832 = DIRECTION('',(-0.,1.));
#2833 = ( GEOMETRIC_REPRESENTATION_CONTEXT(2) 
PARAMETRIC_REPRESENTATION_CONTEXT() REPRESENTATION_CONTEXT('2D SPACE',''
  ) );
#2834 = PCURVE('',#184,#2835);
#2835 = DEFINITIONAL_REPRESENTATION('',(#2836),#2840);
#2836 = LINE('',#2837,#2838);
#2837 = CARTESIAN_POINT('',(0.,-0.));
#2838 = VECTOR('',#2839,1.);
#2839 = DIRECTION('',(-1.,0.));
#2840 = ( GEOMETRIC_REPRESENTATION_CONTEXT(2) 
PARAMETRIC_REPRESENTATION_CONTEXT() REPRESENTATION_CONTEXT('2D SPACE',''
  ) );
#2841 = ORIENTED_EDGE('',*,*,#196,.T.);
#2842 = ORIENTED_EDGE('',*,*,#1199,.F.);
#2843 = ORIENTED_EDGE('',*,*,#2844,.F.);
#2844 = EDGE_CURVE('',#2820,#1172,#2845,.T.);
#2845 = SURFACE_CURVE('',#2846,(#2850,#2857),.PCURVE_S1.);
#2846 = LINE('',#2847,#2848);
#2847 = CARTESIAN_POINT('',(142.55,120.2,1.2));
#2848 = VECTOR('',#2849,1.);
#2849 = DIRECTION('',(0.,0.,1.));
#2850 = PCURVE('',#212,#2851);
#2851 = DEFINITIONAL_REPRESENTATION('',(#2852),#2856);
#2852 = LINE('',#2853,#2854);
#2853 = CARTESIAN_POINT('',(-0.,3.2));
#2854 = VECTOR('',#2855,1.);
#2855 = DIRECTION('',(-1.,-0.));
#2856 = ( GEOMETRIC_REPRESENTATION_CONTEXT(2) 
PARAMETRIC_REPRESENTATION_CONTEXT() REPRESENTATION_CONTEXT('2D SPACE',''
  ) );
#2857 = PCURVE('',#1187,#2858);
#2858 = DEFINITIONAL_REPRESENTATION('',(#2859),#2863);
#2859 = LINE('',#2860,#2861);
#2860 = CARTESIAN_POINT('',(-0.,-0.));
#2861 = VECTOR('',#2862,1.);
#2862 = DIRECTION('',(-1.,-0.));
#2863 = ( GEOMETRIC_REPRESENTATION_CONTEXT(2) 
PARAMETRIC_REPRESENTATION_CONTEXT() REPRESENTATION_CONTEXT('2D SPACE',''
  ) );
#2864 = ADVANCED_FACE('',(#2865),#184,.T.);
#2865 = FACE_BOUND('',#2866,.F.);
#2866 = EDGE_LOOP('',(#2867,#2890,#2891,#2892));
#2867 = ORIENTED_EDGE('',*,*,#2868,.F.);
#2868 = EDGE_CURVE('',#141,#2869,#2871,.T.);
#2869 = VERTEX_POINT('',#2870);
#2870 = CARTESIAN_POINT('',(142.55,144.6,1.2));
#2871 = SURFACE_CURVE('',#2872,(#2876,#2883),.PCURVE_S1.);
#2872 = LINE('',#2873,#2874);
#2873 = CARTESIAN_POINT('',(145.75,144.6,1.2));
#2874 = VECTOR('',#2875,1.);
#2875 = DIRECTION('',(-1.,-0.,0.));
#2876 = PCURVE('',#184,#2877);
#2877 = DEFINITIONAL_REPRESENTATION('',(#2878),#2882);
#2878 = LINE('',#2879,#2880);
#2879 = CARTESIAN_POINT('',(0.,24.4));
#2880 = VECTOR('',#2881,1.);
#2881 = DIRECTION('',(-1.,0.));
#2882 = ( GEOMETRIC_REPRESENTATION_CONTEXT(2) 
PARAMETRIC_REPRESENTATION_CONTEXT() REPRESENTATION_CONTEXT('2D SPACE',''
  ) );
#2883 = PCURVE('',#156,#2884);
#2884 = DEFINITIONAL_REPRESENTATION('',(#2885),#2889);
#2885 = LINE('',#2886,#2887);
#2886 = CARTESIAN_POINT('',(-0.,-0.));
#2887 = VECTOR('',#2888,1.);
#2888 = DIRECTION('',(-0.,1.));
#2889 = ( GEOMETRIC_REPRESENTATION_CONTEXT(2) 
PARAMETRIC_REPRESENTATION_CONTEXT() REPRESENTATION_CONTEXT('2D SPACE',''
  ) );
#2890 = ORIENTED_EDGE('',*,*,#168,.T.);
#2891 = ORIENTED_EDGE('',*,*,#2819,.T.);
#2892 = ORIENTED_EDGE('',*,*,#2893,.T.);
#2893 = EDGE_CURVE('',#2820,#2869,#2894,.T.);
#2894 = SURFACE_CURVE('',#2895,(#2899,#2906),.PCURVE_S1.);
#2895 = LINE('',#2896,#2897);
#2896 = CARTESIAN_POINT('',(142.55,120.2,1.2));
#2897 = VECTOR('',#2898,1.);
#2898 = DIRECTION('',(0.,1.,0.));
#2899 = PCURVE('',#184,#2900);
#2900 = DEFINITIONAL_REPRESENTATION('',(#2901),#2905);
#2901 = LINE('',#2902,#2903);
#2902 = CARTESIAN_POINT('',(-3.2,0.));
#2903 = VECTOR('',#2904,1.);
#2904 = DIRECTION('',(0.,1.));
#2905 = ( GEOMETRIC_REPRESENTATION_CONTEXT(2) 
PARAMETRIC_REPRESENTATION_CONTEXT() REPRESENTATION_CONTEXT('2D SPACE',''
  ) );
#2906 = PCURVE('',#1187,#2907);
#2907 = DEFINITIONAL_REPRESENTATION('',(#2908),#2912);
#2908 = LINE('',#2909,#2910);
#2909 = CARTESIAN_POINT('',(-0.,-0.));
#2910 = VECTOR('',#2911,1.);
#2911 = DIRECTION('',(-0.,-1.));
#2912 = ( GEOMETRIC_REPRESENTATION_CONTEXT(2) 
PARAMETRIC_REPRESENTATION_CONTEXT() REPRESENTATION_CONTEXT('2D SPACE',''
  ) );
#2913 = ADVANCED_FACE('',(#2914),#156,.F.);
#2914 = FACE_BOUND('',#2915,.T.);
#2915 = EDGE_LOOP('',(#2916,#2917,#2918,#2919));
#2916 = ORIENTED_EDGE('',*,*,#2868,.F.);
#2917 = ORIENTED_EDGE('',*,*,#140,.T.);
#2918 = ORIENTED_EDGE('',*,*,#1148,.F.);
#2919 = ORIENTED_EDGE('',*,*,#2920,.F.);
#2920 = EDGE_CURVE('',#2869,#1149,#2921,.T.);
#2921 = SURFACE_CURVE('',#2922,(#2926,#2933),.PCURVE_S1.);
#2922 = LINE('',#2923,#2924);
#2923 = CARTESIAN_POINT('',(142.55,144.6,1.2));
#2924 = VECTOR('',#2925,1.);
#2925 = DIRECTION('',(0.,0.,1.));
#2926 = PCURVE('',#156,#2927);
#2927 = DEFINITIONAL_REPRESENTATION('',(#2928),#2932);
#2928 = LINE('',#2929,#2930);
#2929 = CARTESIAN_POINT('',(-0.,3.2));
#2930 = VECTOR('',#2931,1.);
#2931 = DIRECTION('',(-1.,-0.));
#2932 = ( GEOMETRIC_REPRESENTATION_CONTEXT(2) 
PARAMETRIC_REPRESENTATION_CONTEXT() REPRESENTATION_CONTEXT('2D SPACE',''
  ) );
#2933 = PCURVE('',#1187,#2934);
#2934 = DEFINITIONAL_REPRESENTATION('',(#2935),#2939);
#2935 = LINE('',#2936,#2937);
#2936 = CARTESIAN_POINT('',(-0.,-24.4));
#2937 = VECTOR('',#2938,1.);
#2938 = DIRECTION('',(-1.,-0.));
#2939 = ( GEOMETRIC_REPRESENTATION_CONTEXT(2) 
PARAMETRIC_REPRESENTATION_CONTEXT() REPRESENTATION_CONTEXT('2D SPACE',''
  ) );
#2940 = ADVANCED_FACE('',(#2941),#100,.T.);
#2941 = FACE_BOUND('',#2942,.F.);
#2942 = EDGE_LOOP('',(#2943,#2966,#2967,#2968));
#2943 = ORIENTED_EDGE('',*,*,#2944,.F.);
#2944 = EDGE_CURVE('',#57,#2945,#2947,.T.);
#2945 = VERTEX_POINT('',#2946);
#2946 = CARTESIAN_POINT('',(4.,168.4,0.));
#2947 = SURFACE_CURVE('',#2948,(#2952,#2959),.PCURVE_S1.);
#2948 = LINE('',#2949,#2950);
#2949 = CARTESIAN_POINT('',(145.55,168.4,0.));
#2950 = VECTOR('',#2951,1.);
#2951 = DIRECTION('',(-1.,-0.,0.));
#2952 = PCURVE('',#100,#2953);
#2953 = DEFINITIONAL_REPRESENTATION('',(#2954),#2958);
#2954 = LINE('',#2955,#2956);
#2955 = CARTESIAN_POINT('',(-0.,-0.));
#2956 = VECTOR('',#2957,1.);
#2957 = DIRECTION('',(-0.,1.));
#2958 = ( GEOMETRIC_REPRESENTATION_CONTEXT(2) 
PARAMETRIC_REPRESENTATION_CONTEXT() REPRESENTATION_CONTEXT('2D SPACE',''
  ) );
#2959 = PCURVE('',#72,#2960);
#2960 = DEFINITIONAL_REPRESENTATION('',(#2961),#2965);
#2961 = LINE('',#2962,#2963);
#2962 = CARTESIAN_POINT('',(-0.,168.4));
#2963 = VECTOR('',#2964,1.);
#2964 = DIRECTION('',(-1.,0.));
#2965 = ( GEOMETRIC_REPRESENTATION_CONTEXT(2) 
PARAMETRIC_REPRESENTATION_CONTEXT() REPRESENTATION_CONTEXT('2D SPACE',''
  ) );
#2966 = ORIENTED_EDGE('',*,*,#84,.T.);
#2967 = ORIENTED_EDGE('',*,*,#1126,.T.);
#2968 = ORIENTED_EDGE('',*,*,#2969,.F.);
#2969 = EDGE_CURVE('',#2945,#1099,#2970,.T.);
#2970 = SURFACE_CURVE('',#2971,(#2975,#2982),.PCURVE_S1.);
#2971 = LINE('',#2972,#2973);
#2972 = CARTESIAN_POINT('',(4.,168.4,0.));
#2973 = VECTOR('',#2974,1.);
#2974 = DIRECTION('',(0.,0.,1.));
#2975 = PCURVE('',#100,#2976);
#2976 = DEFINITIONAL_REPRESENTATION('',(#2977),#2981);
#2977 = LINE('',#2978,#2979);
#2978 = CARTESIAN_POINT('',(-0.,141.55));
#2979 = VECTOR('',#2980,1.);
#2980 = DIRECTION('',(-1.,-0.));
#2981 = ( GEOMETRIC_REPRESENTATION_CONTEXT(2) 
PARAMETRIC_REPRESENTATION_CONTEXT() REPRESENTATION_CONTEXT('2D SPACE',''
  ) );
#2982 = PCURVE('',#1114,#2983);
#2983 = DEFINITIONAL_REPRESENTATION('',(#2984),#2988);
#2984 = LINE('',#2985,#2986);
#2985 = CARTESIAN_POINT('',(-0.,-168.4));
#2986 = VECTOR('',#2987,1.);
#2987 = DIRECTION('',(-1.,-0.));
#2988 = ( GEOMETRIC_REPRESENTATION_CONTEXT(2) 
PARAMETRIC_REPRESENTATION_CONTEXT() REPRESENTATION_CONTEXT('2D SPACE',''
  ) );
#2989 = ADVANCED_FACE('',(#2990,#3292,#3396,#3500,#3604,#3708,#3812),#72
  ,.F.);
#2990 = FACE_BOUND('',#2991,.T.);
#2991 = EDGE_LOOP('',(#2992,#2993,#2994,#3017,#3040,#3063,#3086,#3109,
    #3132,#3155,#3178,#3201,#3224,#3247,#3270,#3291));
#2992 = ORIENTED_EDGE('',*,*,#56,.F.);
#2993 = ORIENTED_EDGE('',*,*,#548,.T.);
#2994 = ORIENTED_EDGE('',*,*,#2995,.T.);
#2995 = EDGE_CURVE('',#519,#2996,#2998,.T.);
#2996 = VERTEX_POINT('',#2997);
#2997 = CARTESIAN_POINT('',(4.,36.416,0.));
#2998 = SURFACE_CURVE('',#2999,(#3003,#3010),.PCURVE_S1.);
#2999 = LINE('',#3000,#3001);
#3000 = CARTESIAN_POINT('',(4.,0.,0.));
#3001 = VECTOR('',#3002,1.);
#3002 = DIRECTION('',(0.,1.,0.));
#3003 = PCURVE('',#72,#3004);
#3004 = DEFINITIONAL_REPRESENTATION('',(#3005),#3009);
#3005 = LINE('',#3006,#3007);
#3006 = CARTESIAN_POINT('',(-141.55,0.));
#3007 = VECTOR('',#3008,1.);
#3008 = DIRECTION('',(-0.,1.));
#3009 = ( GEOMETRIC_REPRESENTATION_CONTEXT(2) 
PARAMETRIC_REPRESENTATION_CONTEXT() REPRESENTATION_CONTEXT('2D SPACE',''
  ) );
#3010 = PCURVE('',#536,#3011);
#3011 = DEFINITIONAL_REPRESENTATION('',(#3012),#3016);
#3012 = LINE('',#3013,#3014);
#3013 = CARTESIAN_POINT('',(-0.,-0.));
#3014 = VECTOR('',#3015,1.);
#3015 = DIRECTION('',(-0.,-1.));
#3016 = ( GEOMETRIC_REPRESENTATION_CONTEXT(2) 
PARAMETRIC_REPRESENTATION_CONTEXT() REPRESENTATION_CONTEXT('2D SPACE',''
  ) );
#3017 = ORIENTED_EDGE('',*,*,#3018,.F.);
#3018 = EDGE_CURVE('',#3019,#2996,#3021,.T.);
#3019 = VERTEX_POINT('',#3020);
#3020 = CARTESIAN_POINT('',(0.,34.416,0.));
#3021 = SURFACE_CURVE('',#3022,(#3026,#3033),.PCURVE_S1.);
#3022 = LINE('',#3023,#3024);
#3023 = CARTESIAN_POINT('',(0.,34.416,0.));
#3024 = VECTOR('',#3025,1.);
#3025 = DIRECTION('',(0.894427191,0.4472135955,-0.));
#3026 = PCURVE('',#72,#3027);
#3027 = DEFINITIONAL_REPRESENTATION('',(#3028),#3032);
#3028 = LINE('',#3029,#3030);
#3029 = CARTESIAN_POINT('',(-145.55,34.416));
#3030 = VECTOR('',#3031,1.);
#3031 = DIRECTION('',(0.894427191,0.4472135955));
#3032 = ( GEOMETRIC_REPRESENTATION_CONTEXT(2) 
PARAMETRIC_REPRESENTATION_CONTEXT() REPRESENTATION_CONTEXT('2D SPACE',''
  ) );
#3033 = PCURVE('',#806,#3034);
#3034 = DEFINITIONAL_REPRESENTATION('',(#3035),#3039);
#3035 = LINE('',#3036,#3037);
#3036 = CARTESIAN_POINT('',(-0.,0.));
#3037 = VECTOR('',#3038,1.);
#3038 = DIRECTION('',(-1.,0.));
#3039 = ( GEOMETRIC_REPRESENTATION_CONTEXT(2) 
PARAMETRIC_REPRESENTATION_CONTEXT() REPRESENTATION_CONTEXT('2D SPACE',''
  ) );
#3040 = ORIENTED_EDGE('',*,*,#3041,.F.);
#3041 = EDGE_CURVE('',#3042,#3019,#3044,.T.);
#3042 = VERTEX_POINT('',#3043);
#3043 = CARTESIAN_POINT('',(0.,46.416,0.));
#3044 = SURFACE_CURVE('',#3045,(#3049,#3056),.PCURVE_S1.);
#3045 = LINE('',#3046,#3047);
#3046 = CARTESIAN_POINT('',(0.,46.416,0.));
#3047 = VECTOR('',#3048,1.);
#3048 = DIRECTION('',(-0.,-1.,-0.));
#3049 = PCURVE('',#72,#3050);
#3050 = DEFINITIONAL_REPRESENTATION('',(#3051),#3055);
#3051 = LINE('',#3052,#3053);
#3052 = CARTESIAN_POINT('',(-145.55,46.416));
#3053 = VECTOR('',#3054,1.);
#3054 = DIRECTION('',(-0.,-1.));
#3055 = ( GEOMETRIC_REPRESENTATION_CONTEXT(2) 
PARAMETRIC_REPRESENTATION_CONTEXT() REPRESENTATION_CONTEXT('2D SPACE',''
  ) );
#3056 = PCURVE('',#834,#3057);
#3057 = DEFINITIONAL_REPRESENTATION('',(#3058),#3062);
#3058 = LINE('',#3059,#3060);
#3059 = CARTESIAN_POINT('',(-0.,-0.));
#3060 = VECTOR('',#3061,1.);
#3061 = DIRECTION('',(-1.,0.));
#3062 = ( GEOMETRIC_REPRESENTATION_CONTEXT(2) 
PARAMETRIC_REPRESENTATION_CONTEXT() REPRESENTATION_CONTEXT('2D SPACE',''
  ) );
#3063 = ORIENTED_EDGE('',*,*,#3064,.F.);
#3064 = EDGE_CURVE('',#3065,#3042,#3067,.T.);
#3065 = VERTEX_POINT('',#3066);
#3066 = CARTESIAN_POINT('',(4.,44.416,0.));
#3067 = SURFACE_CURVE('',#3068,(#3072,#3079),.PCURVE_S1.);
#3068 = LINE('',#3069,#3070);
#3069 = CARTESIAN_POINT('',(4.,44.416,0.));
#3070 = VECTOR('',#3071,1.);
#3071 = DIRECTION('',(-0.894427191,0.4472135955,-0.));
#3072 = PCURVE('',#72,#3073);
#3073 = DEFINITIONAL_REPRESENTATION('',(#3074),#3078);
#3074 = LINE('',#3075,#3076);
#3075 = CARTESIAN_POINT('',(-141.55,44.416));
#3076 = VECTOR('',#3077,1.);
#3077 = DIRECTION('',(-0.894427191,0.4472135955));
#3078 = ( GEOMETRIC_REPRESENTATION_CONTEXT(2) 
PARAMETRIC_REPRESENTATION_CONTEXT() REPRESENTATION_CONTEXT('2D SPACE',''
  ) );
#3079 = PCURVE('',#862,#3080);
#3080 = DEFINITIONAL_REPRESENTATION('',(#3081),#3085);
#3081 = LINE('',#3082,#3083);
#3082 = CARTESIAN_POINT('',(-0.,-0.));
#3083 = VECTOR('',#3084,1.);
#3084 = DIRECTION('',(-1.,0.));
#3085 = ( GEOMETRIC_REPRESENTATION_CONTEXT(2) 
PARAMETRIC_REPRESENTATION_CONTEXT() REPRESENTATION_CONTEXT('2D SPACE',''
  ) );
#3086 = ORIENTED_EDGE('',*,*,#3087,.T.);
#3087 = EDGE_CURVE('',#3065,#3088,#3090,.T.);
#3088 = VERTEX_POINT('',#3089);
#3089 = CARTESIAN_POINT('',(4.,80.2,0.));
#3090 = SURFACE_CURVE('',#3091,(#3095,#3102),.PCURVE_S1.);
#3091 = LINE('',#3092,#3093);
#3092 = CARTESIAN_POINT('',(4.,0.,0.));
#3093 = VECTOR('',#3094,1.);
#3094 = DIRECTION('',(0.,1.,0.));
#3095 = PCURVE('',#72,#3096);
#3096 = DEFINITIONAL_REPRESENTATION('',(#3097),#3101);
#3097 = LINE('',#3098,#3099);
#3098 = CARTESIAN_POINT('',(-141.55,0.));
#3099 = VECTOR('',#3100,1.);
#3100 = DIRECTION('',(-0.,1.));
#3101 = ( GEOMETRIC_REPRESENTATION_CONTEXT(2) 
PARAMETRIC_REPRESENTATION_CONTEXT() REPRESENTATION_CONTEXT('2D SPACE',''
  ) );
#3102 = PCURVE('',#890,#3103);
#3103 = DEFINITIONAL_REPRESENTATION('',(#3104),#3108);
#3104 = LINE('',#3105,#3106);
#3105 = CARTESIAN_POINT('',(-0.,-0.));
#3106 = VECTOR('',#3107,1.);
#3107 = DIRECTION('',(-0.,-1.));
#3108 = ( GEOMETRIC_REPRESENTATION_CONTEXT(2) 
PARAMETRIC_REPRESENTATION_CONTEXT() REPRESENTATION_CONTEXT('2D SPACE',''
  ) );
#3109 = ORIENTED_EDGE('',*,*,#3110,.F.);
#3110 = EDGE_CURVE('',#3111,#3088,#3113,.T.);
#3111 = VERTEX_POINT('',#3112);
#3112 = CARTESIAN_POINT('',(0.,78.2,0.));
#3113 = SURFACE_CURVE('',#3114,(#3118,#3125),.PCURVE_S1.);
#3114 = LINE('',#3115,#3116);
#3115 = CARTESIAN_POINT('',(0.,78.2,0.));
#3116 = VECTOR('',#3117,1.);
#3117 = DIRECTION('',(0.894427191,0.4472135955,-0.));
#3118 = PCURVE('',#72,#3119);
#3119 = DEFINITIONAL_REPRESENTATION('',(#3120),#3124);
#3120 = LINE('',#3121,#3122);
#3121 = CARTESIAN_POINT('',(-145.55,78.2));
#3122 = VECTOR('',#3123,1.);
#3123 = DIRECTION('',(0.894427191,0.4472135955));
#3124 = ( GEOMETRIC_REPRESENTATION_CONTEXT(2) 
PARAMETRIC_REPRESENTATION_CONTEXT() REPRESENTATION_CONTEXT('2D SPACE',''
  ) );
#3125 = PCURVE('',#918,#3126);
#3126 = DEFINITIONAL_REPRESENTATION('',(#3127),#3131);
#3127 = LINE('',#3128,#3129);
#3128 = CARTESIAN_POINT('',(-0.,0.));
#3129 = VECTOR('',#3130,1.);
#3130 = DIRECTION('',(-1.,0.));
#3131 = ( GEOMETRIC_REPRESENTATION_CONTEXT(2) 
PARAMETRIC_REPRESENTATION_CONTEXT() REPRESENTATION_CONTEXT('2D SPACE',''
  ) );
#3132 = ORIENTED_EDGE('',*,*,#3133,.F.);
#3133 = EDGE_CURVE('',#3134,#3111,#3136,.T.);
#3134 = VERTEX_POINT('',#3135);
#3135 = CARTESIAN_POINT('',(0.,90.2,0.));
#3136 = SURFACE_CURVE('',#3137,(#3141,#3148),.PCURVE_S1.);
#3137 = LINE('',#3138,#3139);
#3138 = CARTESIAN_POINT('',(0.,90.2,0.));
#3139 = VECTOR('',#3140,1.);
#3140 = DIRECTION('',(-0.,-1.,-0.));
#3141 = PCURVE('',#72,#3142);
#3142 = DEFINITIONAL_REPRESENTATION('',(#3143),#3147);
#3143 = LINE('',#3144,#3145);
#3144 = CARTESIAN_POINT('',(-145.55,90.2));
#3145 = VECTOR('',#3146,1.);
#3146 = DIRECTION('',(-0.,-1.));
#3147 = ( GEOMETRIC_REPRESENTATION_CONTEXT(2) 
PARAMETRIC_REPRESENTATION_CONTEXT() REPRESENTATION_CONTEXT('2D SPACE',''
  ) );
#3148 = PCURVE('',#946,#3149);
#3149 = DEFINITIONAL_REPRESENTATION('',(#3150),#3154);
#3150 = LINE('',#3151,#3152);
#3151 = CARTESIAN_POINT('',(-0.,-0.));
#3152 = VECTOR('',#3153,1.);
#3153 = DIRECTION('',(-1.,0.));
#3154 = ( GEOMETRIC_REPRESENTATION_CONTEXT(2) 
PARAMETRIC_REPRESENTATION_CONTEXT() REPRESENTATION_CONTEXT('2D SPACE',''
  ) );
#3155 = ORIENTED_EDGE('',*,*,#3156,.F.);
#3156 = EDGE_CURVE('',#3157,#3134,#3159,.T.);
#3157 = VERTEX_POINT('',#3158);
#3158 = CARTESIAN_POINT('',(4.,88.2,0.));
#3159 = SURFACE_CURVE('',#3160,(#3164,#3171),.PCURVE_S1.);
#3160 = LINE('',#3161,#3162);
#3161 = CARTESIAN_POINT('',(4.,88.2,0.));
#3162 = VECTOR('',#3163,1.);
#3163 = DIRECTION('',(-0.894427191,0.4472135955,-0.));
#3164 = PCURVE('',#72,#3165);
#3165 = DEFINITIONAL_REPRESENTATION('',(#3166),#3170);
#3166 = LINE('',#3167,#3168);
#3167 = CARTESIAN_POINT('',(-141.55,88.2));
#3168 = VECTOR('',#3169,1.);
#3169 = DIRECTION('',(-0.894427191,0.4472135955));
#3170 = ( GEOMETRIC_REPRESENTATION_CONTEXT(2) 
PARAMETRIC_REPRESENTATION_CONTEXT() REPRESENTATION_CONTEXT('2D SPACE',''
  ) );
#3171 = PCURVE('',#974,#3172);
#3172 = DEFINITIONAL_REPRESENTATION('',(#3173),#3177);
#3173 = LINE('',#3174,#3175);
#3174 = CARTESIAN_POINT('',(-0.,-0.));
#3175 = VECTOR('',#3176,1.);
#3176 = DIRECTION('',(-1.,0.));
#3177 = ( GEOMETRIC_REPRESENTATION_CONTEXT(2) 
PARAMETRIC_REPRESENTATION_CONTEXT() REPRESENTATION_CONTEXT('2D SPACE',''
  ) );
#3178 = ORIENTED_EDGE('',*,*,#3179,.T.);
#3179 = EDGE_CURVE('',#3157,#3180,#3182,.T.);
#3180 = VERTEX_POINT('',#3181);
#3181 = CARTESIAN_POINT('',(4.,123.984,0.));
#3182 = SURFACE_CURVE('',#3183,(#3187,#3194),.PCURVE_S1.);
#3183 = LINE('',#3184,#3185);
#3184 = CARTESIAN_POINT('',(4.,0.,0.));
#3185 = VECTOR('',#3186,1.);
#3186 = DIRECTION('',(0.,1.,0.));
#3187 = PCURVE('',#72,#3188);
#3188 = DEFINITIONAL_REPRESENTATION('',(#3189),#3193);
#3189 = LINE('',#3190,#3191);
#3190 = CARTESIAN_POINT('',(-141.55,0.));
#3191 = VECTOR('',#3192,1.);
#3192 = DIRECTION('',(-0.,1.));
#3193 = ( GEOMETRIC_REPRESENTATION_CONTEXT(2) 
PARAMETRIC_REPRESENTATION_CONTEXT() REPRESENTATION_CONTEXT('2D SPACE',''
  ) );
#3194 = PCURVE('',#1002,#3195);
#3195 = DEFINITIONAL_REPRESENTATION('',(#3196),#3200);
#3196 = LINE('',#3197,#3198);
#3197 = CARTESIAN_POINT('',(-0.,-0.));
#3198 = VECTOR('',#3199,1.);
#3199 = DIRECTION('',(-0.,-1.));
#3200 = ( GEOMETRIC_REPRESENTATION_CONTEXT(2) 
PARAMETRIC_REPRESENTATION_CONTEXT() REPRESENTATION_CONTEXT('2D SPACE',''
  ) );
#3201 = ORIENTED_EDGE('',*,*,#3202,.F.);
#3202 = EDGE_CURVE('',#3203,#3180,#3205,.T.);
#3203 = VERTEX_POINT('',#3204);
#3204 = CARTESIAN_POINT('',(0.,121.984,0.));
#3205 = SURFACE_CURVE('',#3206,(#3210,#3217),.PCURVE_S1.);
#3206 = LINE('',#3207,#3208);
#3207 = CARTESIAN_POINT('',(0.,121.984,0.));
#3208 = VECTOR('',#3209,1.);
#3209 = DIRECTION('',(0.894427191,0.4472135955,-0.));
#3210 = PCURVE('',#72,#3211);
#3211 = DEFINITIONAL_REPRESENTATION('',(#3212),#3216);
#3212 = LINE('',#3213,#3214);
#3213 = CARTESIAN_POINT('',(-145.55,121.984));
#3214 = VECTOR('',#3215,1.);
#3215 = DIRECTION('',(0.894427191,0.4472135955));
#3216 = ( GEOMETRIC_REPRESENTATION_CONTEXT(2) 
PARAMETRIC_REPRESENTATION_CONTEXT() REPRESENTATION_CONTEXT('2D SPACE',''
  ) );
#3217 = PCURVE('',#1030,#3218);
#3218 = DEFINITIONAL_REPRESENTATION('',(#3219),#3223);
#3219 = LINE('',#3220,#3221);
#3220 = CARTESIAN_POINT('',(-0.,0.));
#3221 = VECTOR('',#3222,1.);
#3222 = DIRECTION('',(-1.,0.));
#3223 = ( GEOMETRIC_REPRESENTATION_CONTEXT(2) 
PARAMETRIC_REPRESENTATION_CONTEXT() REPRESENTATION_CONTEXT('2D SPACE',''
  ) );
#3224 = ORIENTED_EDGE('',*,*,#3225,.F.);
#3225 = EDGE_CURVE('',#3226,#3203,#3228,.T.);
#3226 = VERTEX_POINT('',#3227);
#3227 = CARTESIAN_POINT('',(0.,133.984,0.));
#3228 = SURFACE_CURVE('',#3229,(#3233,#3240),.PCURVE_S1.);
#3229 = LINE('',#3230,#3231);
#3230 = CARTESIAN_POINT('',(0.,133.984,0.));
#3231 = VECTOR('',#3232,1.);
#3232 = DIRECTION('',(-0.,-1.,-0.));
#3233 = PCURVE('',#72,#3234);
#3234 = DEFINITIONAL_REPRESENTATION('',(#3235),#3239);
#3235 = LINE('',#3236,#3237);
#3236 = CARTESIAN_POINT('',(-145.55,133.984));
#3237 = VECTOR('',#3238,1.);
#3238 = DIRECTION('',(-0.,-1.));
#3239 = ( GEOMETRIC_REPRESENTATION_CONTEXT(2) 
PARAMETRIC_REPRESENTATION_CONTEXT() REPRESENTATION_CONTEXT('2D SPACE',''
  ) );
#3240 = PCURVE('',#1058,#3241);
#3241 = DEFINITIONAL_REPRESENTATION('',(#3242),#3246);
#3242 = LINE('',#3243,#3244);
#3243 = CARTESIAN_POINT('',(-0.,-0.));
#3244 = VECTOR('',#3245,1.);
#3245 = DIRECTION('',(-1.,0.));
#3246 = ( GEOMETRIC_REPRESENTATION_CONTEXT(2) 
PARAMETRIC_REPRESENTATION_CONTEXT() REPRESENTATION_CONTEXT('2D SPACE',''
  ) );
#3247 = ORIENTED_EDGE('',*,*,#3248,.F.);
#3248 = EDGE_CURVE('',#3249,#3226,#3251,.T.);
#3249 = VERTEX_POINT('',#3250);
#3250 = CARTESIAN_POINT('',(4.,131.984,0.));
#3251 = SURFACE_CURVE('',#3252,(#3256,#3263),.PCURVE_S1.);
#3252 = LINE('',#3253,#3254);
#3253 = CARTESIAN_POINT('',(4.,131.984,0.));
#3254 = VECTOR('',#3255,1.);
#3255 = DIRECTION('',(-0.894427191,0.4472135955,-0.));
#3256 = PCURVE('',#72,#3257);
#3257 = DEFINITIONAL_REPRESENTATION('',(#3258),#3262);
#3258 = LINE('',#3259,#3260);
#3259 = CARTESIAN_POINT('',(-141.55,131.984));
#3260 = VECTOR('',#3261,1.);
#3261 = DIRECTION('',(-0.894427191,0.4472135955));
#3262 = ( GEOMETRIC_REPRESENTATION_CONTEXT(2) 
PARAMETRIC_REPRESENTATION_CONTEXT() REPRESENTATION_CONTEXT('2D SPACE',''
  ) );
#3263 = PCURVE('',#1086,#3264);
#3264 = DEFINITIONAL_REPRESENTATION('',(#3265),#3269);
#3265 = LINE('',#3266,#3267);
#3266 = CARTESIAN_POINT('',(-0.,-0.));
#3267 = VECTOR('',#3268,1.);
#3268 = DIRECTION('',(-1.,0.));
#3269 = ( GEOMETRIC_REPRESENTATION_CONTEXT(2) 
PARAMETRIC_REPRESENTATION_CONTEXT() REPRESENTATION_CONTEXT('2D SPACE',''
  ) );
#3270 = ORIENTED_EDGE('',*,*,#3271,.T.);
#3271 = EDGE_CURVE('',#3249,#2945,#3272,.T.);
#3272 = SURFACE_CURVE('',#3273,(#3277,#3284),.PCURVE_S1.);
#3273 = LINE('',#3274,#3275);
#3274 = CARTESIAN_POINT('',(4.,0.,0.));
#3275 = VECTOR('',#3276,1.);
#3276 = DIRECTION('',(0.,1.,0.));
#3277 = PCURVE('',#72,#3278);
#3278 = DEFINITIONAL_REPRESENTATION('',(#3279),#3283);
#3279 = LINE('',#3280,#3281);
#3280 = CARTESIAN_POINT('',(-141.55,0.));
#3281 = VECTOR('',#3282,1.);
#3282 = DIRECTION('',(-0.,1.));
#3283 = ( GEOMETRIC_REPRESENTATION_CONTEXT(2) 
PARAMETRIC_REPRESENTATION_CONTEXT() REPRESENTATION_CONTEXT('2D SPACE',''
  ) );
#3284 = PCURVE('',#1114,#3285);
#3285 = DEFINITIONAL_REPRESENTATION('',(#3286),#3290);
#3286 = LINE('',#3287,#3288);
#3287 = CARTESIAN_POINT('',(-0.,-0.));
#3288 = VECTOR('',#3289,1.);
#3289 = DIRECTION('',(-0.,-1.));
#3290 = ( GEOMETRIC_REPRESENTATION_CONTEXT(2) 
PARAMETRIC_REPRESENTATION_CONTEXT() REPRESENTATION_CONTEXT('2D SPACE',''
  ) );
#3291 = ORIENTED_EDGE('',*,*,#2944,.F.);
#3292 = FACE_BOUND('',#3293,.T.);
#3293 = EDGE_LOOP('',(#3294,#3324,#3347,#3375));
#3294 = ORIENTED_EDGE('',*,*,#3295,.F.);
#3295 = EDGE_CURVE('',#3296,#3298,#3300,.T.);
#3296 = VERTEX_POINT('',#3297);
#3297 = CARTESIAN_POINT('',(75.25,26.2,0.));
#3298 = VERTEX_POINT('',#3299);
#3299 = CARTESIAN_POINT('',(75.25,32.2,0.));
#3300 = SURFACE_CURVE('',#3301,(#3306,#3317),.PCURVE_S1.);
#3301 = CIRCLE('',#3302,3.);
#3302 = AXIS2_PLACEMENT_3D('',#3303,#3304,#3305);
#3303 = CARTESIAN_POINT('',(75.25,29.2,0.));
#3304 = DIRECTION('',(0.,0.,-1.));
#3305 = DIRECTION('',(-1.,-0.,-0.));
#3306 = PCURVE('',#72,#3307);
#3307 = DEFINITIONAL_REPRESENTATION('',(#3308),#3316);
#3308 = ( BOUNDED_CURVE() B_SPLINE_CURVE(2,(#3309,#3310,#3311,#3312,
#3313,#3314,#3315),.UNSPECIFIED.,.T.,.F.) B_SPLINE_CURVE_WITH_KNOTS((1,2
    ,2,2,2,1),(-2.094395102393,0.,2.094395102393,4.188790204786,
6.28318530718,8.377580409573),.UNSPECIFIED.) CURVE() 
GEOMETRIC_REPRESENTATION_ITEM() RATIONAL_B_SPLINE_CURVE((1.,0.5,1.,0.5,
1.,0.5,1.)) REPRESENTATION_ITEM('') );
#3309 = CARTESIAN_POINT('',(-73.3,29.2));
#3310 = CARTESIAN_POINT('',(-73.3,34.396152422707));
#3311 = CARTESIAN_POINT('',(-68.8,31.798076211353));
#3312 = CARTESIAN_POINT('',(-64.3,29.2));
#3313 = CARTESIAN_POINT('',(-68.8,26.601923788647));
#3314 = CARTESIAN_POINT('',(-73.3,24.003847577293));
#3315 = CARTESIAN_POINT('',(-73.3,29.2));
#3316 = ( GEOMETRIC_REPRESENTATION_CONTEXT(2) 
PARAMETRIC_REPRESENTATION_CONTEXT() REPRESENTATION_CONTEXT('2D SPACE',''
  ) );
#3317 = PCURVE('',#1505,#3318);
#3318 = DEFINITIONAL_REPRESENTATION('',(#3319),#3323);
#3319 = LINE('',#3320,#3321);
#3320 = CARTESIAN_POINT('',(-0.,0.1));
#3321 = VECTOR('',#3322,1.);
#3322 = DIRECTION('',(-1.,0.));
#3323 = ( GEOMETRIC_REPRESENTATION_CONTEXT(2) 
PARAMETRIC_REPRESENTATION_CONTEXT() REPRESENTATION_CONTEXT('2D SPACE',''
  ) );
#3324 = ORIENTED_EDGE('',*,*,#3325,.T.);
#3325 = EDGE_CURVE('',#3296,#3326,#3328,.T.);
#3326 = VERTEX_POINT('',#3327);
#3327 = CARTESIAN_POINT('',(103.25,26.2,0.));
#3328 = SURFACE_CURVE('',#3329,(#3333,#3340),.PCURVE_S1.);
#3329 = LINE('',#3330,#3331);
#3330 = CARTESIAN_POINT('',(124.4,26.2,0.));
#3331 = VECTOR('',#3332,1.);
#3332 = DIRECTION('',(1.,-0.,-0.));
#3333 = PCURVE('',#72,#3334);
#3334 = DEFINITIONAL_REPRESENTATION('',(#3335),#3339);
#3335 = LINE('',#3336,#3337);
#3336 = CARTESIAN_POINT('',(-21.15,26.2));
#3337 = VECTOR('',#3338,1.);
#3338 = DIRECTION('',(1.,-0.));
#3339 = ( GEOMETRIC_REPRESENTATION_CONTEXT(2) 
PARAMETRIC_REPRESENTATION_CONTEXT() REPRESENTATION_CONTEXT('2D SPACE',''
  ) );
#3340 = PCURVE('',#1533,#3341);
#3341 = DEFINITIONAL_REPRESENTATION('',(#3342),#3346);
#3342 = LINE('',#3343,#3344);
#3343 = CARTESIAN_POINT('',(-0.1,-21.15));
#3344 = VECTOR('',#3345,1.);
#3345 = DIRECTION('',(-0.,-1.));
#3346 = ( GEOMETRIC_REPRESENTATION_CONTEXT(2) 
PARAMETRIC_REPRESENTATION_CONTEXT() REPRESENTATION_CONTEXT('2D SPACE',''
  ) );
#3347 = ORIENTED_EDGE('',*,*,#3348,.F.);
#3348 = EDGE_CURVE('',#3349,#3326,#3351,.T.);
#3349 = VERTEX_POINT('',#3350);
#3350 = CARTESIAN_POINT('',(103.25,32.2,0.));
#3351 = SURFACE_CURVE('',#3352,(#3357,#3368),.PCURVE_S1.);
#3352 = CIRCLE('',#3353,3.);
#3353 = AXIS2_PLACEMENT_3D('',#3354,#3355,#3356);
#3354 = CARTESIAN_POINT('',(103.25,29.2,0.));
#3355 = DIRECTION('',(0.,0.,-1.));
#3356 = DIRECTION('',(-1.,-0.,-0.));
#3357 = PCURVE('',#72,#3358);
#3358 = DEFINITIONAL_REPRESENTATION('',(#3359),#3367);
#3359 = ( BOUNDED_CURVE() B_SPLINE_CURVE(2,(#3360,#3361,#3362,#3363,
#3364,#3365,#3366),.UNSPECIFIED.,.T.,.F.) B_SPLINE_CURVE_WITH_KNOTS((1,2
    ,2,2,2,1),(-2.094395102393,0.,2.094395102393,4.188790204786,
6.28318530718,8.377580409573),.UNSPECIFIED.) CURVE() 
GEOMETRIC_REPRESENTATION_ITEM() RATIONAL_B_SPLINE_CURVE((1.,0.5,1.,0.5,
1.,0.5,1.)) REPRESENTATION_ITEM('') );
#3360 = CARTESIAN_POINT('',(-45.3,29.2));
#3361 = CARTESIAN_POINT('',(-45.3,34.396152422707));
#3362 = CARTESIAN_POINT('',(-40.8,31.798076211353));
#3363 = CARTESIAN_POINT('',(-36.3,29.2));
#3364 = CARTESIAN_POINT('',(-40.8,26.601923788647));
#3365 = CARTESIAN_POINT('',(-45.3,24.003847577293));
#3366 = CARTESIAN_POINT('',(-45.3,29.2));
#3367 = ( GEOMETRIC_REPRESENTATION_CONTEXT(2) 
PARAMETRIC_REPRESENTATION_CONTEXT() REPRESENTATION_CONTEXT('2D SPACE',''
  ) );
#3368 = PCURVE('',#1566,#3369);
#3369 = DEFINITIONAL_REPRESENTATION('',(#3370),#3374);
#3370 = LINE('',#3371,#3372);
#3371 = CARTESIAN_POINT('',(-0.,0.1));
#3372 = VECTOR('',#3373,1.);
#3373 = DIRECTION('',(-1.,0.));
#3374 = ( GEOMETRIC_REPRESENTATION_CONTEXT(2) 
PARAMETRIC_REPRESENTATION_CONTEXT() REPRESENTATION_CONTEXT('2D SPACE',''
  ) );
#3375 = ORIENTED_EDGE('',*,*,#3376,.F.);
#3376 = EDGE_CURVE('',#3298,#3349,#3377,.T.);
#3377 = SURFACE_CURVE('',#3378,(#3382,#3389),.PCURVE_S1.);
#3378 = LINE('',#3379,#3380);
#3379 = CARTESIAN_POINT('',(124.4,32.2,0.));
#3380 = VECTOR('',#3381,1.);
#3381 = DIRECTION('',(1.,-0.,-0.));
#3382 = PCURVE('',#72,#3383);
#3383 = DEFINITIONAL_REPRESENTATION('',(#3384),#3388);
#3384 = LINE('',#3385,#3386);
#3385 = CARTESIAN_POINT('',(-21.15,32.2));
#3386 = VECTOR('',#3387,1.);
#3387 = DIRECTION('',(1.,-0.));
#3388 = ( GEOMETRIC_REPRESENTATION_CONTEXT(2) 
PARAMETRIC_REPRESENTATION_CONTEXT() REPRESENTATION_CONTEXT('2D SPACE',''
  ) );
#3389 = PCURVE('',#1592,#3390);
#3390 = DEFINITIONAL_REPRESENTATION('',(#3391),#3395);
#3391 = LINE('',#3392,#3393);
#3392 = CARTESIAN_POINT('',(-0.1,-21.15));
#3393 = VECTOR('',#3394,1.);
#3394 = DIRECTION('',(-0.,-1.));
#3395 = ( GEOMETRIC_REPRESENTATION_CONTEXT(2) 
PARAMETRIC_REPRESENTATION_CONTEXT() REPRESENTATION_CONTEXT('2D SPACE',''
  ) );
#3396 = FACE_BOUND('',#3397,.T.);
#3397 = EDGE_LOOP('',(#3398,#3428,#3451,#3479));
#3398 = ORIENTED_EDGE('',*,*,#3399,.F.);
#3399 = EDGE_CURVE('',#3400,#3402,#3404,.T.);
#3400 = VERTEX_POINT('',#3401);
#3401 = CARTESIAN_POINT('',(75.25,76.2,0.));
#3402 = VERTEX_POINT('',#3403);
#3403 = CARTESIAN_POINT('',(75.25,82.2,0.));
#3404 = SURFACE_CURVE('',#3405,(#3410,#3421),.PCURVE_S1.);
#3405 = CIRCLE('',#3406,3.);
#3406 = AXIS2_PLACEMENT_3D('',#3407,#3408,#3409);
#3407 = CARTESIAN_POINT('',(75.25,79.2,0.));
#3408 = DIRECTION('',(0.,0.,-1.));
#3409 = DIRECTION('',(-1.,-0.,-0.));
#3410 = PCURVE('',#72,#3411);
#3411 = DEFINITIONAL_REPRESENTATION('',(#3412),#3420);
#3412 = ( BOUNDED_CURVE() B_SPLINE_CURVE(2,(#3413,#3414,#3415,#3416,
#3417,#3418,#3419),.UNSPECIFIED.,.T.,.F.) B_SPLINE_CURVE_WITH_KNOTS((1,2
    ,2,2,2,1),(-2.094395102393,0.,2.094395102393,4.188790204786,
6.28318530718,8.377580409573),.UNSPECIFIED.) CURVE() 
GEOMETRIC_REPRESENTATION_ITEM() RATIONAL_B_SPLINE_CURVE((1.,0.5,1.,0.5,
1.,0.5,1.)) REPRESENTATION_ITEM('') );
#3413 = CARTESIAN_POINT('',(-73.3,79.2));
#3414 = CARTESIAN_POINT('',(-73.3,84.396152422707));
#3415 = CARTESIAN_POINT('',(-68.8,81.798076211353));
#3416 = CARTESIAN_POINT('',(-64.3,79.2));
#3417 = CARTESIAN_POINT('',(-68.8,76.601923788647));
#3418 = CARTESIAN_POINT('',(-73.3,74.003847577293));
#3419 = CARTESIAN_POINT('',(-73.3,79.2));
#3420 = ( GEOMETRIC_REPRESENTATION_CONTEXT(2) 
PARAMETRIC_REPRESENTATION_CONTEXT() REPRESENTATION_CONTEXT('2D SPACE',''
  ) );
#3421 = PCURVE('',#1867,#3422);
#3422 = DEFINITIONAL_REPRESENTATION('',(#3423),#3427);
#3423 = LINE('',#3424,#3425);
#3424 = CARTESIAN_POINT('',(-0.,0.1));
#3425 = VECTOR('',#3426,1.);
#3426 = DIRECTION('',(-1.,0.));
#3427 = ( GEOMETRIC_REPRESENTATION_CONTEXT(2) 
PARAMETRIC_REPRESENTATION_CONTEXT() REPRESENTATION_CONTEXT('2D SPACE',''
  ) );
#3428 = ORIENTED_EDGE('',*,*,#3429,.T.);
#3429 = EDGE_CURVE('',#3400,#3430,#3432,.T.);
#3430 = VERTEX_POINT('',#3431);
#3431 = CARTESIAN_POINT('',(103.25,76.2,0.));
#3432 = SURFACE_CURVE('',#3433,(#3437,#3444),.PCURVE_S1.);
#3433 = LINE('',#3434,#3435);
#3434 = CARTESIAN_POINT('',(124.4,76.2,0.));
#3435 = VECTOR('',#3436,1.);
#3436 = DIRECTION('',(1.,-0.,-0.));
#3437 = PCURVE('',#72,#3438);
#3438 = DEFINITIONAL_REPRESENTATION('',(#3439),#3443);
#3439 = LINE('',#3440,#3441);
#3440 = CARTESIAN_POINT('',(-21.15,76.2));
#3441 = VECTOR('',#3442,1.);
#3442 = DIRECTION('',(1.,-0.));
#3443 = ( GEOMETRIC_REPRESENTATION_CONTEXT(2) 
PARAMETRIC_REPRESENTATION_CONTEXT() REPRESENTATION_CONTEXT('2D SPACE',''
  ) );
#3444 = PCURVE('',#1895,#3445);
#3445 = DEFINITIONAL_REPRESENTATION('',(#3446),#3450);
#3446 = LINE('',#3447,#3448);
#3447 = CARTESIAN_POINT('',(-0.1,-21.15));
#3448 = VECTOR('',#3449,1.);
#3449 = DIRECTION('',(-0.,-1.));
#3450 = ( GEOMETRIC_REPRESENTATION_CONTEXT(2) 
PARAMETRIC_REPRESENTATION_CONTEXT() REPRESENTATION_CONTEXT('2D SPACE',''
  ) );
#3451 = ORIENTED_EDGE('',*,*,#3452,.F.);
#3452 = EDGE_CURVE('',#3453,#3430,#3455,.T.);
#3453 = VERTEX_POINT('',#3454);
#3454 = CARTESIAN_POINT('',(103.25,82.2,0.));
#3455 = SURFACE_CURVE('',#3456,(#3461,#3472),.PCURVE_S1.);
#3456 = CIRCLE('',#3457,3.);
#3457 = AXIS2_PLACEMENT_3D('',#3458,#3459,#3460);
#3458 = CARTESIAN_POINT('',(103.25,79.2,0.));
#3459 = DIRECTION('',(0.,0.,-1.));
#3460 = DIRECTION('',(-1.,-0.,-0.));
#3461 = PCURVE('',#72,#3462);
#3462 = DEFINITIONAL_REPRESENTATION('',(#3463),#3471);
#3463 = ( BOUNDED_CURVE() B_SPLINE_CURVE(2,(#3464,#3465,#3466,#3467,
#3468,#3469,#3470),.UNSPECIFIED.,.T.,.F.) B_SPLINE_CURVE_WITH_KNOTS((1,2
    ,2,2,2,1),(-2.094395102393,0.,2.094395102393,4.188790204786,
6.28318530718,8.377580409573),.UNSPECIFIED.) CURVE() 
GEOMETRIC_REPRESENTATION_ITEM() RATIONAL_B_SPLINE_CURVE((1.,0.5,1.,0.5,
1.,0.5,1.)) REPRESENTATION_ITEM('') );
#3464 = CARTESIAN_POINT('',(-45.3,79.2));
#3465 = CARTESIAN_POINT('',(-45.3,84.396152422707));
#3466 = CARTESIAN_POINT('',(-40.8,81.798076211353));
#3467 = CARTESIAN_POINT('',(-36.3,79.2));
#3468 = CARTESIAN_POINT('',(-40.8,76.601923788647));
#3469 = CARTESIAN_POINT('',(-45.3,74.003847577293));
#3470 = CARTESIAN_POINT('',(-45.3,79.2));
#3471 = ( GEOMETRIC_REPRESENTATION_CONTEXT(2) 
PARAMETRIC_REPRESENTATION_CONTEXT() REPRESENTATION_CONTEXT('2D SPACE',''
  ) );
#3472 = PCURVE('',#1928,#3473);
#3473 = DEFINITIONAL_REPRESENTATION('',(#3474),#3478);
#3474 = LINE('',#3475,#3476);
#3475 = CARTESIAN_POINT('',(-0.,0.1));
#3476 = VECTOR('',#3477,1.);
#3477 = DIRECTION('',(-1.,0.));
#3478 = ( GEOMETRIC_REPRESENTATION_CONTEXT(2) 
PARAMETRIC_REPRESENTATION_CONTEXT() REPRESENTATION_CONTEXT('2D SPACE',''
  ) );
#3479 = ORIENTED_EDGE('',*,*,#3480,.F.);
#3480 = EDGE_CURVE('',#3402,#3453,#3481,.T.);
#3481 = SURFACE_CURVE('',#3482,(#3486,#3493),.PCURVE_S1.);
#3482 = LINE('',#3483,#3484);
#3483 = CARTESIAN_POINT('',(124.4,82.2,0.));
#3484 = VECTOR('',#3485,1.);
#3485 = DIRECTION('',(1.,-0.,-0.));
#3486 = PCURVE('',#72,#3487);
#3487 = DEFINITIONAL_REPRESENTATION('',(#3488),#3492);
#3488 = LINE('',#3489,#3490);
#3489 = CARTESIAN_POINT('',(-21.15,82.2));
#3490 = VECTOR('',#3491,1.);
#3491 = DIRECTION('',(1.,-0.));
#3492 = ( GEOMETRIC_REPRESENTATION_CONTEXT(2) 
PARAMETRIC_REPRESENTATION_CONTEXT() REPRESENTATION_CONTEXT('2D SPACE',''
  ) );
#3493 = PCURVE('',#1954,#3494);
#3494 = DEFINITIONAL_REPRESENTATION('',(#3495),#3499);
#3495 = LINE('',#3496,#3497);
#3496 = CARTESIAN_POINT('',(-0.1,-21.15));
#3497 = VECTOR('',#3498,1.);
#3498 = DIRECTION('',(-0.,-1.));
#3499 = ( GEOMETRIC_REPRESENTATION_CONTEXT(2) 
PARAMETRIC_REPRESENTATION_CONTEXT() REPRESENTATION_CONTEXT('2D SPACE',''
  ) );
#3500 = FACE_BOUND('',#3501,.T.);
#3501 = EDGE_LOOP('',(#3502,#3532,#3555,#3583));
#3502 = ORIENTED_EDGE('',*,*,#3503,.F.);
#3503 = EDGE_CURVE('',#3504,#3506,#3508,.T.);
#3504 = VERTEX_POINT('',#3505);
#3505 = CARTESIAN_POINT('',(36.25,26.2,0.));
#3506 = VERTEX_POINT('',#3507);
#3507 = CARTESIAN_POINT('',(36.25,32.2,0.));
#3508 = SURFACE_CURVE('',#3509,(#3514,#3525),.PCURVE_S1.);
#3509 = CIRCLE('',#3510,3.);
#3510 = AXIS2_PLACEMENT_3D('',#3511,#3512,#3513);
#3511 = CARTESIAN_POINT('',(36.25,29.2,0.));
#3512 = DIRECTION('',(0.,0.,-1.));
#3513 = DIRECTION('',(-1.,-0.,-0.));
#3514 = PCURVE('',#72,#3515);
#3515 = DEFINITIONAL_REPRESENTATION('',(#3516),#3524);
#3516 = ( BOUNDED_CURVE() B_SPLINE_CURVE(2,(#3517,#3518,#3519,#3520,
#3521,#3522,#3523),.UNSPECIFIED.,.T.,.F.) B_SPLINE_CURVE_WITH_KNOTS((1,2
    ,2,2,2,1),(-2.094395102393,0.,2.094395102393,4.188790204786,
6.28318530718,8.377580409573),.UNSPECIFIED.) CURVE() 
GEOMETRIC_REPRESENTATION_ITEM() RATIONAL_B_SPLINE_CURVE((1.,0.5,1.,0.5,
1.,0.5,1.)) REPRESENTATION_ITEM('') );
#3517 = CARTESIAN_POINT('',(-112.3,29.2));
#3518 = CARTESIAN_POINT('',(-112.3,34.396152422707));
#3519 = CARTESIAN_POINT('',(-107.8,31.798076211353));
#3520 = CARTESIAN_POINT('',(-103.3,29.2));
#3521 = CARTESIAN_POINT('',(-107.8,26.601923788647));
#3522 = CARTESIAN_POINT('',(-112.3,24.003847577293));
#3523 = CARTESIAN_POINT('',(-112.3,29.2));
#3524 = ( GEOMETRIC_REPRESENTATION_CONTEXT(2) 
PARAMETRIC_REPRESENTATION_CONTEXT() REPRESENTATION_CONTEXT('2D SPACE',''
  ) );
#3525 = PCURVE('',#1743,#3526);
#3526 = DEFINITIONAL_REPRESENTATION('',(#3527),#3531);
#3527 = LINE('',#3528,#3529);
#3528 = CARTESIAN_POINT('',(-0.,0.1));
#3529 = VECTOR('',#3530,1.);
#3530 = DIRECTION('',(-1.,0.));
#3531 = ( GEOMETRIC_REPRESENTATION_CONTEXT(2) 
PARAMETRIC_REPRESENTATION_CONTEXT() REPRESENTATION_CONTEXT('2D SPACE',''
  ) );
#3532 = ORIENTED_EDGE('',*,*,#3533,.T.);
#3533 = EDGE_CURVE('',#3504,#3534,#3536,.T.);
#3534 = VERTEX_POINT('',#3535);
#3535 = CARTESIAN_POINT('',(64.25,26.2,0.));
#3536 = SURFACE_CURVE('',#3537,(#3541,#3548),.PCURVE_S1.);
#3537 = LINE('',#3538,#3539);
#3538 = CARTESIAN_POINT('',(104.9,26.2,0.));
#3539 = VECTOR('',#3540,1.);
#3540 = DIRECTION('',(1.,-0.,-0.));
#3541 = PCURVE('',#72,#3542);
#3542 = DEFINITIONAL_REPRESENTATION('',(#3543),#3547);
#3543 = LINE('',#3544,#3545);
#3544 = CARTESIAN_POINT('',(-40.65,26.2));
#3545 = VECTOR('',#3546,1.);
#3546 = DIRECTION('',(1.,-0.));
#3547 = ( GEOMETRIC_REPRESENTATION_CONTEXT(2) 
PARAMETRIC_REPRESENTATION_CONTEXT() REPRESENTATION_CONTEXT('2D SPACE',''
  ) );
#3548 = PCURVE('',#1771,#3549);
#3549 = DEFINITIONAL_REPRESENTATION('',(#3550),#3554);
#3550 = LINE('',#3551,#3552);
#3551 = CARTESIAN_POINT('',(-0.1,-40.65));
#3552 = VECTOR('',#3553,1.);
#3553 = DIRECTION('',(-0.,-1.));
#3554 = ( GEOMETRIC_REPRESENTATION_CONTEXT(2) 
PARAMETRIC_REPRESENTATION_CONTEXT() REPRESENTATION_CONTEXT('2D SPACE',''
  ) );
#3555 = ORIENTED_EDGE('',*,*,#3556,.F.);
#3556 = EDGE_CURVE('',#3557,#3534,#3559,.T.);
#3557 = VERTEX_POINT('',#3558);
#3558 = CARTESIAN_POINT('',(64.25,32.2,0.));
#3559 = SURFACE_CURVE('',#3560,(#3565,#3576),.PCURVE_S1.);
#3560 = CIRCLE('',#3561,3.);
#3561 = AXIS2_PLACEMENT_3D('',#3562,#3563,#3564);
#3562 = CARTESIAN_POINT('',(64.25,29.2,0.));
#3563 = DIRECTION('',(0.,0.,-1.));
#3564 = DIRECTION('',(-1.,-0.,-0.));
#3565 = PCURVE('',#72,#3566);
#3566 = DEFINITIONAL_REPRESENTATION('',(#3567),#3575);
#3567 = ( BOUNDED_CURVE() B_SPLINE_CURVE(2,(#3568,#3569,#3570,#3571,
#3572,#3573,#3574),.UNSPECIFIED.,.T.,.F.) B_SPLINE_CURVE_WITH_KNOTS((1,2
    ,2,2,2,1),(-2.094395102393,0.,2.094395102393,4.188790204786,
6.28318530718,8.377580409573),.UNSPECIFIED.) CURVE() 
GEOMETRIC_REPRESENTATION_ITEM() RATIONAL_B_SPLINE_CURVE((1.,0.5,1.,0.5,
1.,0.5,1.)) REPRESENTATION_ITEM('') );
#3568 = CARTESIAN_POINT('',(-84.3,29.2));
#3569 = CARTESIAN_POINT('',(-84.3,34.396152422707));
#3570 = CARTESIAN_POINT('',(-79.8,31.798076211353));
#3571 = CARTESIAN_POINT('',(-75.3,29.2));
#3572 = CARTESIAN_POINT('',(-79.8,26.601923788647));
#3573 = CARTESIAN_POINT('',(-84.3,24.003847577293));
#3574 = CARTESIAN_POINT('',(-84.3,29.2));
#3575 = ( GEOMETRIC_REPRESENTATION_CONTEXT(2) 
PARAMETRIC_REPRESENTATION_CONTEXT() REPRESENTATION_CONTEXT('2D SPACE',''
  ) );
#3576 = PCURVE('',#1804,#3577);
#3577 = DEFINITIONAL_REPRESENTATION('',(#3578),#3582);
#3578 = LINE('',#3579,#3580);
#3579 = CARTESIAN_POINT('',(-0.,0.1));
#3580 = VECTOR('',#3581,1.);
#3581 = DIRECTION('',(-1.,0.));
#3582 = ( GEOMETRIC_REPRESENTATION_CONTEXT(2) 
PARAMETRIC_REPRESENTATION_CONTEXT() REPRESENTATION_CONTEXT('2D SPACE',''
  ) );
#3583 = ORIENTED_EDGE('',*,*,#3584,.F.);
#3584 = EDGE_CURVE('',#3506,#3557,#3585,.T.);
#3585 = SURFACE_CURVE('',#3586,(#3590,#3597),.PCURVE_S1.);
#3586 = LINE('',#3587,#3588);
#3587 = CARTESIAN_POINT('',(104.9,32.2,0.));
#3588 = VECTOR('',#3589,1.);
#3589 = DIRECTION('',(1.,-0.,-0.));
#3590 = PCURVE('',#72,#3591);
#3591 = DEFINITIONAL_REPRESENTATION('',(#3592),#3596);
#3592 = LINE('',#3593,#3594);
#3593 = CARTESIAN_POINT('',(-40.65,32.2));
#3594 = VECTOR('',#3595,1.);
#3595 = DIRECTION('',(1.,-0.));
#3596 = ( GEOMETRIC_REPRESENTATION_CONTEXT(2) 
PARAMETRIC_REPRESENTATION_CONTEXT() REPRESENTATION_CONTEXT('2D SPACE',''
  ) );
#3597 = PCURVE('',#1830,#3598);
#3598 = DEFINITIONAL_REPRESENTATION('',(#3599),#3603);
#3599 = LINE('',#3600,#3601);
#3600 = CARTESIAN_POINT('',(-0.1,-40.65));
#3601 = VECTOR('',#3602,1.);
#3602 = DIRECTION('',(-0.,-1.));
#3603 = ( GEOMETRIC_REPRESENTATION_CONTEXT(2) 
PARAMETRIC_REPRESENTATION_CONTEXT() REPRESENTATION_CONTEXT('2D SPACE',''
  ) );
#3604 = FACE_BOUND('',#3605,.T.);
#3605 = EDGE_LOOP('',(#3606,#3636,#3659,#3687));
#3606 = ORIENTED_EDGE('',*,*,#3607,.F.);
#3607 = EDGE_CURVE('',#3608,#3610,#3612,.T.);
#3608 = VERTEX_POINT('',#3609);
#3609 = CARTESIAN_POINT('',(36.25,76.2,0.));
#3610 = VERTEX_POINT('',#3611);
#3611 = CARTESIAN_POINT('',(36.25,82.2,0.));
#3612 = SURFACE_CURVE('',#3613,(#3618,#3629),.PCURVE_S1.);
#3613 = CIRCLE('',#3614,3.);
#3614 = AXIS2_PLACEMENT_3D('',#3615,#3616,#3617);
#3615 = CARTESIAN_POINT('',(36.25,79.2,0.));
#3616 = DIRECTION('',(0.,0.,-1.));
#3617 = DIRECTION('',(-1.,-0.,-0.));
#3618 = PCURVE('',#72,#3619);
#3619 = DEFINITIONAL_REPRESENTATION('',(#3620),#3628);
#3620 = ( BOUNDED_CURVE() B_SPLINE_CURVE(2,(#3621,#3622,#3623,#3624,
#3625,#3626,#3627),.UNSPECIFIED.,.T.,.F.) B_SPLINE_CURVE_WITH_KNOTS((1,2
    ,2,2,2,1),(-2.094395102393,0.,2.094395102393,4.188790204786,
6.28318530718,8.377580409573),.UNSPECIFIED.) CURVE() 
GEOMETRIC_REPRESENTATION_ITEM() RATIONAL_B_SPLINE_CURVE((1.,0.5,1.,0.5,
1.,0.5,1.)) REPRESENTATION_ITEM('') );
#3621 = CARTESIAN_POINT('',(-112.3,79.2));
#3622 = CARTESIAN_POINT('',(-112.3,84.396152422707));
#3623 = CARTESIAN_POINT('',(-107.8,81.798076211353));
#3624 = CARTESIAN_POINT('',(-103.3,79.2));
#3625 = CARTESIAN_POINT('',(-107.8,76.601923788647));
#3626 = CARTESIAN_POINT('',(-112.3,74.003847577293));
#3627 = CARTESIAN_POINT('',(-112.3,79.2));
#3628 = ( GEOMETRIC_REPRESENTATION_CONTEXT(2) 
PARAMETRIC_REPRESENTATION_CONTEXT() REPRESENTATION_CONTEXT('2D SPACE',''
  ) );
#3629 = PCURVE('',#2229,#3630);
#3630 = DEFINITIONAL_REPRESENTATION('',(#3631),#3635);
#3631 = LINE('',#3632,#3633);
#3632 = CARTESIAN_POINT('',(-0.,0.1));
#3633 = VECTOR('',#3634,1.);
#3634 = DIRECTION('',(-1.,0.));
#3635 = ( GEOMETRIC_REPRESENTATION_CONTEXT(2) 
PARAMETRIC_REPRESENTATION_CONTEXT() REPRESENTATION_CONTEXT('2D SPACE',''
  ) );
#3636 = ORIENTED_EDGE('',*,*,#3637,.T.);
#3637 = EDGE_CURVE('',#3608,#3638,#3640,.T.);
#3638 = VERTEX_POINT('',#3639);
#3639 = CARTESIAN_POINT('',(64.25,76.2,0.));
#3640 = SURFACE_CURVE('',#3641,(#3645,#3652),.PCURVE_S1.);
#3641 = LINE('',#3642,#3643);
#3642 = CARTESIAN_POINT('',(104.9,76.2,0.));
#3643 = VECTOR('',#3644,1.);
#3644 = DIRECTION('',(1.,-0.,-0.));
#3645 = PCURVE('',#72,#3646);
#3646 = DEFINITIONAL_REPRESENTATION('',(#3647),#3651);
#3647 = LINE('',#3648,#3649);
#3648 = CARTESIAN_POINT('',(-40.65,76.2));
#3649 = VECTOR('',#3650,1.);
#3650 = DIRECTION('',(1.,-0.));
#3651 = ( GEOMETRIC_REPRESENTATION_CONTEXT(2) 
PARAMETRIC_REPRESENTATION_CONTEXT() REPRESENTATION_CONTEXT('2D SPACE',''
  ) );
#3652 = PCURVE('',#2257,#3653);
#3653 = DEFINITIONAL_REPRESENTATION('',(#3654),#3658);
#3654 = LINE('',#3655,#3656);
#3655 = CARTESIAN_POINT('',(-0.1,-40.65));
#3656 = VECTOR('',#3657,1.);
#3657 = DIRECTION('',(-0.,-1.));
#3658 = ( GEOMETRIC_REPRESENTATION_CONTEXT(2) 
PARAMETRIC_REPRESENTATION_CONTEXT() REPRESENTATION_CONTEXT('2D SPACE',''
  ) );
#3659 = ORIENTED_EDGE('',*,*,#3660,.F.);
#3660 = EDGE_CURVE('',#3661,#3638,#3663,.T.);
#3661 = VERTEX_POINT('',#3662);
#3662 = CARTESIAN_POINT('',(64.25,82.2,0.));
#3663 = SURFACE_CURVE('',#3664,(#3669,#3680),.PCURVE_S1.);
#3664 = CIRCLE('',#3665,3.);
#3665 = AXIS2_PLACEMENT_3D('',#3666,#3667,#3668);
#3666 = CARTESIAN_POINT('',(64.25,79.2,0.));
#3667 = DIRECTION('',(0.,0.,-1.));
#3668 = DIRECTION('',(-1.,-0.,-0.));
#3669 = PCURVE('',#72,#3670);
#3670 = DEFINITIONAL_REPRESENTATION('',(#3671),#3679);
#3671 = ( BOUNDED_CURVE() B_SPLINE_CURVE(2,(#3672,#3673,#3674,#3675,
#3676,#3677,#3678),.UNSPECIFIED.,.T.,.F.) B_SPLINE_CURVE_WITH_KNOTS((1,2
    ,2,2,2,1),(-2.094395102393,0.,2.094395102393,4.188790204786,
6.28318530718,8.377580409573),.UNSPECIFIED.) CURVE() 
GEOMETRIC_REPRESENTATION_ITEM() RATIONAL_B_SPLINE_CURVE((1.,0.5,1.,0.5,
1.,0.5,1.)) REPRESENTATION_ITEM('') );
#3672 = CARTESIAN_POINT('',(-84.3,79.2));
#3673 = CARTESIAN_POINT('',(-84.3,84.396152422707));
#3674 = CARTESIAN_POINT('',(-79.8,81.798076211353));
#3675 = CARTESIAN_POINT('',(-75.3,79.2));
#3676 = CARTESIAN_POINT('',(-79.8,76.601923788647));
#3677 = CARTESIAN_POINT('',(-84.3,74.003847577293));
#3678 = CARTESIAN_POINT('',(-84.3,79.2));
#3679 = ( GEOMETRIC_REPRESENTATION_CONTEXT(2) 
PARAMETRIC_REPRESENTATION_CONTEXT() REPRESENTATION_CONTEXT('2D SPACE',''
  ) );
#3680 = PCURVE('',#2290,#3681);
#3681 = DEFINITIONAL_REPRESENTATION('',(#3682),#3686);
#3682 = LINE('',#3683,#3684);
#3683 = CARTESIAN_POINT('',(-0.,0.1));
#3684 = VECTOR('',#3685,1.);
#3685 = DIRECTION('',(-1.,0.));
#3686 = ( GEOMETRIC_REPRESENTATION_CONTEXT(2) 
PARAMETRIC_REPRESENTATION_CONTEXT() REPRESENTATION_CONTEXT('2D SPACE',''
  ) );
#3687 = ORIENTED_EDGE('',*,*,#3688,.F.);
#3688 = EDGE_CURVE('',#3610,#3661,#3689,.T.);
#3689 = SURFACE_CURVE('',#3690,(#3694,#3701),.PCURVE_S1.);
#3690 = LINE('',#3691,#3692);
#3691 = CARTESIAN_POINT('',(104.9,82.2,0.));
#3692 = VECTOR('',#3693,1.);
#3693 = DIRECTION('',(1.,-0.,-0.));
#3694 = PCURVE('',#72,#3695);
#3695 = DEFINITIONAL_REPRESENTATION('',(#3696),#3700);
#3696 = LINE('',#3697,#3698);
#3697 = CARTESIAN_POINT('',(-40.65,82.2));
#3698 = VECTOR('',#3699,1.);
#3699 = DIRECTION('',(1.,-0.));
#3700 = ( GEOMETRIC_REPRESENTATION_CONTEXT(2) 
PARAMETRIC_REPRESENTATION_CONTEXT() REPRESENTATION_CONTEXT('2D SPACE',''
  ) );
#3701 = PCURVE('',#2316,#3702);
#3702 = DEFINITIONAL_REPRESENTATION('',(#3703),#3707);
#3703 = LINE('',#3704,#3705);
#3704 = CARTESIAN_POINT('',(-0.1,-40.65));
#3705 = VECTOR('',#3706,1.);
#3706 = DIRECTION('',(-0.,-1.));
#3707 = ( GEOMETRIC_REPRESENTATION_CONTEXT(2) 
PARAMETRIC_REPRESENTATION_CONTEXT() REPRESENTATION_CONTEXT('2D SPACE',''
  ) );
#3708 = FACE_BOUND('',#3709,.T.);
#3709 = EDGE_LOOP('',(#3710,#3740,#3763,#3791));
#3710 = ORIENTED_EDGE('',*,*,#3711,.F.);
#3711 = EDGE_CURVE('',#3712,#3714,#3716,.T.);
#3712 = VERTEX_POINT('',#3713);
#3713 = CARTESIAN_POINT('',(75.25,127.2,0.));
#3714 = VERTEX_POINT('',#3715);
#3715 = CARTESIAN_POINT('',(75.25,133.2,0.));
#3716 = SURFACE_CURVE('',#3717,(#3722,#3733),.PCURVE_S1.);
#3717 = CIRCLE('',#3718,3.);
#3718 = AXIS2_PLACEMENT_3D('',#3719,#3720,#3721);
#3719 = CARTESIAN_POINT('',(75.25,130.2,0.));
#3720 = DIRECTION('',(0.,0.,-1.));
#3721 = DIRECTION('',(-1.,-0.,-0.));
#3722 = PCURVE('',#72,#3723);
#3723 = DEFINITIONAL_REPRESENTATION('',(#3724),#3732);
#3724 = ( BOUNDED_CURVE() B_SPLINE_CURVE(2,(#3725,#3726,#3727,#3728,
#3729,#3730,#3731),.UNSPECIFIED.,.T.,.F.) B_SPLINE_CURVE_WITH_KNOTS((1,2
    ,2,2,2,1),(-2.094395102393,0.,2.094395102393,4.188790204786,
6.28318530718,8.377580409573),.UNSPECIFIED.) CURVE() 
GEOMETRIC_REPRESENTATION_ITEM() RATIONAL_B_SPLINE_CURVE((1.,0.5,1.,0.5,
1.,0.5,1.)) REPRESENTATION_ITEM('') );
#3725 = CARTESIAN_POINT('',(-73.3,130.2));
#3726 = CARTESIAN_POINT('',(-73.3,135.3961524227));
#3727 = CARTESIAN_POINT('',(-68.8,132.79807621135));
#3728 = CARTESIAN_POINT('',(-64.3,130.2));
#3729 = CARTESIAN_POINT('',(-68.8,127.60192378864));
#3730 = CARTESIAN_POINT('',(-73.3,125.00384757729));
#3731 = CARTESIAN_POINT('',(-73.3,130.2));
#3732 = ( GEOMETRIC_REPRESENTATION_CONTEXT(2) 
PARAMETRIC_REPRESENTATION_CONTEXT() REPRESENTATION_CONTEXT('2D SPACE',''
  ) );
#3733 = PCURVE('',#1991,#3734);
#3734 = DEFINITIONAL_REPRESENTATION('',(#3735),#3739);
#3735 = LINE('',#3736,#3737);
#3736 = CARTESIAN_POINT('',(-0.,0.1));
#3737 = VECTOR('',#3738,1.);
#3738 = DIRECTION('',(-1.,0.));
#3739 = ( GEOMETRIC_REPRESENTATION_CONTEXT(2) 
PARAMETRIC_REPRESENTATION_CONTEXT() REPRESENTATION_CONTEXT('2D SPACE',''
  ) );
#3740 = ORIENTED_EDGE('',*,*,#3741,.T.);
#3741 = EDGE_CURVE('',#3712,#3742,#3744,.T.);
#3742 = VERTEX_POINT('',#3743);
#3743 = CARTESIAN_POINT('',(103.25,127.2,0.));
#3744 = SURFACE_CURVE('',#3745,(#3749,#3756),.PCURVE_S1.);
#3745 = LINE('',#3746,#3747);
#3746 = CARTESIAN_POINT('',(124.4,127.2,0.));
#3747 = VECTOR('',#3748,1.);
#3748 = DIRECTION('',(1.,-0.,-0.));
#3749 = PCURVE('',#72,#3750);
#3750 = DEFINITIONAL_REPRESENTATION('',(#3751),#3755);
#3751 = LINE('',#3752,#3753);
#3752 = CARTESIAN_POINT('',(-21.15,127.2));
#3753 = VECTOR('',#3754,1.);
#3754 = DIRECTION('',(1.,-0.));
#3755 = ( GEOMETRIC_REPRESENTATION_CONTEXT(2) 
PARAMETRIC_REPRESENTATION_CONTEXT() REPRESENTATION_CONTEXT('2D SPACE',''
  ) );
#3756 = PCURVE('',#2019,#3757);
#3757 = DEFINITIONAL_REPRESENTATION('',(#3758),#3762);
#3758 = LINE('',#3759,#3760);
#3759 = CARTESIAN_POINT('',(-0.1,-21.15));
#3760 = VECTOR('',#3761,1.);
#3761 = DIRECTION('',(-0.,-1.));
#3762 = ( GEOMETRIC_REPRESENTATION_CONTEXT(2) 
PARAMETRIC_REPRESENTATION_CONTEXT() REPRESENTATION_CONTEXT('2D SPACE',''
  ) );
#3763 = ORIENTED_EDGE('',*,*,#3764,.F.);
#3764 = EDGE_CURVE('',#3765,#3742,#3767,.T.);
#3765 = VERTEX_POINT('',#3766);
#3766 = CARTESIAN_POINT('',(103.25,133.2,0.));
#3767 = SURFACE_CURVE('',#3768,(#3773,#3784),.PCURVE_S1.);
#3768 = CIRCLE('',#3769,3.);
#3769 = AXIS2_PLACEMENT_3D('',#3770,#3771,#3772);
#3770 = CARTESIAN_POINT('',(103.25,130.2,0.));
#3771 = DIRECTION('',(0.,0.,-1.));
#3772 = DIRECTION('',(-1.,-0.,-0.));
#3773 = PCURVE('',#72,#3774);
#3774 = DEFINITIONAL_REPRESENTATION('',(#3775),#3783);
#3775 = ( BOUNDED_CURVE() B_SPLINE_CURVE(2,(#3776,#3777,#3778,#3779,
#3780,#3781,#3782),.UNSPECIFIED.,.T.,.F.) B_SPLINE_CURVE_WITH_KNOTS((1,2
    ,2,2,2,1),(-2.094395102393,0.,2.094395102393,4.188790204786,
6.28318530718,8.377580409573),.UNSPECIFIED.) CURVE() 
GEOMETRIC_REPRESENTATION_ITEM() RATIONAL_B_SPLINE_CURVE((1.,0.5,1.,0.5,
1.,0.5,1.)) REPRESENTATION_ITEM('') );
#3776 = CARTESIAN_POINT('',(-45.3,130.2));
#3777 = CARTESIAN_POINT('',(-45.3,135.3961524227));
#3778 = CARTESIAN_POINT('',(-40.8,132.79807621135));
#3779 = CARTESIAN_POINT('',(-36.3,130.2));
#3780 = CARTESIAN_POINT('',(-40.8,127.60192378864));
#3781 = CARTESIAN_POINT('',(-45.3,125.00384757729));
#3782 = CARTESIAN_POINT('',(-45.3,130.2));
#3783 = ( GEOMETRIC_REPRESENTATION_CONTEXT(2) 
PARAMETRIC_REPRESENTATION_CONTEXT() REPRESENTATION_CONTEXT('2D SPACE',''
  ) );
#3784 = PCURVE('',#2052,#3785);
#3785 = DEFINITIONAL_REPRESENTATION('',(#3786),#3790);
#3786 = LINE('',#3787,#3788);
#3787 = CARTESIAN_POINT('',(-0.,0.1));
#3788 = VECTOR('',#3789,1.);
#3789 = DIRECTION('',(-1.,0.));
#3790 = ( GEOMETRIC_REPRESENTATION_CONTEXT(2) 
PARAMETRIC_REPRESENTATION_CONTEXT() REPRESENTATION_CONTEXT('2D SPACE',''
  ) );
#3791 = ORIENTED_EDGE('',*,*,#3792,.F.);
#3792 = EDGE_CURVE('',#3714,#3765,#3793,.T.);
#3793 = SURFACE_CURVE('',#3794,(#3798,#3805),.PCURVE_S1.);
#3794 = LINE('',#3795,#3796);
#3795 = CARTESIAN_POINT('',(124.4,133.2,0.));
#3796 = VECTOR('',#3797,1.);
#3797 = DIRECTION('',(1.,-0.,-0.));
#3798 = PCURVE('',#72,#3799);
#3799 = DEFINITIONAL_REPRESENTATION('',(#3800),#3804);
#3800 = LINE('',#3801,#3802);
#3801 = CARTESIAN_POINT('',(-21.15,133.2));
#3802 = VECTOR('',#3803,1.);
#3803 = DIRECTION('',(1.,-0.));
#3804 = ( GEOMETRIC_REPRESENTATION_CONTEXT(2) 
PARAMETRIC_REPRESENTATION_CONTEXT() REPRESENTATION_CONTEXT('2D SPACE',''
  ) );
#3805 = PCURVE('',#2078,#3806);
#3806 = DEFINITIONAL_REPRESENTATION('',(#3807),#3811);
#3807 = LINE('',#3808,#3809);
#3808 = CARTESIAN_POINT('',(-0.1,-21.15));
#3809 = VECTOR('',#3810,1.);
#3810 = DIRECTION('',(-0.,-1.));
#3811 = ( GEOMETRIC_REPRESENTATION_CONTEXT(2) 
PARAMETRIC_REPRESENTATION_CONTEXT() REPRESENTATION_CONTEXT('2D SPACE',''
  ) );
#3812 = FACE_BOUND('',#3813,.T.);
#3813 = EDGE_LOOP('',(#3814,#3844,#3867,#3895));
#3814 = ORIENTED_EDGE('',*,*,#3815,.F.);
#3815 = EDGE_CURVE('',#3816,#3818,#3820,.T.);
#3816 = VERTEX_POINT('',#3817);
#3817 = CARTESIAN_POINT('',(36.25,127.2,0.));
#3818 = VERTEX_POINT('',#3819);
#3819 = CARTESIAN_POINT('',(36.25,133.2,0.));
#3820 = SURFACE_CURVE('',#3821,(#3826,#3837),.PCURVE_S1.);
#3821 = CIRCLE('',#3822,3.);
#3822 = AXIS2_PLACEMENT_3D('',#3823,#3824,#3825);
#3823 = CARTESIAN_POINT('',(36.25,130.2,0.));
#3824 = DIRECTION('',(0.,0.,-1.));
#3825 = DIRECTION('',(-1.,-0.,-0.));
#3826 = PCURVE('',#72,#3827);
#3827 = DEFINITIONAL_REPRESENTATION('',(#3828),#3836);
#3828 = ( BOUNDED_CURVE() B_SPLINE_CURVE(2,(#3829,#3830,#3831,#3832,
#3833,#3834,#3835),.UNSPECIFIED.,.T.,.F.) B_SPLINE_CURVE_WITH_KNOTS((1,2
    ,2,2,2,1),(-2.094395102393,0.,2.094395102393,4.188790204786,
6.28318530718,8.377580409573),.UNSPECIFIED.) CURVE() 
GEOMETRIC_REPRESENTATION_ITEM() RATIONAL_B_SPLINE_CURVE((1.,0.5,1.,0.5,
1.,0.5,1.)) REPRESENTATION_ITEM('') );
#3829 = CARTESIAN_POINT('',(-112.3,130.2));
#3830 = CARTESIAN_POINT('',(-112.3,135.3961524227));
#3831 = CARTESIAN_POINT('',(-107.8,132.79807621135));
#3832 = CARTESIAN_POINT('',(-103.3,130.2));
#3833 = CARTESIAN_POINT('',(-107.8,127.60192378864));
#3834 = CARTESIAN_POINT('',(-112.3,125.00384757729));
#3835 = CARTESIAN_POINT('',(-112.3,130.2));
#3836 = ( GEOMETRIC_REPRESENTATION_CONTEXT(2) 
PARAMETRIC_REPRESENTATION_CONTEXT() REPRESENTATION_CONTEXT('2D SPACE',''
  ) );
#3837 = PCURVE('',#2353,#3838);
#3838 = DEFINITIONAL_REPRESENTATION('',(#3839),#3843);
#3839 = LINE('',#3840,#3841);
#3840 = CARTESIAN_POINT('',(-0.,0.1));
#3841 = VECTOR('',#3842,1.);
#3842 = DIRECTION('',(-1.,0.));
#3843 = ( GEOMETRIC_REPRESENTATION_CONTEXT(2) 
PARAMETRIC_REPRESENTATION_CONTEXT() REPRESENTATION_CONTEXT('2D SPACE',''
  ) );
#3844 = ORIENTED_EDGE('',*,*,#3845,.T.);
#3845 = EDGE_CURVE('',#3816,#3846,#3848,.T.);
#3846 = VERTEX_POINT('',#3847);
#3847 = CARTESIAN_POINT('',(64.25,127.2,0.));
#3848 = SURFACE_CURVE('',#3849,(#3853,#3860),.PCURVE_S1.);
#3849 = LINE('',#3850,#3851);
#3850 = CARTESIAN_POINT('',(104.9,127.2,0.));
#3851 = VECTOR('',#3852,1.);
#3852 = DIRECTION('',(1.,-0.,-0.));
#3853 = PCURVE('',#72,#3854);
#3854 = DEFINITIONAL_REPRESENTATION('',(#3855),#3859);
#3855 = LINE('',#3856,#3857);
#3856 = CARTESIAN_POINT('',(-40.65,127.2));
#3857 = VECTOR('',#3858,1.);
#3858 = DIRECTION('',(1.,-0.));
#3859 = ( GEOMETRIC_REPRESENTATION_CONTEXT(2) 
PARAMETRIC_REPRESENTATION_CONTEXT() REPRESENTATION_CONTEXT('2D SPACE',''
  ) );
#3860 = PCURVE('',#2381,#3861);
#3861 = DEFINITIONAL_REPRESENTATION('',(#3862),#3866);
#3862 = LINE('',#3863,#3864);
#3863 = CARTESIAN_POINT('',(-0.1,-40.65));
#3864 = VECTOR('',#3865,1.);
#3865 = DIRECTION('',(-0.,-1.));
#3866 = ( GEOMETRIC_REPRESENTATION_CONTEXT(2) 
PARAMETRIC_REPRESENTATION_CONTEXT() REPRESENTATION_CONTEXT('2D SPACE',''
  ) );
#3867 = ORIENTED_EDGE('',*,*,#3868,.F.);
#3868 = EDGE_CURVE('',#3869,#3846,#3871,.T.);
#3869 = VERTEX_POINT('',#3870);
#3870 = CARTESIAN_POINT('',(64.25,133.2,0.));
#3871 = SURFACE_CURVE('',#3872,(#3877,#3888),.PCURVE_S1.);
#3872 = CIRCLE('',#3873,3.);
#3873 = AXIS2_PLACEMENT_3D('',#3874,#3875,#3876);
#3874 = CARTESIAN_POINT('',(64.25,130.2,0.));
#3875 = DIRECTION('',(0.,0.,-1.));
#3876 = DIRECTION('',(-1.,-0.,-0.));
#3877 = PCURVE('',#72,#3878);
#3878 = DEFINITIONAL_REPRESENTATION('',(#3879),#3887);
#3879 = ( BOUNDED_CURVE() B_SPLINE_CURVE(2,(#3880,#3881,#3882,#3883,
#3884,#3885,#3886),.UNSPECIFIED.,.T.,.F.) B_SPLINE_CURVE_WITH_KNOTS((1,2
    ,2,2,2,1),(-2.094395102393,0.,2.094395102393,4.188790204786,
6.28318530718,8.377580409573),.UNSPECIFIED.) CURVE() 
GEOMETRIC_REPRESENTATION_ITEM() RATIONAL_B_SPLINE_CURVE((1.,0.5,1.,0.5,
1.,0.5,1.)) REPRESENTATION_ITEM('') );
#3880 = CARTESIAN_POINT('',(-84.3,130.2));
#3881 = CARTESIAN_POINT('',(-84.3,135.3961524227));
#3882 = CARTESIAN_POINT('',(-79.8,132.79807621135));
#3883 = CARTESIAN_POINT('',(-75.3,130.2));
#3884 = CARTESIAN_POINT('',(-79.8,127.60192378864));
#3885 = CARTESIAN_POINT('',(-84.3,125.00384757729));
#3886 = CARTESIAN_POINT('',(-84.3,130.2));
#3887 = ( GEOMETRIC_REPRESENTATION_CONTEXT(2) 
PARAMETRIC_REPRESENTATION_CONTEXT() REPRESENTATION_CONTEXT('2D SPACE',''
  ) );
#3888 = PCURVE('',#2414,#3889);
#3889 = DEFINITIONAL_REPRESENTATION('',(#3890),#3894);
#3890 = LINE('',#3891,#3892);
#3891 = CARTESIAN_POINT('',(-0.,0.1));
#3892 = VECTOR('',#3893,1.);
#3893 = DIRECTION('',(-1.,0.));
#3894 = ( GEOMETRIC_REPRESENTATION_CONTEXT(2) 
PARAMETRIC_REPRESENTATION_CONTEXT() REPRESENTATION_CONTEXT('2D SPACE',''
  ) );
#3895 = ORIENTED_EDGE('',*,*,#3896,.F.);
#3896 = EDGE_CURVE('',#3818,#3869,#3897,.T.);
#3897 = SURFACE_CURVE('',#3898,(#3902,#3909),.PCURVE_S1.);
#3898 = LINE('',#3899,#3900);
#3899 = CARTESIAN_POINT('',(104.9,133.2,0.));
#3900 = VECTOR('',#3901,1.);
#3901 = DIRECTION('',(1.,-0.,-0.));
#3902 = PCURVE('',#72,#3903);
#3903 = DEFINITIONAL_REPRESENTATION('',(#3904),#3908);
#3904 = LINE('',#3905,#3906);
#3905 = CARTESIAN_POINT('',(-40.65,133.2));
#3906 = VECTOR('',#3907,1.);
#3907 = DIRECTION('',(1.,-0.));
#3908 = ( GEOMETRIC_REPRESENTATION_CONTEXT(2) 
PARAMETRIC_REPRESENTATION_CONTEXT() REPRESENTATION_CONTEXT('2D SPACE',''
  ) );
#3909 = PCURVE('',#2440,#3910);
#3910 = DEFINITIONAL_REPRESENTATION('',(#3911),#3915);
#3911 = LINE('',#3912,#3913);
#3912 = CARTESIAN_POINT('',(-0.1,-40.65));
#3913 = VECTOR('',#3914,1.);
#3914 = DIRECTION('',(-0.,-1.));
#3915 = ( GEOMETRIC_REPRESENTATION_CONTEXT(2) 
PARAMETRIC_REPRESENTATION_CONTEXT() REPRESENTATION_CONTEXT('2D SPACE',''
  ) );
#3916 = ADVANCED_FACE('',(#3917),#536,.T.);
#3917 = FACE_BOUND('',#3918,.F.);
#3918 = EDGE_LOOP('',(#3919,#3920,#3921,#3922));
#3919 = ORIENTED_EDGE('',*,*,#767,.F.);
#3920 = ORIENTED_EDGE('',*,*,#518,.F.);
#3921 = ORIENTED_EDGE('',*,*,#2995,.T.);
#3922 = ORIENTED_EDGE('',*,*,#3923,.T.);
#3923 = EDGE_CURVE('',#2996,#768,#3924,.T.);
#3924 = SURFACE_CURVE('',#3925,(#3929,#3936),.PCURVE_S1.);
#3925 = LINE('',#3926,#3927);
#3926 = CARTESIAN_POINT('',(4.,36.416,0.));
#3927 = VECTOR('',#3928,1.);
#3928 = DIRECTION('',(-0.,-0.,1.));
#3929 = PCURVE('',#536,#3930);
#3930 = DEFINITIONAL_REPRESENTATION('',(#3931),#3935);
#3931 = LINE('',#3932,#3933);
#3932 = CARTESIAN_POINT('',(-0.,-36.416));
#3933 = VECTOR('',#3934,1.);
#3934 = DIRECTION('',(-1.,-0.));
#3935 = ( GEOMETRIC_REPRESENTATION_CONTEXT(2) 
PARAMETRIC_REPRESENTATION_CONTEXT() REPRESENTATION_CONTEXT('2D SPACE',''
  ) );
#3936 = PCURVE('',#806,#3937);
#3937 = DEFINITIONAL_REPRESENTATION('',(#3938),#3942);
#3938 = LINE('',#3939,#3940);
#3939 = CARTESIAN_POINT('',(-4.472135955,0.));
#3940 = VECTOR('',#3941,1.);
#3941 = DIRECTION('',(-0.,-1.));
#3942 = ( GEOMETRIC_REPRESENTATION_CONTEXT(2) 
PARAMETRIC_REPRESENTATION_CONTEXT() REPRESENTATION_CONTEXT('2D SPACE',''
  ) );
#3943 = ADVANCED_FACE('',(#3944),#609,.F.);
#3944 = FACE_BOUND('',#3945,.T.);
#3945 = EDGE_LOOP('',(#3946,#3947,#3948,#3949));
#3946 = ORIENTED_EDGE('',*,*,#593,.T.);
#3947 = ORIENTED_EDGE('',*,*,#670,.T.);
#3948 = ORIENTED_EDGE('',*,*,#719,.T.);
#3949 = ORIENTED_EDGE('',*,*,#745,.F.);
#3950 = ADVANCED_FACE('',(#3951),#806,.T.);
#3951 = FACE_BOUND('',#3952,.F.);
#3952 = EDGE_LOOP('',(#3953,#3974,#3975,#3976));
#3953 = ORIENTED_EDGE('',*,*,#3954,.T.);
#3954 = EDGE_CURVE('',#3019,#791,#3955,.T.);
#3955 = SURFACE_CURVE('',#3956,(#3960,#3967),.PCURVE_S1.);
#3956 = LINE('',#3957,#3958);
#3957 = CARTESIAN_POINT('',(0.,34.416,0.));
#3958 = VECTOR('',#3959,1.);
#3959 = DIRECTION('',(-0.,-0.,1.));
#3960 = PCURVE('',#806,#3961);
#3961 = DEFINITIONAL_REPRESENTATION('',(#3962),#3966);
#3962 = LINE('',#3963,#3964);
#3963 = CARTESIAN_POINT('',(-0.,0.));
#3964 = VECTOR('',#3965,1.);
#3965 = DIRECTION('',(-0.,-1.));
#3966 = ( GEOMETRIC_REPRESENTATION_CONTEXT(2) 
PARAMETRIC_REPRESENTATION_CONTEXT() REPRESENTATION_CONTEXT('2D SPACE',''
  ) );
#3967 = PCURVE('',#834,#3968);
#3968 = DEFINITIONAL_REPRESENTATION('',(#3969),#3973);
#3969 = LINE('',#3970,#3971);
#3970 = CARTESIAN_POINT('',(-12.,0.));
#3971 = VECTOR('',#3972,1.);
#3972 = DIRECTION('',(-0.,-1.));
#3973 = ( GEOMETRIC_REPRESENTATION_CONTEXT(2) 
PARAMETRIC_REPRESENTATION_CONTEXT() REPRESENTATION_CONTEXT('2D SPACE',''
  ) );
#3974 = ORIENTED_EDGE('',*,*,#790,.T.);
#3975 = ORIENTED_EDGE('',*,*,#3923,.F.);
#3976 = ORIENTED_EDGE('',*,*,#3018,.F.);
#3977 = ADVANCED_FACE('',(#3978),#834,.T.);
#3978 = FACE_BOUND('',#3979,.F.);
#3979 = EDGE_LOOP('',(#3980,#4001,#4002,#4003));
#3980 = ORIENTED_EDGE('',*,*,#3981,.T.);
#3981 = EDGE_CURVE('',#3042,#819,#3982,.T.);
#3982 = SURFACE_CURVE('',#3983,(#3987,#3994),.PCURVE_S1.);
#3983 = LINE('',#3984,#3985);
#3984 = CARTESIAN_POINT('',(0.,46.416,0.));
#3985 = VECTOR('',#3986,1.);
#3986 = DIRECTION('',(-0.,-0.,1.));
#3987 = PCURVE('',#834,#3988);
#3988 = DEFINITIONAL_REPRESENTATION('',(#3989),#3993);
#3989 = LINE('',#3990,#3991);
#3990 = CARTESIAN_POINT('',(-0.,-0.));
#3991 = VECTOR('',#3992,1.);
#3992 = DIRECTION('',(-0.,-1.));
#3993 = ( GEOMETRIC_REPRESENTATION_CONTEXT(2) 
PARAMETRIC_REPRESENTATION_CONTEXT() REPRESENTATION_CONTEXT('2D SPACE',''
  ) );
#3994 = PCURVE('',#862,#3995);
#3995 = DEFINITIONAL_REPRESENTATION('',(#3996),#4000);
#3996 = LINE('',#3997,#3998);
#3997 = CARTESIAN_POINT('',(-4.472135955,0.));
#3998 = VECTOR('',#3999,1.);
#3999 = DIRECTION('',(-0.,-1.));
#4000 = ( GEOMETRIC_REPRESENTATION_CONTEXT(2) 
PARAMETRIC_REPRESENTATION_CONTEXT() REPRESENTATION_CONTEXT('2D SPACE',''
  ) );
#4001 = ORIENTED_EDGE('',*,*,#818,.T.);
#4002 = ORIENTED_EDGE('',*,*,#3954,.F.);
#4003 = ORIENTED_EDGE('',*,*,#3041,.F.);
#4004 = ADVANCED_FACE('',(#4005),#862,.T.);
#4005 = FACE_BOUND('',#4006,.F.);
#4006 = EDGE_LOOP('',(#4007,#4028,#4029,#4030));
#4007 = ORIENTED_EDGE('',*,*,#4008,.T.);
#4008 = EDGE_CURVE('',#3065,#847,#4009,.T.);
#4009 = SURFACE_CURVE('',#4010,(#4014,#4021),.PCURVE_S1.);
#4010 = LINE('',#4011,#4012);
#4011 = CARTESIAN_POINT('',(4.,44.416,0.));
#4012 = VECTOR('',#4013,1.);
#4013 = DIRECTION('',(-0.,-0.,1.));
#4014 = PCURVE('',#862,#4015);
#4015 = DEFINITIONAL_REPRESENTATION('',(#4016),#4020);
#4016 = LINE('',#4017,#4018);
#4017 = CARTESIAN_POINT('',(-0.,-0.));
#4018 = VECTOR('',#4019,1.);
#4019 = DIRECTION('',(-0.,-1.));
#4020 = ( GEOMETRIC_REPRESENTATION_CONTEXT(2) 
PARAMETRIC_REPRESENTATION_CONTEXT() REPRESENTATION_CONTEXT('2D SPACE',''
  ) );
#4021 = PCURVE('',#890,#4022);
#4022 = DEFINITIONAL_REPRESENTATION('',(#4023),#4027);
#4023 = LINE('',#4024,#4025);
#4024 = CARTESIAN_POINT('',(-0.,-44.416));
#4025 = VECTOR('',#4026,1.);
#4026 = DIRECTION('',(-1.,-0.));
#4027 = ( GEOMETRIC_REPRESENTATION_CONTEXT(2) 
PARAMETRIC_REPRESENTATION_CONTEXT() REPRESENTATION_CONTEXT('2D SPACE',''
  ) );
#4028 = ORIENTED_EDGE('',*,*,#846,.T.);
#4029 = ORIENTED_EDGE('',*,*,#3981,.F.);
#4030 = ORIENTED_EDGE('',*,*,#3064,.F.);
#4031 = ADVANCED_FACE('',(#4032),#890,.T.);
#4032 = FACE_BOUND('',#4033,.F.);
#4033 = EDGE_LOOP('',(#4034,#4035,#4036,#4037));
#4034 = ORIENTED_EDGE('',*,*,#874,.F.);
#4035 = ORIENTED_EDGE('',*,*,#4008,.F.);
#4036 = ORIENTED_EDGE('',*,*,#3087,.T.);
#4037 = ORIENTED_EDGE('',*,*,#4038,.T.);
#4038 = EDGE_CURVE('',#3088,#875,#4039,.T.);
#4039 = SURFACE_CURVE('',#4040,(#4044,#4051),.PCURVE_S1.);
#4040 = LINE('',#4041,#4042);
#4041 = CARTESIAN_POINT('',(4.,80.2,0.));
#4042 = VECTOR('',#4043,1.);
#4043 = DIRECTION('',(-0.,-0.,1.));
#4044 = PCURVE('',#890,#4045);
#4045 = DEFINITIONAL_REPRESENTATION('',(#4046),#4050);
#4046 = LINE('',#4047,#4048);
#4047 = CARTESIAN_POINT('',(-0.,-80.2));
#4048 = VECTOR('',#4049,1.);
#4049 = DIRECTION('',(-1.,-0.));
#4050 = ( GEOMETRIC_REPRESENTATION_CONTEXT(2) 
PARAMETRIC_REPRESENTATION_CONTEXT() REPRESENTATION_CONTEXT('2D SPACE',''
  ) );
#4051 = PCURVE('',#918,#4052);
#4052 = DEFINITIONAL_REPRESENTATION('',(#4053),#4057);
#4053 = LINE('',#4054,#4055);
#4054 = CARTESIAN_POINT('',(-4.472135955,0.));
#4055 = VECTOR('',#4056,1.);
#4056 = DIRECTION('',(-0.,-1.));
#4057 = ( GEOMETRIC_REPRESENTATION_CONTEXT(2) 
PARAMETRIC_REPRESENTATION_CONTEXT() REPRESENTATION_CONTEXT('2D SPACE',''
  ) );
#4058 = ADVANCED_FACE('',(#4059),#918,.T.);
#4059 = FACE_BOUND('',#4060,.F.);
#4060 = EDGE_LOOP('',(#4061,#4082,#4083,#4084));
#4061 = ORIENTED_EDGE('',*,*,#4062,.T.);
#4062 = EDGE_CURVE('',#3111,#903,#4063,.T.);
#4063 = SURFACE_CURVE('',#4064,(#4068,#4075),.PCURVE_S1.);
#4064 = LINE('',#4065,#4066);
#4065 = CARTESIAN_POINT('',(0.,78.2,0.));
#4066 = VECTOR('',#4067,1.);
#4067 = DIRECTION('',(-0.,-0.,1.));
#4068 = PCURVE('',#918,#4069);
#4069 = DEFINITIONAL_REPRESENTATION('',(#4070),#4074);
#4070 = LINE('',#4071,#4072);
#4071 = CARTESIAN_POINT('',(-0.,0.));
#4072 = VECTOR('',#4073,1.);
#4073 = DIRECTION('',(-0.,-1.));
#4074 = ( GEOMETRIC_REPRESENTATION_CONTEXT(2) 
PARAMETRIC_REPRESENTATION_CONTEXT() REPRESENTATION_CONTEXT('2D SPACE',''
  ) );
#4075 = PCURVE('',#946,#4076);
#4076 = DEFINITIONAL_REPRESENTATION('',(#4077),#4081);
#4077 = LINE('',#4078,#4079);
#4078 = CARTESIAN_POINT('',(-12.,0.));
#4079 = VECTOR('',#4080,1.);
#4080 = DIRECTION('',(-0.,-1.));
#4081 = ( GEOMETRIC_REPRESENTATION_CONTEXT(2) 
PARAMETRIC_REPRESENTATION_CONTEXT() REPRESENTATION_CONTEXT('2D SPACE',''
  ) );
#4082 = ORIENTED_EDGE('',*,*,#902,.T.);
#4083 = ORIENTED_EDGE('',*,*,#4038,.F.);
#4084 = ORIENTED_EDGE('',*,*,#3110,.F.);
#4085 = ADVANCED_FACE('',(#4086),#946,.T.);
#4086 = FACE_BOUND('',#4087,.F.);
#4087 = EDGE_LOOP('',(#4088,#4109,#4110,#4111));
#4088 = ORIENTED_EDGE('',*,*,#4089,.T.);
#4089 = EDGE_CURVE('',#3134,#931,#4090,.T.);
#4090 = SURFACE_CURVE('',#4091,(#4095,#4102),.PCURVE_S1.);
#4091 = LINE('',#4092,#4093);
#4092 = CARTESIAN_POINT('',(0.,90.2,0.));
#4093 = VECTOR('',#4094,1.);
#4094 = DIRECTION('',(-0.,-0.,1.));
#4095 = PCURVE('',#946,#4096);
#4096 = DEFINITIONAL_REPRESENTATION('',(#4097),#4101);
#4097 = LINE('',#4098,#4099);
#4098 = CARTESIAN_POINT('',(-0.,-0.));
#4099 = VECTOR('',#4100,1.);
#4100 = DIRECTION('',(-0.,-1.));
#4101 = ( GEOMETRIC_REPRESENTATION_CONTEXT(2) 
PARAMETRIC_REPRESENTATION_CONTEXT() REPRESENTATION_CONTEXT('2D SPACE',''
  ) );
#4102 = PCURVE('',#974,#4103);
#4103 = DEFINITIONAL_REPRESENTATION('',(#4104),#4108);
#4104 = LINE('',#4105,#4106);
#4105 = CARTESIAN_POINT('',(-4.472135955,0.));
#4106 = VECTOR('',#4107,1.);
#4107 = DIRECTION('',(-0.,-1.));
#4108 = ( GEOMETRIC_REPRESENTATION_CONTEXT(2) 
PARAMETRIC_REPRESENTATION_CONTEXT() REPRESENTATION_CONTEXT('2D SPACE',''
  ) );
#4109 = ORIENTED_EDGE('',*,*,#930,.T.);
#4110 = ORIENTED_EDGE('',*,*,#4062,.F.);
#4111 = ORIENTED_EDGE('',*,*,#3133,.F.);
#4112 = ADVANCED_FACE('',(#4113),#974,.T.);
#4113 = FACE_BOUND('',#4114,.F.);
#4114 = EDGE_LOOP('',(#4115,#4136,#4137,#4138));
#4115 = ORIENTED_EDGE('',*,*,#4116,.T.);
#4116 = EDGE_CURVE('',#3157,#959,#4117,.T.);
#4117 = SURFACE_CURVE('',#4118,(#4122,#4129),.PCURVE_S1.);
#4118 = LINE('',#4119,#4120);
#4119 = CARTESIAN_POINT('',(4.,88.2,0.));
#4120 = VECTOR('',#4121,1.);
#4121 = DIRECTION('',(-0.,-0.,1.));
#4122 = PCURVE('',#974,#4123);
#4123 = DEFINITIONAL_REPRESENTATION('',(#4124),#4128);
#4124 = LINE('',#4125,#4126);
#4125 = CARTESIAN_POINT('',(-0.,-0.));
#4126 = VECTOR('',#4127,1.);
#4127 = DIRECTION('',(-0.,-1.));
#4128 = ( GEOMETRIC_REPRESENTATION_CONTEXT(2) 
PARAMETRIC_REPRESENTATION_CONTEXT() REPRESENTATION_CONTEXT('2D SPACE',''
  ) );
#4129 = PCURVE('',#1002,#4130);
#4130 = DEFINITIONAL_REPRESENTATION('',(#4131),#4135);
#4131 = LINE('',#4132,#4133);
#4132 = CARTESIAN_POINT('',(-0.,-88.2));
#4133 = VECTOR('',#4134,1.);
#4134 = DIRECTION('',(-1.,-0.));
#4135 = ( GEOMETRIC_REPRESENTATION_CONTEXT(2) 
PARAMETRIC_REPRESENTATION_CONTEXT() REPRESENTATION_CONTEXT('2D SPACE',''
  ) );
#4136 = ORIENTED_EDGE('',*,*,#958,.T.);
#4137 = ORIENTED_EDGE('',*,*,#4089,.F.);
#4138 = ORIENTED_EDGE('',*,*,#3156,.F.);
#4139 = ADVANCED_FACE('',(#4140),#1002,.T.);
#4140 = FACE_BOUND('',#4141,.F.);
#4141 = EDGE_LOOP('',(#4142,#4143,#4144,#4145));
#4142 = ORIENTED_EDGE('',*,*,#986,.F.);
#4143 = ORIENTED_EDGE('',*,*,#4116,.F.);
#4144 = ORIENTED_EDGE('',*,*,#3179,.T.);
#4145 = ORIENTED_EDGE('',*,*,#4146,.T.);
#4146 = EDGE_CURVE('',#3180,#987,#4147,.T.);
#4147 = SURFACE_CURVE('',#4148,(#4152,#4159),.PCURVE_S1.);
#4148 = LINE('',#4149,#4150);
#4149 = CARTESIAN_POINT('',(4.,123.984,0.));
#4150 = VECTOR('',#4151,1.);
#4151 = DIRECTION('',(-0.,-0.,1.));
#4152 = PCURVE('',#1002,#4153);
#4153 = DEFINITIONAL_REPRESENTATION('',(#4154),#4158);
#4154 = LINE('',#4155,#4156);
#4155 = CARTESIAN_POINT('',(-0.,-123.984));
#4156 = VECTOR('',#4157,1.);
#4157 = DIRECTION('',(-1.,-0.));
#4158 = ( GEOMETRIC_REPRESENTATION_CONTEXT(2) 
PARAMETRIC_REPRESENTATION_CONTEXT() REPRESENTATION_CONTEXT('2D SPACE',''
  ) );
#4159 = PCURVE('',#1030,#4160);
#4160 = DEFINITIONAL_REPRESENTATION('',(#4161),#4165);
#4161 = LINE('',#4162,#4163);
#4162 = CARTESIAN_POINT('',(-4.472135955,0.));
#4163 = VECTOR('',#4164,1.);
#4164 = DIRECTION('',(-0.,-1.));
#4165 = ( GEOMETRIC_REPRESENTATION_CONTEXT(2) 
PARAMETRIC_REPRESENTATION_CONTEXT() REPRESENTATION_CONTEXT('2D SPACE',''
  ) );
#4166 = ADVANCED_FACE('',(#4167),#1114,.T.);
#4167 = FACE_BOUND('',#4168,.F.);
#4168 = EDGE_LOOP('',(#4169,#4170,#4191,#4192));
#4169 = ORIENTED_EDGE('',*,*,#1098,.F.);
#4170 = ORIENTED_EDGE('',*,*,#4171,.F.);
#4171 = EDGE_CURVE('',#3249,#1071,#4172,.T.);
#4172 = SURFACE_CURVE('',#4173,(#4177,#4184),.PCURVE_S1.);
#4173 = LINE('',#4174,#4175);
#4174 = CARTESIAN_POINT('',(4.,131.984,0.));
#4175 = VECTOR('',#4176,1.);
#4176 = DIRECTION('',(-0.,-0.,1.));
#4177 = PCURVE('',#1114,#4178);
#4178 = DEFINITIONAL_REPRESENTATION('',(#4179),#4183);
#4179 = LINE('',#4180,#4181);
#4180 = CARTESIAN_POINT('',(-0.,-131.984));
#4181 = VECTOR('',#4182,1.);
#4182 = DIRECTION('',(-1.,-0.));
#4183 = ( GEOMETRIC_REPRESENTATION_CONTEXT(2) 
PARAMETRIC_REPRESENTATION_CONTEXT() REPRESENTATION_CONTEXT('2D SPACE',''
  ) );
#4184 = PCURVE('',#1086,#4185);
#4185 = DEFINITIONAL_REPRESENTATION('',(#4186),#4190);
#4186 = LINE('',#4187,#4188);
#4187 = CARTESIAN_POINT('',(-0.,-0.));
#4188 = VECTOR('',#4189,1.);
#4189 = DIRECTION('',(-0.,-1.));
#4190 = ( GEOMETRIC_REPRESENTATION_CONTEXT(2) 
PARAMETRIC_REPRESENTATION_CONTEXT() REPRESENTATION_CONTEXT('2D SPACE',''
  ) );
#4191 = ORIENTED_EDGE('',*,*,#3271,.T.);
#4192 = ORIENTED_EDGE('',*,*,#2969,.T.);
#4193 = ADVANCED_FACE('',(#4194),#1187,.F.);
#4194 = FACE_BOUND('',#4195,.T.);
#4195 = EDGE_LOOP('',(#4196,#4197,#4198,#4199));
#4196 = ORIENTED_EDGE('',*,*,#2844,.F.);
#4197 = ORIENTED_EDGE('',*,*,#2893,.T.);
#4198 = ORIENTED_EDGE('',*,*,#2920,.T.);
#4199 = ORIENTED_EDGE('',*,*,#1171,.F.);
#4200 = ADVANCED_FACE('',(#4201),#1260,.F.);
#4201 = FACE_BOUND('',#4202,.T.);
#4202 = EDGE_LOOP('',(#4203,#4204,#4205,#4206));
#4203 = ORIENTED_EDGE('',*,*,#2719,.F.);
#4204 = ORIENTED_EDGE('',*,*,#2768,.T.);
#4205 = ORIENTED_EDGE('',*,*,#2795,.T.);
#4206 = ORIENTED_EDGE('',*,*,#1244,.F.);
#4207 = ADVANCED_FACE('',(#4208),#1333,.F.);
#4208 = FACE_BOUND('',#4209,.T.);
#4209 = EDGE_LOOP('',(#4210,#4211,#4212,#4213));
#4210 = ORIENTED_EDGE('',*,*,#2594,.F.);
#4211 = ORIENTED_EDGE('',*,*,#2643,.T.);
#4212 = ORIENTED_EDGE('',*,*,#2670,.T.);
#4213 = ORIENTED_EDGE('',*,*,#1317,.F.);
#4214 = ADVANCED_FACE('',(#4215),#1386,.F.);
#4215 = FACE_BOUND('',#4216,.T.);
#4216 = EDGE_LOOP('',(#4217,#4240,#4241,#4264));
#4217 = ORIENTED_EDGE('',*,*,#4218,.F.);
#4218 = EDGE_CURVE('',#1369,#4219,#4221,.T.);
#4219 = VERTEX_POINT('',#4220);
#4220 = CARTESIAN_POINT('',(79.55,4.2,13.85));
#4221 = SURFACE_CURVE('',#4222,(#4226,#4233),.PCURVE_S1.);
#4222 = LINE('',#4223,#4224);
#4223 = CARTESIAN_POINT('',(79.55,4.2,2.5));
#4224 = VECTOR('',#4225,1.);
#4225 = DIRECTION('',(0.,0.,1.));
#4226 = PCURVE('',#1386,#4227);
#4227 = DEFINITIONAL_REPRESENTATION('',(#4228),#4232);
#4228 = LINE('',#4229,#4230);
#4229 = CARTESIAN_POINT('',(-0.,12.));
#4230 = VECTOR('',#4231,1.);
#4231 = DIRECTION('',(-1.,-0.));
#4232 = ( GEOMETRIC_REPRESENTATION_CONTEXT(2) 
PARAMETRIC_REPRESENTATION_CONTEXT() REPRESENTATION_CONTEXT('2D SPACE',''
  ) );
#4233 = PCURVE('',#1468,#4234);
#4234 = DEFINITIONAL_REPRESENTATION('',(#4235),#4239);
#4235 = LINE('',#4236,#4237);
#4236 = CARTESIAN_POINT('',(-0.,-0.));
#4237 = VECTOR('',#4238,1.);
#4238 = DIRECTION('',(-1.,-0.));
#4239 = ( GEOMETRIC_REPRESENTATION_CONTEXT(2) 
PARAMETRIC_REPRESENTATION_CONTEXT() REPRESENTATION_CONTEXT('2D SPACE',''
  ) );
#4240 = ORIENTED_EDGE('',*,*,#1368,.T.);
#4241 = ORIENTED_EDGE('',*,*,#4242,.T.);
#4242 = EDGE_CURVE('',#1371,#4243,#4245,.T.);
#4243 = VERTEX_POINT('',#4244);
#4244 = CARTESIAN_POINT('',(91.55,4.2,13.85));
#4245 = SURFACE_CURVE('',#4246,(#4250,#4257),.PCURVE_S1.);
#4246 = LINE('',#4247,#4248);
#4247 = CARTESIAN_POINT('',(91.55,4.2,2.5));
#4248 = VECTOR('',#4249,1.);
#4249 = DIRECTION('',(0.,0.,1.));
#4250 = PCURVE('',#1386,#4251);
#4251 = DEFINITIONAL_REPRESENTATION('',(#4252),#4256);
#4252 = LINE('',#4253,#4254);
#4253 = CARTESIAN_POINT('',(-0.,-0.));
#4254 = VECTOR('',#4255,1.);
#4255 = DIRECTION('',(-1.,-0.));
#4256 = ( GEOMETRIC_REPRESENTATION_CONTEXT(2) 
PARAMETRIC_REPRESENTATION_CONTEXT() REPRESENTATION_CONTEXT('2D SPACE',''
  ) );
#4257 = PCURVE('',#1414,#4258);
#4258 = DEFINITIONAL_REPRESENTATION('',(#4259),#4263);
#4259 = LINE('',#4260,#4261);
#4260 = CARTESIAN_POINT('',(-0.,-0.));
#4261 = VECTOR('',#4262,1.);
#4262 = DIRECTION('',(-1.,-0.));
#4263 = ( GEOMETRIC_REPRESENTATION_CONTEXT(2) 
PARAMETRIC_REPRESENTATION_CONTEXT() REPRESENTATION_CONTEXT('2D SPACE',''
  ) );
#4264 = ORIENTED_EDGE('',*,*,#4265,.T.);
#4265 = EDGE_CURVE('',#4243,#4219,#4266,.T.);
#4266 = SURFACE_CURVE('',#4267,(#4271,#4278),.PCURVE_S1.);
#4267 = LINE('',#4268,#4269);
#4268 = CARTESIAN_POINT('',(91.55,4.2,13.85));
#4269 = VECTOR('',#4270,1.);
#4270 = DIRECTION('',(-1.,-0.,0.));
#4271 = PCURVE('',#1386,#4272);
#4272 = DEFINITIONAL_REPRESENTATION('',(#4273),#4277);
#4273 = LINE('',#4274,#4275);
#4274 = CARTESIAN_POINT('',(-11.35,-0.));
#4275 = VECTOR('',#4276,1.);
#4276 = DIRECTION('',(-0.,1.));
#4277 = ( GEOMETRIC_REPRESENTATION_CONTEXT(2) 
PARAMETRIC_REPRESENTATION_CONTEXT() REPRESENTATION_CONTEXT('2D SPACE',''
  ) );
#4278 = PCURVE('',#4279,#4284);
#4279 = PLANE('',#4280);
#4280 = AXIS2_PLACEMENT_3D('',#4281,#4282,#4283);
#4281 = CARTESIAN_POINT('',(91.55,4.2,13.85));
#4282 = DIRECTION('',(0.,0.,1.));
#4283 = DIRECTION('',(1.,0.,0.));
#4284 = DEFINITIONAL_REPRESENTATION('',(#4285),#4289);
#4285 = LINE('',#4286,#4287);
#4286 = CARTESIAN_POINT('',(0.,-0.));
#4287 = VECTOR('',#4288,1.);
#4288 = DIRECTION('',(-1.,0.));
#4289 = ( GEOMETRIC_REPRESENTATION_CONTEXT(2) 
PARAMETRIC_REPRESENTATION_CONTEXT() REPRESENTATION_CONTEXT('2D SPACE',''
  ) );
#4290 = ADVANCED_FACE('',(#4291),#1414,.F.);
#4291 = FACE_BOUND('',#4292,.T.);
#4292 = EDGE_LOOP('',(#4293,#4294,#4295,#4318));
#4293 = ORIENTED_EDGE('',*,*,#4242,.F.);
#4294 = ORIENTED_EDGE('',*,*,#1398,.T.);
#4295 = ORIENTED_EDGE('',*,*,#4296,.T.);
#4296 = EDGE_CURVE('',#1399,#4297,#4299,.T.);
#4297 = VERTEX_POINT('',#4298);
#4298 = CARTESIAN_POINT('',(91.55,7.2,13.85));
#4299 = SURFACE_CURVE('',#4300,(#4304,#4311),.PCURVE_S1.);
#4300 = LINE('',#4301,#4302);
#4301 = CARTESIAN_POINT('',(91.55,7.2,2.5));
#4302 = VECTOR('',#4303,1.);
#4303 = DIRECTION('',(0.,0.,1.));
#4304 = PCURVE('',#1414,#4305);
#4305 = DEFINITIONAL_REPRESENTATION('',(#4306),#4310);
#4306 = LINE('',#4307,#4308);
#4307 = CARTESIAN_POINT('',(-0.,-3.));
#4308 = VECTOR('',#4309,1.);
#4309 = DIRECTION('',(-1.,-0.));
#4310 = ( GEOMETRIC_REPRESENTATION_CONTEXT(2) 
PARAMETRIC_REPRESENTATION_CONTEXT() REPRESENTATION_CONTEXT('2D SPACE',''
  ) );
#4311 = PCURVE('',#1442,#4312);
#4312 = DEFINITIONAL_REPRESENTATION('',(#4313),#4317);
#4313 = LINE('',#4314,#4315);
#4314 = CARTESIAN_POINT('',(-0.,-0.));
#4315 = VECTOR('',#4316,1.);
#4316 = DIRECTION('',(-1.,-0.));
#4317 = ( GEOMETRIC_REPRESENTATION_CONTEXT(2) 
PARAMETRIC_REPRESENTATION_CONTEXT() REPRESENTATION_CONTEXT('2D SPACE',''
  ) );
#4318 = ORIENTED_EDGE('',*,*,#4319,.F.);
#4319 = EDGE_CURVE('',#4243,#4297,#4320,.T.);
#4320 = SURFACE_CURVE('',#4321,(#4325,#4332),.PCURVE_S1.);
#4321 = LINE('',#4322,#4323);
#4322 = CARTESIAN_POINT('',(91.55,4.2,13.85));
#4323 = VECTOR('',#4324,1.);
#4324 = DIRECTION('',(0.,1.,0.));
#4325 = PCURVE('',#1414,#4326);
#4326 = DEFINITIONAL_REPRESENTATION('',(#4327),#4331);
#4327 = LINE('',#4328,#4329);
#4328 = CARTESIAN_POINT('',(-11.35,-0.));
#4329 = VECTOR('',#4330,1.);
#4330 = DIRECTION('',(-0.,-1.));
#4331 = ( GEOMETRIC_REPRESENTATION_CONTEXT(2) 
PARAMETRIC_REPRESENTATION_CONTEXT() REPRESENTATION_CONTEXT('2D SPACE',''
  ) );
#4332 = PCURVE('',#4279,#4333);
#4333 = DEFINITIONAL_REPRESENTATION('',(#4334),#4338);
#4334 = LINE('',#4335,#4336);
#4335 = CARTESIAN_POINT('',(0.,-0.));
#4336 = VECTOR('',#4337,1.);
#4337 = DIRECTION('',(0.,1.));
#4338 = ( GEOMETRIC_REPRESENTATION_CONTEXT(2) 
PARAMETRIC_REPRESENTATION_CONTEXT() REPRESENTATION_CONTEXT('2D SPACE',''
  ) );
#4339 = ADVANCED_FACE('',(#4340,#4388),#1442,.T.);
#4340 = FACE_BOUND('',#4341,.F.);
#4341 = EDGE_LOOP('',(#4342,#4365,#4366,#4367));
#4342 = ORIENTED_EDGE('',*,*,#4343,.F.);
#4343 = EDGE_CURVE('',#1427,#4344,#4346,.T.);
#4344 = VERTEX_POINT('',#4345);
#4345 = CARTESIAN_POINT('',(79.55,7.2,13.85));
#4346 = SURFACE_CURVE('',#4347,(#4351,#4358),.PCURVE_S1.);
#4347 = LINE('',#4348,#4349);
#4348 = CARTESIAN_POINT('',(79.55,7.2,2.5));
#4349 = VECTOR('',#4350,1.);
#4350 = DIRECTION('',(0.,0.,1.));
#4351 = PCURVE('',#1442,#4352);
#4352 = DEFINITIONAL_REPRESENTATION('',(#4353),#4357);
#4353 = LINE('',#4354,#4355);
#4354 = CARTESIAN_POINT('',(-0.,12.));
#4355 = VECTOR('',#4356,1.);
#4356 = DIRECTION('',(-1.,-0.));
#4357 = ( GEOMETRIC_REPRESENTATION_CONTEXT(2) 
PARAMETRIC_REPRESENTATION_CONTEXT() REPRESENTATION_CONTEXT('2D SPACE',''
  ) );
#4358 = PCURVE('',#1468,#4359);
#4359 = DEFINITIONAL_REPRESENTATION('',(#4360),#4364);
#4360 = LINE('',#4361,#4362);
#4361 = CARTESIAN_POINT('',(-0.,-3.));
#4362 = VECTOR('',#4363,1.);
#4363 = DIRECTION('',(-1.,-0.));
#4364 = ( GEOMETRIC_REPRESENTATION_CONTEXT(2) 
PARAMETRIC_REPRESENTATION_CONTEXT() REPRESENTATION_CONTEXT('2D SPACE',''
  ) );
#4365 = ORIENTED_EDGE('',*,*,#1426,.T.);
#4366 = ORIENTED_EDGE('',*,*,#4296,.T.);
#4367 = ORIENTED_EDGE('',*,*,#4368,.T.);
#4368 = EDGE_CURVE('',#4297,#4344,#4369,.T.);
#4369 = SURFACE_CURVE('',#4370,(#4374,#4381),.PCURVE_S1.);
#4370 = LINE('',#4371,#4372);
#4371 = CARTESIAN_POINT('',(91.55,7.2,13.85));
#4372 = VECTOR('',#4373,1.);
#4373 = DIRECTION('',(-1.,-0.,0.));
#4374 = PCURVE('',#1442,#4375);
#4375 = DEFINITIONAL_REPRESENTATION('',(#4376),#4380);
#4376 = LINE('',#4377,#4378);
#4377 = CARTESIAN_POINT('',(-11.35,-0.));
#4378 = VECTOR('',#4379,1.);
#4379 = DIRECTION('',(-0.,1.));
#4380 = ( GEOMETRIC_REPRESENTATION_CONTEXT(2) 
PARAMETRIC_REPRESENTATION_CONTEXT() REPRESENTATION_CONTEXT('2D SPACE',''
  ) );
#4381 = PCURVE('',#4279,#4382);
#4382 = DEFINITIONAL_REPRESENTATION('',(#4383),#4387);
#4383 = LINE('',#4384,#4385);
#4384 = CARTESIAN_POINT('',(0.,3.));
#4385 = VECTOR('',#4386,1.);
#4386 = DIRECTION('',(-1.,0.));
#4387 = ( GEOMETRIC_REPRESENTATION_CONTEXT(2) 
PARAMETRIC_REPRESENTATION_CONTEXT() REPRESENTATION_CONTEXT('2D SPACE',''
  ) );
#4388 = FACE_BOUND('',#4389,.F.);
#4389 = EDGE_LOOP('',(#4390,#4420,#4448,#4476));
#4390 = ORIENTED_EDGE('',*,*,#4391,.F.);
#4391 = EDGE_CURVE('',#4392,#4394,#4396,.T.);
#4392 = VERTEX_POINT('',#4393);
#4393 = CARTESIAN_POINT('',(88.55,7.2,13.25));
#4394 = VERTEX_POINT('',#4395);
#4395 = CARTESIAN_POINT('',(82.55,7.2,13.25));
#4396 = SURFACE_CURVE('',#4397,(#4401,#4408),.PCURVE_S1.);
#4397 = LINE('',#4398,#4399);
#4398 = CARTESIAN_POINT('',(90.05,7.2,13.25));
#4399 = VECTOR('',#4400,1.);
#4400 = DIRECTION('',(-1.,-0.,-0.));
#4401 = PCURVE('',#1442,#4402);
#4402 = DEFINITIONAL_REPRESENTATION('',(#4403),#4407);
#4403 = LINE('',#4404,#4405);
#4404 = CARTESIAN_POINT('',(-10.75,1.5));
#4405 = VECTOR('',#4406,1.);
#4406 = DIRECTION('',(-0.,1.));
#4407 = ( GEOMETRIC_REPRESENTATION_CONTEXT(2) 
PARAMETRIC_REPRESENTATION_CONTEXT() REPRESENTATION_CONTEXT('2D SPACE',''
  ) );
#4408 = PCURVE('',#4409,#4414);
#4409 = PLANE('',#4410);
#4410 = AXIS2_PLACEMENT_3D('',#4411,#4412,#4413);
#4411 = CARTESIAN_POINT('',(88.55,6.9,13.25));
#4412 = DIRECTION('',(0.,0.,1.));
#4413 = DIRECTION('',(1.,0.,0.));
#4414 = DEFINITIONAL_REPRESENTATION('',(#4415),#4419);
#4415 = LINE('',#4416,#4417);
#4416 = CARTESIAN_POINT('',(1.5,0.3));
#4417 = VECTOR('',#4418,1.);
#4418 = DIRECTION('',(-1.,0.));
#4419 = ( GEOMETRIC_REPRESENTATION_CONTEXT(2) 
PARAMETRIC_REPRESENTATION_CONTEXT() REPRESENTATION_CONTEXT('2D SPACE',''
  ) );
#4420 = ORIENTED_EDGE('',*,*,#4421,.T.);
#4421 = EDGE_CURVE('',#4392,#4422,#4424,.T.);
#4422 = VERTEX_POINT('',#4423);
#4423 = CARTESIAN_POINT('',(88.55,7.2,11.65));
#4424 = SURFACE_CURVE('',#4425,(#4429,#4436),.PCURVE_S1.);
#4425 = LINE('',#4426,#4427);
#4426 = CARTESIAN_POINT('',(88.55,7.2,7.075));
#4427 = VECTOR('',#4428,1.);
#4428 = DIRECTION('',(-0.,-0.,-1.));
#4429 = PCURVE('',#1442,#4430);
#4430 = DEFINITIONAL_REPRESENTATION('',(#4431),#4435);
#4431 = LINE('',#4432,#4433);
#4432 = CARTESIAN_POINT('',(-4.575,3.));
#4433 = VECTOR('',#4434,1.);
#4434 = DIRECTION('',(1.,-0.));
#4435 = ( GEOMETRIC_REPRESENTATION_CONTEXT(2) 
PARAMETRIC_REPRESENTATION_CONTEXT() REPRESENTATION_CONTEXT('2D SPACE',''
  ) );
#4436 = PCURVE('',#4437,#4442);
#4437 = PLANE('',#4438);
#4438 = AXIS2_PLACEMENT_3D('',#4439,#4440,#4441);
#4439 = CARTESIAN_POINT('',(88.55,6.9,11.65));
#4440 = DIRECTION('',(-1.,-0.,0.));
#4441 = DIRECTION('',(0.,-0.,-1.));
#4442 = DEFINITIONAL_REPRESENTATION('',(#4443),#4447);
#4443 = LINE('',#4444,#4445);
#4444 = CARTESIAN_POINT('',(4.575,-0.3));
#4445 = VECTOR('',#4446,1.);
#4446 = DIRECTION('',(1.,-0.));
#4447 = ( GEOMETRIC_REPRESENTATION_CONTEXT(2) 
PARAMETRIC_REPRESENTATION_CONTEXT() REPRESENTATION_CONTEXT('2D SPACE',''
  ) );
#4448 = ORIENTED_EDGE('',*,*,#4449,.T.);
#4449 = EDGE_CURVE('',#4422,#4450,#4452,.T.);
#4450 = VERTEX_POINT('',#4451);
#4451 = CARTESIAN_POINT('',(82.55,7.2,11.65));
#4452 = SURFACE_CURVE('',#4453,(#4457,#4464),.PCURVE_S1.);
#4453 = LINE('',#4454,#4455);
#4454 = CARTESIAN_POINT('',(90.05,7.2,11.65));
#4455 = VECTOR('',#4456,1.);
#4456 = DIRECTION('',(-1.,-0.,-0.));
#4457 = PCURVE('',#1442,#4458);
#4458 = DEFINITIONAL_REPRESENTATION('',(#4459),#4463);
#4459 = LINE('',#4460,#4461);
#4460 = CARTESIAN_POINT('',(-9.15,1.5));
#4461 = VECTOR('',#4462,1.);
#4462 = DIRECTION('',(-0.,1.));
#4463 = ( GEOMETRIC_REPRESENTATION_CONTEXT(2) 
PARAMETRIC_REPRESENTATION_CONTEXT() REPRESENTATION_CONTEXT('2D SPACE',''
  ) );
#4464 = PCURVE('',#4465,#4470);
#4465 = PLANE('',#4466);
#4466 = AXIS2_PLACEMENT_3D('',#4467,#4468,#4469);
#4467 = CARTESIAN_POINT('',(88.55,6.9,11.65));
#4468 = DIRECTION('',(0.,0.,1.));
#4469 = DIRECTION('',(1.,0.,0.));
#4470 = DEFINITIONAL_REPRESENTATION('',(#4471),#4475);
#4471 = LINE('',#4472,#4473);
#4472 = CARTESIAN_POINT('',(1.5,0.3));
#4473 = VECTOR('',#4474,1.);
#4474 = DIRECTION('',(-1.,0.));
#4475 = ( GEOMETRIC_REPRESENTATION_CONTEXT(2) 
PARAMETRIC_REPRESENTATION_CONTEXT() REPRESENTATION_CONTEXT('2D SPACE',''
  ) );
#4476 = ORIENTED_EDGE('',*,*,#4477,.F.);
#4477 = EDGE_CURVE('',#4394,#4450,#4478,.T.);
#4478 = SURFACE_CURVE('',#4479,(#4483,#4490),.PCURVE_S1.);
#4479 = LINE('',#4480,#4481);
#4480 = CARTESIAN_POINT('',(82.55,7.2,7.075));
#4481 = VECTOR('',#4482,1.);
#4482 = DIRECTION('',(-0.,-0.,-1.));
#4483 = PCURVE('',#1442,#4484);
#4484 = DEFINITIONAL_REPRESENTATION('',(#4485),#4489);
#4485 = LINE('',#4486,#4487);
#4486 = CARTESIAN_POINT('',(-4.575,9.));
#4487 = VECTOR('',#4488,1.);
#4488 = DIRECTION('',(1.,-0.));
#4489 = ( GEOMETRIC_REPRESENTATION_CONTEXT(2) 
PARAMETRIC_REPRESENTATION_CONTEXT() REPRESENTATION_CONTEXT('2D SPACE',''
  ) );
#4490 = PCURVE('',#4491,#4496);
#4491 = PLANE('',#4492);
#4492 = AXIS2_PLACEMENT_3D('',#4493,#4494,#4495);
#4493 = CARTESIAN_POINT('',(82.55,6.9,11.65));
#4494 = DIRECTION('',(-1.,-0.,0.));
#4495 = DIRECTION('',(0.,-0.,-1.));
#4496 = DEFINITIONAL_REPRESENTATION('',(#4497),#4501);
#4497 = LINE('',#4498,#4499);
#4498 = CARTESIAN_POINT('',(4.575,-0.3));
#4499 = VECTOR('',#4500,1.);
#4500 = DIRECTION('',(1.,-0.));
#4501 = ( GEOMETRIC_REPRESENTATION_CONTEXT(2) 
PARAMETRIC_REPRESENTATION_CONTEXT() REPRESENTATION_CONTEXT('2D SPACE',''
  ) );
#4502 = ADVANCED_FACE('',(#4503),#1468,.T.);
#4503 = FACE_BOUND('',#4504,.F.);
#4504 = EDGE_LOOP('',(#4505,#4506,#4507,#4508));
#4505 = ORIENTED_EDGE('',*,*,#4218,.F.);
#4506 = ORIENTED_EDGE('',*,*,#1454,.T.);
#4507 = ORIENTED_EDGE('',*,*,#4343,.T.);
#4508 = ORIENTED_EDGE('',*,*,#4509,.F.);
#4509 = EDGE_CURVE('',#4219,#4344,#4510,.T.);
#4510 = SURFACE_CURVE('',#4511,(#4515,#4522),.PCURVE_S1.);
#4511 = LINE('',#4512,#4513);
#4512 = CARTESIAN_POINT('',(79.55,4.2,13.85));
#4513 = VECTOR('',#4514,1.);
#4514 = DIRECTION('',(0.,1.,0.));
#4515 = PCURVE('',#1468,#4516);
#4516 = DEFINITIONAL_REPRESENTATION('',(#4517),#4521);
#4517 = LINE('',#4518,#4519);
#4518 = CARTESIAN_POINT('',(-11.35,-0.));
#4519 = VECTOR('',#4520,1.);
#4520 = DIRECTION('',(-0.,-1.));
#4521 = ( GEOMETRIC_REPRESENTATION_CONTEXT(2) 
PARAMETRIC_REPRESENTATION_CONTEXT() REPRESENTATION_CONTEXT('2D SPACE',''
  ) );
#4522 = PCURVE('',#4279,#4523);
#4523 = DEFINITIONAL_REPRESENTATION('',(#4524),#4528);
#4524 = LINE('',#4525,#4526);
#4525 = CARTESIAN_POINT('',(-12.,0.));
#4526 = VECTOR('',#4527,1.);
#4527 = DIRECTION('',(0.,1.));
#4528 = ( GEOMETRIC_REPRESENTATION_CONTEXT(2) 
PARAMETRIC_REPRESENTATION_CONTEXT() REPRESENTATION_CONTEXT('2D SPACE',''
  ) );
#4529 = ADVANCED_FACE('',(#4530),#1505,.F.);
#4530 = FACE_BOUND('',#4531,.T.);
#4531 = EDGE_LOOP('',(#4532,#4533,#4554,#4555));
#4532 = ORIENTED_EDGE('',*,*,#3295,.T.);
#4533 = ORIENTED_EDGE('',*,*,#4534,.T.);
#4534 = EDGE_CURVE('',#3298,#1485,#4535,.T.);
#4535 = SURFACE_CURVE('',#4536,(#4540,#4547),.PCURVE_S1.);
#4536 = LINE('',#4537,#4538);
#4537 = CARTESIAN_POINT('',(75.25,32.2,-0.1));
#4538 = VECTOR('',#4539,1.);
#4539 = DIRECTION('',(0.,0.,1.));
#4540 = PCURVE('',#1505,#4541);
#4541 = DEFINITIONAL_REPRESENTATION('',(#4542),#4546);
#4542 = LINE('',#4543,#4544);
#4543 = CARTESIAN_POINT('',(-7.853981633974,0.));
#4544 = VECTOR('',#4545,1.);
#4545 = DIRECTION('',(-0.,1.));
#4546 = ( GEOMETRIC_REPRESENTATION_CONTEXT(2) 
PARAMETRIC_REPRESENTATION_CONTEXT() REPRESENTATION_CONTEXT('2D SPACE',''
  ) );
#4547 = PCURVE('',#1592,#4548);
#4548 = DEFINITIONAL_REPRESENTATION('',(#4549),#4553);
#4549 = LINE('',#4550,#4551);
#4550 = CARTESIAN_POINT('',(-0.,28.));
#4551 = VECTOR('',#4552,1.);
#4552 = DIRECTION('',(-1.,-0.));
#4553 = ( GEOMETRIC_REPRESENTATION_CONTEXT(2) 
PARAMETRIC_REPRESENTATION_CONTEXT() REPRESENTATION_CONTEXT('2D SPACE',''
  ) );
#4554 = ORIENTED_EDGE('',*,*,#1482,.F.);
#4555 = ORIENTED_EDGE('',*,*,#4556,.F.);
#4556 = EDGE_CURVE('',#3296,#1483,#4557,.T.);
#4557 = SURFACE_CURVE('',#4558,(#4562,#4569),.PCURVE_S1.);
#4558 = LINE('',#4559,#4560);
#4559 = CARTESIAN_POINT('',(75.25,26.2,-0.1));
#4560 = VECTOR('',#4561,1.);
#4561 = DIRECTION('',(0.,0.,1.));
#4562 = PCURVE('',#1505,#4563);
#4563 = DEFINITIONAL_REPRESENTATION('',(#4564),#4568);
#4564 = LINE('',#4565,#4566);
#4565 = CARTESIAN_POINT('',(-4.712388980385,0.));
#4566 = VECTOR('',#4567,1.);
#4567 = DIRECTION('',(-0.,1.));
#4568 = ( GEOMETRIC_REPRESENTATION_CONTEXT(2) 
PARAMETRIC_REPRESENTATION_CONTEXT() REPRESENTATION_CONTEXT('2D SPACE',''
  ) );
#4569 = PCURVE('',#1533,#4570);
#4570 = DEFINITIONAL_REPRESENTATION('',(#4571),#4575);
#4571 = LINE('',#4572,#4573);
#4572 = CARTESIAN_POINT('',(-0.,28.));
#4573 = VECTOR('',#4574,1.);
#4574 = DIRECTION('',(-1.,-0.));
#4575 = ( GEOMETRIC_REPRESENTATION_CONTEXT(2) 
PARAMETRIC_REPRESENTATION_CONTEXT() REPRESENTATION_CONTEXT('2D SPACE',''
  ) );
#4576 = ADVANCED_FACE('',(#4577),#1533,.T.);
#4577 = FACE_BOUND('',#4578,.F.);
#4578 = EDGE_LOOP('',(#4579,#4580,#4581,#4602));
#4579 = ORIENTED_EDGE('',*,*,#4556,.F.);
#4580 = ORIENTED_EDGE('',*,*,#3325,.T.);
#4581 = ORIENTED_EDGE('',*,*,#4582,.T.);
#4582 = EDGE_CURVE('',#3326,#1518,#4583,.T.);
#4583 = SURFACE_CURVE('',#4584,(#4588,#4595),.PCURVE_S1.);
#4584 = LINE('',#4585,#4586);
#4585 = CARTESIAN_POINT('',(103.25,26.2,-0.1));
#4586 = VECTOR('',#4587,1.);
#4587 = DIRECTION('',(0.,0.,1.));
#4588 = PCURVE('',#1533,#4589);
#4589 = DEFINITIONAL_REPRESENTATION('',(#4590),#4594);
#4590 = LINE('',#4591,#4592);
#4591 = CARTESIAN_POINT('',(-0.,-0.));
#4592 = VECTOR('',#4593,1.);
#4593 = DIRECTION('',(-1.,-0.));
#4594 = ( GEOMETRIC_REPRESENTATION_CONTEXT(2) 
PARAMETRIC_REPRESENTATION_CONTEXT() REPRESENTATION_CONTEXT('2D SPACE',''
  ) );
#4595 = PCURVE('',#1566,#4596);
#4596 = DEFINITIONAL_REPRESENTATION('',(#4597),#4601);
#4597 = LINE('',#4598,#4599);
#4598 = CARTESIAN_POINT('',(-4.712388980385,0.));
#4599 = VECTOR('',#4600,1.);
#4600 = DIRECTION('',(-0.,1.));
#4601 = ( GEOMETRIC_REPRESENTATION_CONTEXT(2) 
PARAMETRIC_REPRESENTATION_CONTEXT() REPRESENTATION_CONTEXT('2D SPACE',''
  ) );
#4602 = ORIENTED_EDGE('',*,*,#1517,.F.);
#4603 = ADVANCED_FACE('',(#4604),#1566,.F.);
#4604 = FACE_BOUND('',#4605,.T.);
#4605 = EDGE_LOOP('',(#4606,#4607,#4628,#4629));
#4606 = ORIENTED_EDGE('',*,*,#1545,.F.);
#4607 = ORIENTED_EDGE('',*,*,#4608,.F.);
#4608 = EDGE_CURVE('',#3349,#1546,#4609,.T.);
#4609 = SURFACE_CURVE('',#4610,(#4614,#4621),.PCURVE_S1.);
#4610 = LINE('',#4611,#4612);
#4611 = CARTESIAN_POINT('',(103.25,32.2,-0.1));
#4612 = VECTOR('',#4613,1.);
#4613 = DIRECTION('',(0.,0.,1.));
#4614 = PCURVE('',#1566,#4615);
#4615 = DEFINITIONAL_REPRESENTATION('',(#4616),#4620);
#4616 = LINE('',#4617,#4618);
#4617 = CARTESIAN_POINT('',(-1.570796326795,0.));
#4618 = VECTOR('',#4619,1.);
#4619 = DIRECTION('',(-0.,1.));
#4620 = ( GEOMETRIC_REPRESENTATION_CONTEXT(2) 
PARAMETRIC_REPRESENTATION_CONTEXT() REPRESENTATION_CONTEXT('2D SPACE',''
  ) );
#4621 = PCURVE('',#1592,#4622);
#4622 = DEFINITIONAL_REPRESENTATION('',(#4623),#4627);
#4623 = LINE('',#4624,#4625);
#4624 = CARTESIAN_POINT('',(-0.,-0.));
#4625 = VECTOR('',#4626,1.);
#4626 = DIRECTION('',(-1.,-0.));
#4627 = ( GEOMETRIC_REPRESENTATION_CONTEXT(2) 
PARAMETRIC_REPRESENTATION_CONTEXT() REPRESENTATION_CONTEXT('2D SPACE',''
  ) );
#4628 = ORIENTED_EDGE('',*,*,#3348,.T.);
#4629 = ORIENTED_EDGE('',*,*,#4582,.T.);
#4630 = ADVANCED_FACE('',(#4631),#1592,.F.);
#4631 = FACE_BOUND('',#4632,.T.);
#4632 = EDGE_LOOP('',(#4633,#4634,#4635,#4636));
#4633 = ORIENTED_EDGE('',*,*,#4534,.F.);
#4634 = ORIENTED_EDGE('',*,*,#3376,.T.);
#4635 = ORIENTED_EDGE('',*,*,#4608,.T.);
#4636 = ORIENTED_EDGE('',*,*,#1578,.F.);
#4637 = ADVANCED_FACE('',(#4638),#1624,.F.);
#4638 = FACE_BOUND('',#4639,.T.);
#4639 = EDGE_LOOP('',(#4640,#4663,#4664,#4687));
#4640 = ORIENTED_EDGE('',*,*,#4641,.F.);
#4641 = EDGE_CURVE('',#1607,#4642,#4644,.T.);
#4642 = VERTEX_POINT('',#4643);
#4643 = CARTESIAN_POINT('',(79.55,54.2,13.85));
#4644 = SURFACE_CURVE('',#4645,(#4649,#4656),.PCURVE_S1.);
#4645 = LINE('',#4646,#4647);
#4646 = CARTESIAN_POINT('',(79.55,54.2,2.5));
#4647 = VECTOR('',#4648,1.);
#4648 = DIRECTION('',(0.,0.,1.));
#4649 = PCURVE('',#1624,#4650);
#4650 = DEFINITIONAL_REPRESENTATION('',(#4651),#4655);
#4651 = LINE('',#4652,#4653);
#4652 = CARTESIAN_POINT('',(-0.,12.));
#4653 = VECTOR('',#4654,1.);
#4654 = DIRECTION('',(-1.,-0.));
#4655 = ( GEOMETRIC_REPRESENTATION_CONTEXT(2) 
PARAMETRIC_REPRESENTATION_CONTEXT() REPRESENTATION_CONTEXT('2D SPACE',''
  ) );
#4656 = PCURVE('',#1706,#4657);
#4657 = DEFINITIONAL_REPRESENTATION('',(#4658),#4662);
#4658 = LINE('',#4659,#4660);
#4659 = CARTESIAN_POINT('',(-0.,-0.));
#4660 = VECTOR('',#4661,1.);
#4661 = DIRECTION('',(-1.,-0.));
#4662 = ( GEOMETRIC_REPRESENTATION_CONTEXT(2) 
PARAMETRIC_REPRESENTATION_CONTEXT() REPRESENTATION_CONTEXT('2D SPACE',''
  ) );
#4663 = ORIENTED_EDGE('',*,*,#1606,.T.);
#4664 = ORIENTED_EDGE('',*,*,#4665,.T.);
#4665 = EDGE_CURVE('',#1609,#4666,#4668,.T.);
#4666 = VERTEX_POINT('',#4667);
#4667 = CARTESIAN_POINT('',(91.55,54.2,13.85));
#4668 = SURFACE_CURVE('',#4669,(#4673,#4680),.PCURVE_S1.);
#4669 = LINE('',#4670,#4671);
#4670 = CARTESIAN_POINT('',(91.55,54.2,2.5));
#4671 = VECTOR('',#4672,1.);
#4672 = DIRECTION('',(0.,0.,1.));
#4673 = PCURVE('',#1624,#4674);
#4674 = DEFINITIONAL_REPRESENTATION('',(#4675),#4679);
#4675 = LINE('',#4676,#4677);
#4676 = CARTESIAN_POINT('',(-0.,-0.));
#4677 = VECTOR('',#4678,1.);
#4678 = DIRECTION('',(-1.,-0.));
#4679 = ( GEOMETRIC_REPRESENTATION_CONTEXT(2) 
PARAMETRIC_REPRESENTATION_CONTEXT() REPRESENTATION_CONTEXT('2D SPACE',''
  ) );
#4680 = PCURVE('',#1652,#4681);
#4681 = DEFINITIONAL_REPRESENTATION('',(#4682),#4686);
#4682 = LINE('',#4683,#4684);
#4683 = CARTESIAN_POINT('',(-0.,-0.));
#4684 = VECTOR('',#4685,1.);
#4685 = DIRECTION('',(-1.,-0.));
#4686 = ( GEOMETRIC_REPRESENTATION_CONTEXT(2) 
PARAMETRIC_REPRESENTATION_CONTEXT() REPRESENTATION_CONTEXT('2D SPACE',''
  ) );
#4687 = ORIENTED_EDGE('',*,*,#4688,.T.);
#4688 = EDGE_CURVE('',#4666,#4642,#4689,.T.);
#4689 = SURFACE_CURVE('',#4690,(#4694,#4701),.PCURVE_S1.);
#4690 = LINE('',#4691,#4692);
#4691 = CARTESIAN_POINT('',(91.55,54.2,13.85));
#4692 = VECTOR('',#4693,1.);
#4693 = DIRECTION('',(-1.,-0.,0.));
#4694 = PCURVE('',#1624,#4695);
#4695 = DEFINITIONAL_REPRESENTATION('',(#4696),#4700);
#4696 = LINE('',#4697,#4698);
#4697 = CARTESIAN_POINT('',(-11.35,-0.));
#4698 = VECTOR('',#4699,1.);
#4699 = DIRECTION('',(-0.,1.));
#4700 = ( GEOMETRIC_REPRESENTATION_CONTEXT(2) 
PARAMETRIC_REPRESENTATION_CONTEXT() REPRESENTATION_CONTEXT('2D SPACE',''
  ) );
#4701 = PCURVE('',#4702,#4707);
#4702 = PLANE('',#4703);
#4703 = AXIS2_PLACEMENT_3D('',#4704,#4705,#4706);
#4704 = CARTESIAN_POINT('',(91.55,54.2,13.85));
#4705 = DIRECTION('',(0.,0.,1.));
#4706 = DIRECTION('',(1.,0.,0.));
#4707 = DEFINITIONAL_REPRESENTATION('',(#4708),#4712);
#4708 = LINE('',#4709,#4710);
#4709 = CARTESIAN_POINT('',(0.,-0.));
#4710 = VECTOR('',#4711,1.);
#4711 = DIRECTION('',(-1.,0.));
#4712 = ( GEOMETRIC_REPRESENTATION_CONTEXT(2) 
PARAMETRIC_REPRESENTATION_CONTEXT() REPRESENTATION_CONTEXT('2D SPACE',''
  ) );
#4713 = ADVANCED_FACE('',(#4714),#1652,.F.);
#4714 = FACE_BOUND('',#4715,.T.);
#4715 = EDGE_LOOP('',(#4716,#4717,#4718,#4741));
#4716 = ORIENTED_EDGE('',*,*,#4665,.F.);
#4717 = ORIENTED_EDGE('',*,*,#1636,.T.);
#4718 = ORIENTED_EDGE('',*,*,#4719,.T.);
#4719 = EDGE_CURVE('',#1637,#4720,#4722,.T.);
#4720 = VERTEX_POINT('',#4721);
#4721 = CARTESIAN_POINT('',(91.55,57.2,13.85));
#4722 = SURFACE_CURVE('',#4723,(#4727,#4734),.PCURVE_S1.);
#4723 = LINE('',#4724,#4725);
#4724 = CARTESIAN_POINT('',(91.55,57.2,2.5));
#4725 = VECTOR('',#4726,1.);
#4726 = DIRECTION('',(0.,0.,1.));
#4727 = PCURVE('',#1652,#4728);
#4728 = DEFINITIONAL_REPRESENTATION('',(#4729),#4733);
#4729 = LINE('',#4730,#4731);
#4730 = CARTESIAN_POINT('',(-0.,-3.));
#4731 = VECTOR('',#4732,1.);
#4732 = DIRECTION('',(-1.,-0.));
#4733 = ( GEOMETRIC_REPRESENTATION_CONTEXT(2) 
PARAMETRIC_REPRESENTATION_CONTEXT() REPRESENTATION_CONTEXT('2D SPACE',''
  ) );
#4734 = PCURVE('',#1680,#4735);
#4735 = DEFINITIONAL_REPRESENTATION('',(#4736),#4740);
#4736 = LINE('',#4737,#4738);
#4737 = CARTESIAN_POINT('',(-0.,-0.));
#4738 = VECTOR('',#4739,1.);
#4739 = DIRECTION('',(-1.,-0.));
#4740 = ( GEOMETRIC_REPRESENTATION_CONTEXT(2) 
PARAMETRIC_REPRESENTATION_CONTEXT() REPRESENTATION_CONTEXT('2D SPACE',''
  ) );
#4741 = ORIENTED_EDGE('',*,*,#4742,.F.);
#4742 = EDGE_CURVE('',#4666,#4720,#4743,.T.);
#4743 = SURFACE_CURVE('',#4744,(#4748,#4755),.PCURVE_S1.);
#4744 = LINE('',#4745,#4746);
#4745 = CARTESIAN_POINT('',(91.55,54.2,13.85));
#4746 = VECTOR('',#4747,1.);
#4747 = DIRECTION('',(0.,1.,0.));
#4748 = PCURVE('',#1652,#4749);
#4749 = DEFINITIONAL_REPRESENTATION('',(#4750),#4754);
#4750 = LINE('',#4751,#4752);
#4751 = CARTESIAN_POINT('',(-11.35,-0.));
#4752 = VECTOR('',#4753,1.);
#4753 = DIRECTION('',(-0.,-1.));
#4754 = ( GEOMETRIC_REPRESENTATION_CONTEXT(2) 
PARAMETRIC_REPRESENTATION_CONTEXT() REPRESENTATION_CONTEXT('2D SPACE',''
  ) );
#4755 = PCURVE('',#4702,#4756);
#4756 = DEFINITIONAL_REPRESENTATION('',(#4757),#4761);
#4757 = LINE('',#4758,#4759);
#4758 = CARTESIAN_POINT('',(0.,-0.));
#4759 = VECTOR('',#4760,1.);
#4760 = DIRECTION('',(0.,1.));
#4761 = ( GEOMETRIC_REPRESENTATION_CONTEXT(2) 
PARAMETRIC_REPRESENTATION_CONTEXT() REPRESENTATION_CONTEXT('2D SPACE',''
  ) );
#4762 = ADVANCED_FACE('',(#4763,#4811),#1680,.T.);
#4763 = FACE_BOUND('',#4764,.F.);
#4764 = EDGE_LOOP('',(#4765,#4788,#4789,#4790));
#4765 = ORIENTED_EDGE('',*,*,#4766,.F.);
#4766 = EDGE_CURVE('',#1665,#4767,#4769,.T.);
#4767 = VERTEX_POINT('',#4768);
#4768 = CARTESIAN_POINT('',(79.55,57.2,13.85));
#4769 = SURFACE_CURVE('',#4770,(#4774,#4781),.PCURVE_S1.);
#4770 = LINE('',#4771,#4772);
#4771 = CARTESIAN_POINT('',(79.55,57.2,2.5));
#4772 = VECTOR('',#4773,1.);
#4773 = DIRECTION('',(0.,0.,1.));
#4774 = PCURVE('',#1680,#4775);
#4775 = DEFINITIONAL_REPRESENTATION('',(#4776),#4780);
#4776 = LINE('',#4777,#4778);
#4777 = CARTESIAN_POINT('',(-0.,12.));
#4778 = VECTOR('',#4779,1.);
#4779 = DIRECTION('',(-1.,-0.));
#4780 = ( GEOMETRIC_REPRESENTATION_CONTEXT(2) 
PARAMETRIC_REPRESENTATION_CONTEXT() REPRESENTATION_CONTEXT('2D SPACE',''
  ) );
#4781 = PCURVE('',#1706,#4782);
#4782 = DEFINITIONAL_REPRESENTATION('',(#4783),#4787);
#4783 = LINE('',#4784,#4785);
#4784 = CARTESIAN_POINT('',(-0.,-3.));
#4785 = VECTOR('',#4786,1.);
#4786 = DIRECTION('',(-1.,-0.));
#4787 = ( GEOMETRIC_REPRESENTATION_CONTEXT(2) 
PARAMETRIC_REPRESENTATION_CONTEXT() REPRESENTATION_CONTEXT('2D SPACE',''
  ) );
#4788 = ORIENTED_EDGE('',*,*,#1664,.T.);
#4789 = ORIENTED_EDGE('',*,*,#4719,.T.);
#4790 = ORIENTED_EDGE('',*,*,#4791,.T.);
#4791 = EDGE_CURVE('',#4720,#4767,#4792,.T.);
#4792 = SURFACE_CURVE('',#4793,(#4797,#4804),.PCURVE_S1.);
#4793 = LINE('',#4794,#4795);
#4794 = CARTESIAN_POINT('',(91.55,57.2,13.85));
#4795 = VECTOR('',#4796,1.);
#4796 = DIRECTION('',(-1.,-0.,0.));
#4797 = PCURVE('',#1680,#4798);
#4798 = DEFINITIONAL_REPRESENTATION('',(#4799),#4803);
#4799 = LINE('',#4800,#4801);
#4800 = CARTESIAN_POINT('',(-11.35,-0.));
#4801 = VECTOR('',#4802,1.);
#4802 = DIRECTION('',(-0.,1.));
#4803 = ( GEOMETRIC_REPRESENTATION_CONTEXT(2) 
PARAMETRIC_REPRESENTATION_CONTEXT() REPRESENTATION_CONTEXT('2D SPACE',''
  ) );
#4804 = PCURVE('',#4702,#4805);
#4805 = DEFINITIONAL_REPRESENTATION('',(#4806),#4810);
#4806 = LINE('',#4807,#4808);
#4807 = CARTESIAN_POINT('',(0.,3.));
#4808 = VECTOR('',#4809,1.);
#4809 = DIRECTION('',(-1.,0.));
#4810 = ( GEOMETRIC_REPRESENTATION_CONTEXT(2) 
PARAMETRIC_REPRESENTATION_CONTEXT() REPRESENTATION_CONTEXT('2D SPACE',''
  ) );
#4811 = FACE_BOUND('',#4812,.F.);
#4812 = EDGE_LOOP('',(#4813,#4843,#4871,#4899));
#4813 = ORIENTED_EDGE('',*,*,#4814,.F.);
#4814 = EDGE_CURVE('',#4815,#4817,#4819,.T.);
#4815 = VERTEX_POINT('',#4816);
#4816 = CARTESIAN_POINT('',(88.55,57.2,13.25));
#4817 = VERTEX_POINT('',#4818);
#4818 = CARTESIAN_POINT('',(82.55,57.2,13.25));
#4819 = SURFACE_CURVE('',#4820,(#4824,#4831),.PCURVE_S1.);
#4820 = LINE('',#4821,#4822);
#4821 = CARTESIAN_POINT('',(90.05,57.2,13.25));
#4822 = VECTOR('',#4823,1.);
#4823 = DIRECTION('',(-1.,-0.,-0.));
#4824 = PCURVE('',#1680,#4825);
#4825 = DEFINITIONAL_REPRESENTATION('',(#4826),#4830);
#4826 = LINE('',#4827,#4828);
#4827 = CARTESIAN_POINT('',(-10.75,1.5));
#4828 = VECTOR('',#4829,1.);
#4829 = DIRECTION('',(-0.,1.));
#4830 = ( GEOMETRIC_REPRESENTATION_CONTEXT(2) 
PARAMETRIC_REPRESENTATION_CONTEXT() REPRESENTATION_CONTEXT('2D SPACE',''
  ) );
#4831 = PCURVE('',#4832,#4837);
#4832 = PLANE('',#4833);
#4833 = AXIS2_PLACEMENT_3D('',#4834,#4835,#4836);
#4834 = CARTESIAN_POINT('',(88.55,56.9,13.25));
#4835 = DIRECTION('',(0.,0.,1.));
#4836 = DIRECTION('',(1.,0.,0.));
#4837 = DEFINITIONAL_REPRESENTATION('',(#4838),#4842);
#4838 = LINE('',#4839,#4840);
#4839 = CARTESIAN_POINT('',(1.5,0.3));
#4840 = VECTOR('',#4841,1.);
#4841 = DIRECTION('',(-1.,0.));
#4842 = ( GEOMETRIC_REPRESENTATION_CONTEXT(2) 
PARAMETRIC_REPRESENTATION_CONTEXT() REPRESENTATION_CONTEXT('2D SPACE',''
  ) );
#4843 = ORIENTED_EDGE('',*,*,#4844,.T.);
#4844 = EDGE_CURVE('',#4815,#4845,#4847,.T.);
#4845 = VERTEX_POINT('',#4846);
#4846 = CARTESIAN_POINT('',(88.55,57.2,11.65));
#4847 = SURFACE_CURVE('',#4848,(#4852,#4859),.PCURVE_S1.);
#4848 = LINE('',#4849,#4850);
#4849 = CARTESIAN_POINT('',(88.55,57.2,7.075));
#4850 = VECTOR('',#4851,1.);
#4851 = DIRECTION('',(-0.,-0.,-1.));
#4852 = PCURVE('',#1680,#4853);
#4853 = DEFINITIONAL_REPRESENTATION('',(#4854),#4858);
#4854 = LINE('',#4855,#4856);
#4855 = CARTESIAN_POINT('',(-4.575,3.));
#4856 = VECTOR('',#4857,1.);
#4857 = DIRECTION('',(1.,-0.));
#4858 = ( GEOMETRIC_REPRESENTATION_CONTEXT(2) 
PARAMETRIC_REPRESENTATION_CONTEXT() REPRESENTATION_CONTEXT('2D SPACE',''
  ) );
#4859 = PCURVE('',#4860,#4865);
#4860 = PLANE('',#4861);
#4861 = AXIS2_PLACEMENT_3D('',#4862,#4863,#4864);
#4862 = CARTESIAN_POINT('',(88.55,56.9,11.65));
#4863 = DIRECTION('',(-1.,-0.,0.));
#4864 = DIRECTION('',(0.,-0.,-1.));
#4865 = DEFINITIONAL_REPRESENTATION('',(#4866),#4870);
#4866 = LINE('',#4867,#4868);
#4867 = CARTESIAN_POINT('',(4.575,-0.3));
#4868 = VECTOR('',#4869,1.);
#4869 = DIRECTION('',(1.,-0.));
#4870 = ( GEOMETRIC_REPRESENTATION_CONTEXT(2) 
PARAMETRIC_REPRESENTATION_CONTEXT() REPRESENTATION_CONTEXT('2D SPACE',''
  ) );
#4871 = ORIENTED_EDGE('',*,*,#4872,.T.);
#4872 = EDGE_CURVE('',#4845,#4873,#4875,.T.);
#4873 = VERTEX_POINT('',#4874);
#4874 = CARTESIAN_POINT('',(82.55,57.2,11.65));
#4875 = SURFACE_CURVE('',#4876,(#4880,#4887),.PCURVE_S1.);
#4876 = LINE('',#4877,#4878);
#4877 = CARTESIAN_POINT('',(90.05,57.2,11.65));
#4878 = VECTOR('',#4879,1.);
#4879 = DIRECTION('',(-1.,-0.,-0.));
#4880 = PCURVE('',#1680,#4881);
#4881 = DEFINITIONAL_REPRESENTATION('',(#4882),#4886);
#4882 = LINE('',#4883,#4884);
#4883 = CARTESIAN_POINT('',(-9.15,1.5));
#4884 = VECTOR('',#4885,1.);
#4885 = DIRECTION('',(-0.,1.));
#4886 = ( GEOMETRIC_REPRESENTATION_CONTEXT(2) 
PARAMETRIC_REPRESENTATION_CONTEXT() REPRESENTATION_CONTEXT('2D SPACE',''
  ) );
#4887 = PCURVE('',#4888,#4893);
#4888 = PLANE('',#4889);
#4889 = AXIS2_PLACEMENT_3D('',#4890,#4891,#4892);
#4890 = CARTESIAN_POINT('',(88.55,56.9,11.65));
#4891 = DIRECTION('',(0.,0.,1.));
#4892 = DIRECTION('',(1.,0.,0.));
#4893 = DEFINITIONAL_REPRESENTATION('',(#4894),#4898);
#4894 = LINE('',#4895,#4896);
#4895 = CARTESIAN_POINT('',(1.5,0.3));
#4896 = VECTOR('',#4897,1.);
#4897 = DIRECTION('',(-1.,0.));
#4898 = ( GEOMETRIC_REPRESENTATION_CONTEXT(2) 
PARAMETRIC_REPRESENTATION_CONTEXT() REPRESENTATION_CONTEXT('2D SPACE',''
  ) );
#4899 = ORIENTED_EDGE('',*,*,#4900,.F.);
#4900 = EDGE_CURVE('',#4817,#4873,#4901,.T.);
#4901 = SURFACE_CURVE('',#4902,(#4906,#4913),.PCURVE_S1.);
#4902 = LINE('',#4903,#4904);
#4903 = CARTESIAN_POINT('',(82.55,57.2,7.075));
#4904 = VECTOR('',#4905,1.);
#4905 = DIRECTION('',(-0.,-0.,-1.));
#4906 = PCURVE('',#1680,#4907);
#4907 = DEFINITIONAL_REPRESENTATION('',(#4908),#4912);
#4908 = LINE('',#4909,#4910);
#4909 = CARTESIAN_POINT('',(-4.575,9.));
#4910 = VECTOR('',#4911,1.);
#4911 = DIRECTION('',(1.,-0.));
#4912 = ( GEOMETRIC_REPRESENTATION_CONTEXT(2) 
PARAMETRIC_REPRESENTATION_CONTEXT() REPRESENTATION_CONTEXT('2D SPACE',''
  ) );
#4913 = PCURVE('',#4914,#4919);
#4914 = PLANE('',#4915);
#4915 = AXIS2_PLACEMENT_3D('',#4916,#4917,#4918);
#4916 = CARTESIAN_POINT('',(82.55,56.9,11.65));
#4917 = DIRECTION('',(-1.,-0.,0.));
#4918 = DIRECTION('',(0.,-0.,-1.));
#4919 = DEFINITIONAL_REPRESENTATION('',(#4920),#4924);
#4920 = LINE('',#4921,#4922);
#4921 = CARTESIAN_POINT('',(4.575,-0.3));
#4922 = VECTOR('',#4923,1.);
#4923 = DIRECTION('',(1.,-0.));
#4924 = ( GEOMETRIC_REPRESENTATION_CONTEXT(2) 
PARAMETRIC_REPRESENTATION_CONTEXT() REPRESENTATION_CONTEXT('2D SPACE',''
  ) );
#4925 = ADVANCED_FACE('',(#4926),#1706,.T.);
#4926 = FACE_BOUND('',#4927,.F.);
#4927 = EDGE_LOOP('',(#4928,#4929,#4930,#4931));
#4928 = ORIENTED_EDGE('',*,*,#4641,.F.);
#4929 = ORIENTED_EDGE('',*,*,#1692,.T.);
#4930 = ORIENTED_EDGE('',*,*,#4766,.T.);
#4931 = ORIENTED_EDGE('',*,*,#4932,.F.);
#4932 = EDGE_CURVE('',#4642,#4767,#4933,.T.);
#4933 = SURFACE_CURVE('',#4934,(#4938,#4945),.PCURVE_S1.);
#4934 = LINE('',#4935,#4936);
#4935 = CARTESIAN_POINT('',(79.55,54.2,13.85));
#4936 = VECTOR('',#4937,1.);
#4937 = DIRECTION('',(0.,1.,0.));
#4938 = PCURVE('',#1706,#4939);
#4939 = DEFINITIONAL_REPRESENTATION('',(#4940),#4944);
#4940 = LINE('',#4941,#4942);
#4941 = CARTESIAN_POINT('',(-11.35,-0.));
#4942 = VECTOR('',#4943,1.);
#4943 = DIRECTION('',(-0.,-1.));
#4944 = ( GEOMETRIC_REPRESENTATION_CONTEXT(2) 
PARAMETRIC_REPRESENTATION_CONTEXT() REPRESENTATION_CONTEXT('2D SPACE',''
  ) );
#4945 = PCURVE('',#4702,#4946);
#4946 = DEFINITIONAL_REPRESENTATION('',(#4947),#4951);
#4947 = LINE('',#4948,#4949);
#4948 = CARTESIAN_POINT('',(-12.,0.));
#4949 = VECTOR('',#4950,1.);
#4950 = DIRECTION('',(0.,1.));
#4951 = ( GEOMETRIC_REPRESENTATION_CONTEXT(2) 
PARAMETRIC_REPRESENTATION_CONTEXT() REPRESENTATION_CONTEXT('2D SPACE',''
  ) );
#4952 = ADVANCED_FACE('',(#4953),#1743,.F.);
#4953 = FACE_BOUND('',#4954,.T.);
#4954 = EDGE_LOOP('',(#4955,#4956,#4977,#4978));
#4955 = ORIENTED_EDGE('',*,*,#3503,.T.);
#4956 = ORIENTED_EDGE('',*,*,#4957,.T.);
#4957 = EDGE_CURVE('',#3506,#1723,#4958,.T.);
#4958 = SURFACE_CURVE('',#4959,(#4963,#4970),.PCURVE_S1.);
#4959 = LINE('',#4960,#4961);
#4960 = CARTESIAN_POINT('',(36.25,32.2,-0.1));
#4961 = VECTOR('',#4962,1.);
#4962 = DIRECTION('',(0.,0.,1.));
#4963 = PCURVE('',#1743,#4964);
#4964 = DEFINITIONAL_REPRESENTATION('',(#4965),#4969);
#4965 = LINE('',#4966,#4967);
#4966 = CARTESIAN_POINT('',(-7.853981633974,0.));
#4967 = VECTOR('',#4968,1.);
#4968 = DIRECTION('',(-0.,1.));
#4969 = ( GEOMETRIC_REPRESENTATION_CONTEXT(2) 
PARAMETRIC_REPRESENTATION_CONTEXT() REPRESENTATION_CONTEXT('2D SPACE',''
  ) );
#4970 = PCURVE('',#1830,#4971);
#4971 = DEFINITIONAL_REPRESENTATION('',(#4972),#4976);
#4972 = LINE('',#4973,#4974);
#4973 = CARTESIAN_POINT('',(-0.,28.));
#4974 = VECTOR('',#4975,1.);
#4975 = DIRECTION('',(-1.,-0.));
#4976 = ( GEOMETRIC_REPRESENTATION_CONTEXT(2) 
PARAMETRIC_REPRESENTATION_CONTEXT() REPRESENTATION_CONTEXT('2D SPACE',''
  ) );
#4977 = ORIENTED_EDGE('',*,*,#1720,.F.);
#4978 = ORIENTED_EDGE('',*,*,#4979,.F.);
#4979 = EDGE_CURVE('',#3504,#1721,#4980,.T.);
#4980 = SURFACE_CURVE('',#4981,(#4985,#4992),.PCURVE_S1.);
#4981 = LINE('',#4982,#4983);
#4982 = CARTESIAN_POINT('',(36.25,26.2,-0.1));
#4983 = VECTOR('',#4984,1.);
#4984 = DIRECTION('',(0.,0.,1.));
#4985 = PCURVE('',#1743,#4986);
#4986 = DEFINITIONAL_REPRESENTATION('',(#4987),#4991);
#4987 = LINE('',#4988,#4989);
#4988 = CARTESIAN_POINT('',(-4.712388980385,0.));
#4989 = VECTOR('',#4990,1.);
#4990 = DIRECTION('',(-0.,1.));
#4991 = ( GEOMETRIC_REPRESENTATION_CONTEXT(2) 
PARAMETRIC_REPRESENTATION_CONTEXT() REPRESENTATION_CONTEXT('2D SPACE',''
  ) );
#4992 = PCURVE('',#1771,#4993);
#4993 = DEFINITIONAL_REPRESENTATION('',(#4994),#4998);
#4994 = LINE('',#4995,#4996);
#4995 = CARTESIAN_POINT('',(-0.,28.));
#4996 = VECTOR('',#4997,1.);
#4997 = DIRECTION('',(-1.,-0.));
#4998 = ( GEOMETRIC_REPRESENTATION_CONTEXT(2) 
PARAMETRIC_REPRESENTATION_CONTEXT() REPRESENTATION_CONTEXT('2D SPACE',''
  ) );
#4999 = ADVANCED_FACE('',(#5000),#1771,.T.);
#5000 = FACE_BOUND('',#5001,.F.);
#5001 = EDGE_LOOP('',(#5002,#5003,#5004,#5025));
#5002 = ORIENTED_EDGE('',*,*,#4979,.F.);
#5003 = ORIENTED_EDGE('',*,*,#3533,.T.);
#5004 = ORIENTED_EDGE('',*,*,#5005,.T.);
#5005 = EDGE_CURVE('',#3534,#1756,#5006,.T.);
#5006 = SURFACE_CURVE('',#5007,(#5011,#5018),.PCURVE_S1.);
#5007 = LINE('',#5008,#5009);
#5008 = CARTESIAN_POINT('',(64.25,26.2,-0.1));
#5009 = VECTOR('',#5010,1.);
#5010 = DIRECTION('',(0.,0.,1.));
#5011 = PCURVE('',#1771,#5012);
#5012 = DEFINITIONAL_REPRESENTATION('',(#5013),#5017);
#5013 = LINE('',#5014,#5015);
#5014 = CARTESIAN_POINT('',(-0.,-0.));
#5015 = VECTOR('',#5016,1.);
#5016 = DIRECTION('',(-1.,-0.));
#5017 = ( GEOMETRIC_REPRESENTATION_CONTEXT(2) 
PARAMETRIC_REPRESENTATION_CONTEXT() REPRESENTATION_CONTEXT('2D SPACE',''
  ) );
#5018 = PCURVE('',#1804,#5019);
#5019 = DEFINITIONAL_REPRESENTATION('',(#5020),#5024);
#5020 = LINE('',#5021,#5022);
#5021 = CARTESIAN_POINT('',(-4.712388980385,0.));
#5022 = VECTOR('',#5023,1.);
#5023 = DIRECTION('',(-0.,1.));
#5024 = ( GEOMETRIC_REPRESENTATION_CONTEXT(2) 
PARAMETRIC_REPRESENTATION_CONTEXT() REPRESENTATION_CONTEXT('2D SPACE',''
  ) );
#5025 = ORIENTED_EDGE('',*,*,#1755,.F.);
#5026 = ADVANCED_FACE('',(#5027),#1804,.F.);
#5027 = FACE_BOUND('',#5028,.T.);
#5028 = EDGE_LOOP('',(#5029,#5030,#5051,#5052));
#5029 = ORIENTED_EDGE('',*,*,#1783,.F.);
#5030 = ORIENTED_EDGE('',*,*,#5031,.F.);
#5031 = EDGE_CURVE('',#3557,#1784,#5032,.T.);
#5032 = SURFACE_CURVE('',#5033,(#5037,#5044),.PCURVE_S1.);
#5033 = LINE('',#5034,#5035);
#5034 = CARTESIAN_POINT('',(64.25,32.2,-0.1));
#5035 = VECTOR('',#5036,1.);
#5036 = DIRECTION('',(0.,0.,1.));
#5037 = PCURVE('',#1804,#5038);
#5038 = DEFINITIONAL_REPRESENTATION('',(#5039),#5043);
#5039 = LINE('',#5040,#5041);
#5040 = CARTESIAN_POINT('',(-1.570796326795,0.));
#5041 = VECTOR('',#5042,1.);
#5042 = DIRECTION('',(-0.,1.));
#5043 = ( GEOMETRIC_REPRESENTATION_CONTEXT(2) 
PARAMETRIC_REPRESENTATION_CONTEXT() REPRESENTATION_CONTEXT('2D SPACE',''
  ) );
#5044 = PCURVE('',#1830,#5045);
#5045 = DEFINITIONAL_REPRESENTATION('',(#5046),#5050);
#5046 = LINE('',#5047,#5048);
#5047 = CARTESIAN_POINT('',(-0.,-0.));
#5048 = VECTOR('',#5049,1.);
#5049 = DIRECTION('',(-1.,-0.));
#5050 = ( GEOMETRIC_REPRESENTATION_CONTEXT(2) 
PARAMETRIC_REPRESENTATION_CONTEXT() REPRESENTATION_CONTEXT('2D SPACE',''
  ) );
#5051 = ORIENTED_EDGE('',*,*,#3556,.T.);
#5052 = ORIENTED_EDGE('',*,*,#5005,.T.);
#5053 = ADVANCED_FACE('',(#5054),#1830,.F.);
#5054 = FACE_BOUND('',#5055,.T.);
#5055 = EDGE_LOOP('',(#5056,#5057,#5058,#5059));
#5056 = ORIENTED_EDGE('',*,*,#4957,.F.);
#5057 = ORIENTED_EDGE('',*,*,#3584,.T.);
#5058 = ORIENTED_EDGE('',*,*,#5031,.T.);
#5059 = ORIENTED_EDGE('',*,*,#1816,.F.);
#5060 = ADVANCED_FACE('',(#5061),#1867,.F.);
#5061 = FACE_BOUND('',#5062,.T.);
#5062 = EDGE_LOOP('',(#5063,#5064,#5085,#5086));
#5063 = ORIENTED_EDGE('',*,*,#3399,.T.);
#5064 = ORIENTED_EDGE('',*,*,#5065,.T.);
#5065 = EDGE_CURVE('',#3402,#1847,#5066,.T.);
#5066 = SURFACE_CURVE('',#5067,(#5071,#5078),.PCURVE_S1.);
#5067 = LINE('',#5068,#5069);
#5068 = CARTESIAN_POINT('',(75.25,82.2,-0.1));
#5069 = VECTOR('',#5070,1.);
#5070 = DIRECTION('',(0.,0.,1.));
#5071 = PCURVE('',#1867,#5072);
#5072 = DEFINITIONAL_REPRESENTATION('',(#5073),#5077);
#5073 = LINE('',#5074,#5075);
#5074 = CARTESIAN_POINT('',(-7.853981633974,0.));
#5075 = VECTOR('',#5076,1.);
#5076 = DIRECTION('',(-0.,1.));
#5077 = ( GEOMETRIC_REPRESENTATION_CONTEXT(2) 
PARAMETRIC_REPRESENTATION_CONTEXT() REPRESENTATION_CONTEXT('2D SPACE',''
  ) );
#5078 = PCURVE('',#1954,#5079);
#5079 = DEFINITIONAL_REPRESENTATION('',(#5080),#5084);
#5080 = LINE('',#5081,#5082);
#5081 = CARTESIAN_POINT('',(-0.,28.));
#5082 = VECTOR('',#5083,1.);
#5083 = DIRECTION('',(-1.,-0.));
#5084 = ( GEOMETRIC_REPRESENTATION_CONTEXT(2) 
PARAMETRIC_REPRESENTATION_CONTEXT() REPRESENTATION_CONTEXT('2D SPACE',''
  ) );
#5085 = ORIENTED_EDGE('',*,*,#1844,.F.);
#5086 = ORIENTED_EDGE('',*,*,#5087,.F.);
#5087 = EDGE_CURVE('',#3400,#1845,#5088,.T.);
#5088 = SURFACE_CURVE('',#5089,(#5093,#5100),.PCURVE_S1.);
#5089 = LINE('',#5090,#5091);
#5090 = CARTESIAN_POINT('',(75.25,76.2,-0.1));
#5091 = VECTOR('',#5092,1.);
#5092 = DIRECTION('',(0.,0.,1.));
#5093 = PCURVE('',#1867,#5094);
#5094 = DEFINITIONAL_REPRESENTATION('',(#5095),#5099);
#5095 = LINE('',#5096,#5097);
#5096 = CARTESIAN_POINT('',(-4.712388980385,0.));
#5097 = VECTOR('',#5098,1.);
#5098 = DIRECTION('',(-0.,1.));
#5099 = ( GEOMETRIC_REPRESENTATION_CONTEXT(2) 
PARAMETRIC_REPRESENTATION_CONTEXT() REPRESENTATION_CONTEXT('2D SPACE',''
  ) );
#5100 = PCURVE('',#1895,#5101);
#5101 = DEFINITIONAL_REPRESENTATION('',(#5102),#5106);
#5102 = LINE('',#5103,#5104);
#5103 = CARTESIAN_POINT('',(-0.,28.));
#5104 = VECTOR('',#5105,1.);
#5105 = DIRECTION('',(-1.,-0.));
#5106 = ( GEOMETRIC_REPRESENTATION_CONTEXT(2) 
PARAMETRIC_REPRESENTATION_CONTEXT() REPRESENTATION_CONTEXT('2D SPACE',''
  ) );
#5107 = ADVANCED_FACE('',(#5108),#1895,.T.);
#5108 = FACE_BOUND('',#5109,.F.);
#5109 = EDGE_LOOP('',(#5110,#5111,#5112,#5133));
#5110 = ORIENTED_EDGE('',*,*,#5087,.F.);
#5111 = ORIENTED_EDGE('',*,*,#3429,.T.);
#5112 = ORIENTED_EDGE('',*,*,#5113,.T.);
#5113 = EDGE_CURVE('',#3430,#1880,#5114,.T.);
#5114 = SURFACE_CURVE('',#5115,(#5119,#5126),.PCURVE_S1.);
#5115 = LINE('',#5116,#5117);
#5116 = CARTESIAN_POINT('',(103.25,76.2,-0.1));
#5117 = VECTOR('',#5118,1.);
#5118 = DIRECTION('',(0.,0.,1.));
#5119 = PCURVE('',#1895,#5120);
#5120 = DEFINITIONAL_REPRESENTATION('',(#5121),#5125);
#5121 = LINE('',#5122,#5123);
#5122 = CARTESIAN_POINT('',(-0.,-0.));
#5123 = VECTOR('',#5124,1.);
#5124 = DIRECTION('',(-1.,-0.));
#5125 = ( GEOMETRIC_REPRESENTATION_CONTEXT(2) 
PARAMETRIC_REPRESENTATION_CONTEXT() REPRESENTATION_CONTEXT('2D SPACE',''
  ) );
#5126 = PCURVE('',#1928,#5127);
#5127 = DEFINITIONAL_REPRESENTATION('',(#5128),#5132);
#5128 = LINE('',#5129,#5130);
#5129 = CARTESIAN_POINT('',(-4.712388980385,0.));
#5130 = VECTOR('',#5131,1.);
#5131 = DIRECTION('',(-0.,1.));
#5132 = ( GEOMETRIC_REPRESENTATION_CONTEXT(2) 
PARAMETRIC_REPRESENTATION_CONTEXT() REPRESENTATION_CONTEXT('2D SPACE',''
  ) );
#5133 = ORIENTED_EDGE('',*,*,#1879,.F.);
#5134 = ADVANCED_FACE('',(#5135),#1928,.F.);
#5135 = FACE_BOUND('',#5136,.T.);
#5136 = EDGE_LOOP('',(#5137,#5138,#5159,#5160));
#5137 = ORIENTED_EDGE('',*,*,#1907,.F.);
#5138 = ORIENTED_EDGE('',*,*,#5139,.F.);
#5139 = EDGE_CURVE('',#3453,#1908,#5140,.T.);
#5140 = SURFACE_CURVE('',#5141,(#5145,#5152),.PCURVE_S1.);
#5141 = LINE('',#5142,#5143);
#5142 = CARTESIAN_POINT('',(103.25,82.2,-0.1));
#5143 = VECTOR('',#5144,1.);
#5144 = DIRECTION('',(0.,0.,1.));
#5145 = PCURVE('',#1928,#5146);
#5146 = DEFINITIONAL_REPRESENTATION('',(#5147),#5151);
#5147 = LINE('',#5148,#5149);
#5148 = CARTESIAN_POINT('',(-1.570796326795,0.));
#5149 = VECTOR('',#5150,1.);
#5150 = DIRECTION('',(-0.,1.));
#5151 = ( GEOMETRIC_REPRESENTATION_CONTEXT(2) 
PARAMETRIC_REPRESENTATION_CONTEXT() REPRESENTATION_CONTEXT('2D SPACE',''
  ) );
#5152 = PCURVE('',#1954,#5153);
#5153 = DEFINITIONAL_REPRESENTATION('',(#5154),#5158);
#5154 = LINE('',#5155,#5156);
#5155 = CARTESIAN_POINT('',(-0.,-0.));
#5156 = VECTOR('',#5157,1.);
#5157 = DIRECTION('',(-1.,-0.));
#5158 = ( GEOMETRIC_REPRESENTATION_CONTEXT(2) 
PARAMETRIC_REPRESENTATION_CONTEXT() REPRESENTATION_CONTEXT('2D SPACE',''
  ) );
#5159 = ORIENTED_EDGE('',*,*,#3452,.T.);
#5160 = ORIENTED_EDGE('',*,*,#5113,.T.);
#5161 = ADVANCED_FACE('',(#5162),#1954,.F.);
#5162 = FACE_BOUND('',#5163,.T.);
#5163 = EDGE_LOOP('',(#5164,#5165,#5166,#5167));
#5164 = ORIENTED_EDGE('',*,*,#5065,.F.);
#5165 = ORIENTED_EDGE('',*,*,#3480,.T.);
#5166 = ORIENTED_EDGE('',*,*,#5139,.T.);
#5167 = ORIENTED_EDGE('',*,*,#1940,.F.);
#5168 = ADVANCED_FACE('',(#5169),#1991,.F.);
#5169 = FACE_BOUND('',#5170,.T.);
#5170 = EDGE_LOOP('',(#5171,#5172,#5193,#5194));
#5171 = ORIENTED_EDGE('',*,*,#3711,.T.);
#5172 = ORIENTED_EDGE('',*,*,#5173,.T.);
#5173 = EDGE_CURVE('',#3714,#1971,#5174,.T.);
#5174 = SURFACE_CURVE('',#5175,(#5179,#5186),.PCURVE_S1.);
#5175 = LINE('',#5176,#5177);
#5176 = CARTESIAN_POINT('',(75.25,133.2,-0.1));
#5177 = VECTOR('',#5178,1.);
#5178 = DIRECTION('',(0.,0.,1.));
#5179 = PCURVE('',#1991,#5180);
#5180 = DEFINITIONAL_REPRESENTATION('',(#5181),#5185);
#5181 = LINE('',#5182,#5183);
#5182 = CARTESIAN_POINT('',(-7.853981633974,0.));
#5183 = VECTOR('',#5184,1.);
#5184 = DIRECTION('',(-0.,1.));
#5185 = ( GEOMETRIC_REPRESENTATION_CONTEXT(2) 
PARAMETRIC_REPRESENTATION_CONTEXT() REPRESENTATION_CONTEXT('2D SPACE',''
  ) );
#5186 = PCURVE('',#2078,#5187);
#5187 = DEFINITIONAL_REPRESENTATION('',(#5188),#5192);
#5188 = LINE('',#5189,#5190);
#5189 = CARTESIAN_POINT('',(-0.,28.));
#5190 = VECTOR('',#5191,1.);
#5191 = DIRECTION('',(-1.,-0.));
#5192 = ( GEOMETRIC_REPRESENTATION_CONTEXT(2) 
PARAMETRIC_REPRESENTATION_CONTEXT() REPRESENTATION_CONTEXT('2D SPACE',''
  ) );
#5193 = ORIENTED_EDGE('',*,*,#1968,.F.);
#5194 = ORIENTED_EDGE('',*,*,#5195,.F.);
#5195 = EDGE_CURVE('',#3712,#1969,#5196,.T.);
#5196 = SURFACE_CURVE('',#5197,(#5201,#5208),.PCURVE_S1.);
#5197 = LINE('',#5198,#5199);
#5198 = CARTESIAN_POINT('',(75.25,127.2,-0.1));
#5199 = VECTOR('',#5200,1.);
#5200 = DIRECTION('',(0.,0.,1.));
#5201 = PCURVE('',#1991,#5202);
#5202 = DEFINITIONAL_REPRESENTATION('',(#5203),#5207);
#5203 = LINE('',#5204,#5205);
#5204 = CARTESIAN_POINT('',(-4.712388980385,0.));
#5205 = VECTOR('',#5206,1.);
#5206 = DIRECTION('',(-0.,1.));
#5207 = ( GEOMETRIC_REPRESENTATION_CONTEXT(2) 
PARAMETRIC_REPRESENTATION_CONTEXT() REPRESENTATION_CONTEXT('2D SPACE',''
  ) );
#5208 = PCURVE('',#2019,#5209);
#5209 = DEFINITIONAL_REPRESENTATION('',(#5210),#5214);
#5210 = LINE('',#5211,#5212);
#5211 = CARTESIAN_POINT('',(-0.,28.));
#5212 = VECTOR('',#5213,1.);
#5213 = DIRECTION('',(-1.,-0.));
#5214 = ( GEOMETRIC_REPRESENTATION_CONTEXT(2) 
PARAMETRIC_REPRESENTATION_CONTEXT() REPRESENTATION_CONTEXT('2D SPACE',''
  ) );
#5215 = ADVANCED_FACE('',(#5216),#2019,.T.);
#5216 = FACE_BOUND('',#5217,.F.);
#5217 = EDGE_LOOP('',(#5218,#5219,#5220,#5241));
#5218 = ORIENTED_EDGE('',*,*,#5195,.F.);
#5219 = ORIENTED_EDGE('',*,*,#3741,.T.);
#5220 = ORIENTED_EDGE('',*,*,#5221,.T.);
#5221 = EDGE_CURVE('',#3742,#2004,#5222,.T.);
#5222 = SURFACE_CURVE('',#5223,(#5227,#5234),.PCURVE_S1.);
#5223 = LINE('',#5224,#5225);
#5224 = CARTESIAN_POINT('',(103.25,127.2,-0.1));
#5225 = VECTOR('',#5226,1.);
#5226 = DIRECTION('',(0.,0.,1.));
#5227 = PCURVE('',#2019,#5228);
#5228 = DEFINITIONAL_REPRESENTATION('',(#5229),#5233);
#5229 = LINE('',#5230,#5231);
#5230 = CARTESIAN_POINT('',(-0.,-0.));
#5231 = VECTOR('',#5232,1.);
#5232 = DIRECTION('',(-1.,-0.));
#5233 = ( GEOMETRIC_REPRESENTATION_CONTEXT(2) 
PARAMETRIC_REPRESENTATION_CONTEXT() REPRESENTATION_CONTEXT('2D SPACE',''
  ) );
#5234 = PCURVE('',#2052,#5235);
#5235 = DEFINITIONAL_REPRESENTATION('',(#5236),#5240);
#5236 = LINE('',#5237,#5238);
#5237 = CARTESIAN_POINT('',(-4.712388980385,0.));
#5238 = VECTOR('',#5239,1.);
#5239 = DIRECTION('',(-0.,1.));
#5240 = ( GEOMETRIC_REPRESENTATION_CONTEXT(2) 
PARAMETRIC_REPRESENTATION_CONTEXT() REPRESENTATION_CONTEXT('2D SPACE',''
  ) );
#5241 = ORIENTED_EDGE('',*,*,#2003,.F.);
#5242 = ADVANCED_FACE('',(#5243),#2052,.F.);
#5243 = FACE_BOUND('',#5244,.T.);
#5244 = EDGE_LOOP('',(#5245,#5246,#5267,#5268));
#5245 = ORIENTED_EDGE('',*,*,#2031,.F.);
#5246 = ORIENTED_EDGE('',*,*,#5247,.F.);
#5247 = EDGE_CURVE('',#3765,#2032,#5248,.T.);
#5248 = SURFACE_CURVE('',#5249,(#5253,#5260),.PCURVE_S1.);
#5249 = LINE('',#5250,#5251);
#5250 = CARTESIAN_POINT('',(103.25,133.2,-0.1));
#5251 = VECTOR('',#5252,1.);
#5252 = DIRECTION('',(0.,0.,1.));
#5253 = PCURVE('',#2052,#5254);
#5254 = DEFINITIONAL_REPRESENTATION('',(#5255),#5259);
#5255 = LINE('',#5256,#5257);
#5256 = CARTESIAN_POINT('',(-1.570796326795,0.));
#5257 = VECTOR('',#5258,1.);
#5258 = DIRECTION('',(-0.,1.));
#5259 = ( GEOMETRIC_REPRESENTATION_CONTEXT(2) 
PARAMETRIC_REPRESENTATION_CONTEXT() REPRESENTATION_CONTEXT('2D SPACE',''
  ) );
#5260 = PCURVE('',#2078,#5261);
#5261 = DEFINITIONAL_REPRESENTATION('',(#5262),#5266);
#5262 = LINE('',#5263,#5264);
#5263 = CARTESIAN_POINT('',(-0.,-0.));
#5264 = VECTOR('',#5265,1.);
#5265 = DIRECTION('',(-1.,-0.));
#5266 = ( GEOMETRIC_REPRESENTATION_CONTEXT(2) 
PARAMETRIC_REPRESENTATION_CONTEXT() REPRESENTATION_CONTEXT('2D SPACE',''
  ) );
#5267 = ORIENTED_EDGE('',*,*,#3764,.T.);
#5268 = ORIENTED_EDGE('',*,*,#5221,.T.);
#5269 = ADVANCED_FACE('',(#5270),#2078,.F.);
#5270 = FACE_BOUND('',#5271,.T.);
#5271 = EDGE_LOOP('',(#5272,#5273,#5274,#5275));
#5272 = ORIENTED_EDGE('',*,*,#5173,.F.);
#5273 = ORIENTED_EDGE('',*,*,#3792,.T.);
#5274 = ORIENTED_EDGE('',*,*,#5247,.T.);
#5275 = ORIENTED_EDGE('',*,*,#2064,.F.);
#5276 = ADVANCED_FACE('',(#5277),#2110,.F.);
#5277 = FACE_BOUND('',#5278,.T.);
#5278 = EDGE_LOOP('',(#5279,#5302,#5303,#5326));
#5279 = ORIENTED_EDGE('',*,*,#5280,.F.);
#5280 = EDGE_CURVE('',#2093,#5281,#5283,.T.);
#5281 = VERTEX_POINT('',#5282);
#5282 = CARTESIAN_POINT('',(77.25,104.2,12.));
#5283 = SURFACE_CURVE('',#5284,(#5288,#5295),.PCURVE_S1.);
#5284 = LINE('',#5285,#5286);
#5285 = CARTESIAN_POINT('',(77.25,104.2,2.5));
#5286 = VECTOR('',#5287,1.);
#5287 = DIRECTION('',(0.,0.,1.));
#5288 = PCURVE('',#2110,#5289);
#5289 = DEFINITIONAL_REPRESENTATION('',(#5290),#5294);
#5290 = LINE('',#5291,#5292);
#5291 = CARTESIAN_POINT('',(-0.,14.));
#5292 = VECTOR('',#5293,1.);
#5293 = DIRECTION('',(-1.,-0.));
#5294 = ( GEOMETRIC_REPRESENTATION_CONTEXT(2) 
PARAMETRIC_REPRESENTATION_CONTEXT() REPRESENTATION_CONTEXT('2D SPACE',''
  ) );
#5295 = PCURVE('',#2192,#5296);
#5296 = DEFINITIONAL_REPRESENTATION('',(#5297),#5301);
#5297 = LINE('',#5298,#5299);
#5298 = CARTESIAN_POINT('',(-0.,-0.));
#5299 = VECTOR('',#5300,1.);
#5300 = DIRECTION('',(-1.,-0.));
#5301 = ( GEOMETRIC_REPRESENTATION_CONTEXT(2) 
PARAMETRIC_REPRESENTATION_CONTEXT() REPRESENTATION_CONTEXT('2D SPACE',''
  ) );
#5302 = ORIENTED_EDGE('',*,*,#2092,.T.);
#5303 = ORIENTED_EDGE('',*,*,#5304,.T.);
#5304 = EDGE_CURVE('',#2095,#5305,#5307,.T.);
#5305 = VERTEX_POINT('',#5306);
#5306 = CARTESIAN_POINT('',(91.25,104.2,12.));
#5307 = SURFACE_CURVE('',#5308,(#5312,#5319),.PCURVE_S1.);
#5308 = LINE('',#5309,#5310);
#5309 = CARTESIAN_POINT('',(91.25,104.2,2.5));
#5310 = VECTOR('',#5311,1.);
#5311 = DIRECTION('',(0.,0.,1.));
#5312 = PCURVE('',#2110,#5313);
#5313 = DEFINITIONAL_REPRESENTATION('',(#5314),#5318);
#5314 = LINE('',#5315,#5316);
#5315 = CARTESIAN_POINT('',(-0.,-0.));
#5316 = VECTOR('',#5317,1.);
#5317 = DIRECTION('',(-1.,-0.));
#5318 = ( GEOMETRIC_REPRESENTATION_CONTEXT(2) 
PARAMETRIC_REPRESENTATION_CONTEXT() REPRESENTATION_CONTEXT('2D SPACE',''
  ) );
#5319 = PCURVE('',#2138,#5320);
#5320 = DEFINITIONAL_REPRESENTATION('',(#5321),#5325);
#5321 = LINE('',#5322,#5323);
#5322 = CARTESIAN_POINT('',(-0.,-0.));
#5323 = VECTOR('',#5324,1.);
#5324 = DIRECTION('',(-1.,-0.));
#5325 = ( GEOMETRIC_REPRESENTATION_CONTEXT(2) 
PARAMETRIC_REPRESENTATION_CONTEXT() REPRESENTATION_CONTEXT('2D SPACE',''
  ) );
#5326 = ORIENTED_EDGE('',*,*,#5327,.T.);
#5327 = EDGE_CURVE('',#5305,#5281,#5328,.T.);
#5328 = SURFACE_CURVE('',#5329,(#5333,#5340),.PCURVE_S1.);
#5329 = LINE('',#5330,#5331);
#5330 = CARTESIAN_POINT('',(91.25,104.2,12.));
#5331 = VECTOR('',#5332,1.);
#5332 = DIRECTION('',(-1.,-0.,0.));
#5333 = PCURVE('',#2110,#5334);
#5334 = DEFINITIONAL_REPRESENTATION('',(#5335),#5339);
#5335 = LINE('',#5336,#5337);
#5336 = CARTESIAN_POINT('',(-9.5,-0.));
#5337 = VECTOR('',#5338,1.);
#5338 = DIRECTION('',(-0.,1.));
#5339 = ( GEOMETRIC_REPRESENTATION_CONTEXT(2) 
PARAMETRIC_REPRESENTATION_CONTEXT() REPRESENTATION_CONTEXT('2D SPACE',''
  ) );
#5340 = PCURVE('',#5341,#5346);
#5341 = PLANE('',#5342);
#5342 = AXIS2_PLACEMENT_3D('',#5343,#5344,#5345);
#5343 = CARTESIAN_POINT('',(91.25,104.2,12.));
#5344 = DIRECTION('',(0.,0.,1.));
#5345 = DIRECTION('',(1.,0.,0.));
#5346 = DEFINITIONAL_REPRESENTATION('',(#5347),#5351);
#5347 = LINE('',#5348,#5349);
#5348 = CARTESIAN_POINT('',(0.,-0.));
#5349 = VECTOR('',#5350,1.);
#5350 = DIRECTION('',(-1.,0.));
#5351 = ( GEOMETRIC_REPRESENTATION_CONTEXT(2) 
PARAMETRIC_REPRESENTATION_CONTEXT() REPRESENTATION_CONTEXT('2D SPACE',''
  ) );
#5352 = ADVANCED_FACE('',(#5353),#2138,.F.);
#5353 = FACE_BOUND('',#5354,.T.);
#5354 = EDGE_LOOP('',(#5355,#5356,#5357,#5380));
#5355 = ORIENTED_EDGE('',*,*,#5304,.F.);
#5356 = ORIENTED_EDGE('',*,*,#2122,.T.);
#5357 = ORIENTED_EDGE('',*,*,#5358,.T.);
#5358 = EDGE_CURVE('',#2123,#5359,#5361,.T.);
#5359 = VERTEX_POINT('',#5360);
#5360 = CARTESIAN_POINT('',(91.25,107.2,12.));
#5361 = SURFACE_CURVE('',#5362,(#5366,#5373),.PCURVE_S1.);
#5362 = LINE('',#5363,#5364);
#5363 = CARTESIAN_POINT('',(91.25,107.2,2.5));
#5364 = VECTOR('',#5365,1.);
#5365 = DIRECTION('',(0.,0.,1.));
#5366 = PCURVE('',#2138,#5367);
#5367 = DEFINITIONAL_REPRESENTATION('',(#5368),#5372);
#5368 = LINE('',#5369,#5370);
#5369 = CARTESIAN_POINT('',(-0.,-3.));
#5370 = VECTOR('',#5371,1.);
#5371 = DIRECTION('',(-1.,-0.));
#5372 = ( GEOMETRIC_REPRESENTATION_CONTEXT(2) 
PARAMETRIC_REPRESENTATION_CONTEXT() REPRESENTATION_CONTEXT('2D SPACE',''
  ) );
#5373 = PCURVE('',#2166,#5374);
#5374 = DEFINITIONAL_REPRESENTATION('',(#5375),#5379);
#5375 = LINE('',#5376,#5377);
#5376 = CARTESIAN_POINT('',(-0.,-0.));
#5377 = VECTOR('',#5378,1.);
#5378 = DIRECTION('',(-1.,-0.));
#5379 = ( GEOMETRIC_REPRESENTATION_CONTEXT(2) 
PARAMETRIC_REPRESENTATION_CONTEXT() REPRESENTATION_CONTEXT('2D SPACE',''
  ) );
#5380 = ORIENTED_EDGE('',*,*,#5381,.F.);
#5381 = EDGE_CURVE('',#5305,#5359,#5382,.T.);
#5382 = SURFACE_CURVE('',#5383,(#5387,#5394),.PCURVE_S1.);
#5383 = LINE('',#5384,#5385);
#5384 = CARTESIAN_POINT('',(91.25,104.2,12.));
#5385 = VECTOR('',#5386,1.);
#5386 = DIRECTION('',(0.,1.,0.));
#5387 = PCURVE('',#2138,#5388);
#5388 = DEFINITIONAL_REPRESENTATION('',(#5389),#5393);
#5389 = LINE('',#5390,#5391);
#5390 = CARTESIAN_POINT('',(-9.5,-0.));
#5391 = VECTOR('',#5392,1.);
#5392 = DIRECTION('',(-0.,-1.));
#5393 = ( GEOMETRIC_REPRESENTATION_CONTEXT(2) 
PARAMETRIC_REPRESENTATION_CONTEXT() REPRESENTATION_CONTEXT('2D SPACE',''
  ) );
#5394 = PCURVE('',#5341,#5395);
#5395 = DEFINITIONAL_REPRESENTATION('',(#5396),#5400);
#5396 = LINE('',#5397,#5398);
#5397 = CARTESIAN_POINT('',(0.,-0.));
#5398 = VECTOR('',#5399,1.);
#5399 = DIRECTION('',(0.,1.));
#5400 = ( GEOMETRIC_REPRESENTATION_CONTEXT(2) 
PARAMETRIC_REPRESENTATION_CONTEXT() REPRESENTATION_CONTEXT('2D SPACE',''
  ) );
#5401 = ADVANCED_FACE('',(#5402,#5450),#2166,.T.);
#5402 = FACE_BOUND('',#5403,.F.);
#5403 = EDGE_LOOP('',(#5404,#5427,#5428,#5429));
#5404 = ORIENTED_EDGE('',*,*,#5405,.F.);
#5405 = EDGE_CURVE('',#2151,#5406,#5408,.T.);
#5406 = VERTEX_POINT('',#5407);
#5407 = CARTESIAN_POINT('',(77.25,107.2,12.));
#5408 = SURFACE_CURVE('',#5409,(#5413,#5420),.PCURVE_S1.);
#5409 = LINE('',#5410,#5411);
#5410 = CARTESIAN_POINT('',(77.25,107.2,2.5));
#5411 = VECTOR('',#5412,1.);
#5412 = DIRECTION('',(0.,0.,1.));
#5413 = PCURVE('',#2166,#5414);
#5414 = DEFINITIONAL_REPRESENTATION('',(#5415),#5419);
#5415 = LINE('',#5416,#5417);
#5416 = CARTESIAN_POINT('',(-0.,14.));
#5417 = VECTOR('',#5418,1.);
#5418 = DIRECTION('',(-1.,-0.));
#5419 = ( GEOMETRIC_REPRESENTATION_CONTEXT(2) 
PARAMETRIC_REPRESENTATION_CONTEXT() REPRESENTATION_CONTEXT('2D SPACE',''
  ) );
#5420 = PCURVE('',#2192,#5421);
#5421 = DEFINITIONAL_REPRESENTATION('',(#5422),#5426);
#5422 = LINE('',#5423,#5424);
#5423 = CARTESIAN_POINT('',(-0.,-3.));
#5424 = VECTOR('',#5425,1.);
#5425 = DIRECTION('',(-1.,-0.));
#5426 = ( GEOMETRIC_REPRESENTATION_CONTEXT(2) 
PARAMETRIC_REPRESENTATION_CONTEXT() REPRESENTATION_CONTEXT('2D SPACE',''
  ) );
#5427 = ORIENTED_EDGE('',*,*,#2150,.T.);
#5428 = ORIENTED_EDGE('',*,*,#5358,.T.);
#5429 = ORIENTED_EDGE('',*,*,#5430,.T.);
#5430 = EDGE_CURVE('',#5359,#5406,#5431,.T.);
#5431 = SURFACE_CURVE('',#5432,(#5436,#5443),.PCURVE_S1.);
#5432 = LINE('',#5433,#5434);
#5433 = CARTESIAN_POINT('',(91.25,107.2,12.));
#5434 = VECTOR('',#5435,1.);
#5435 = DIRECTION('',(-1.,-0.,0.));
#5436 = PCURVE('',#2166,#5437);
#5437 = DEFINITIONAL_REPRESENTATION('',(#5438),#5442);
#5438 = LINE('',#5439,#5440);
#5439 = CARTESIAN_POINT('',(-9.5,-0.));
#5440 = VECTOR('',#5441,1.);
#5441 = DIRECTION('',(-0.,1.));
#5442 = ( GEOMETRIC_REPRESENTATION_CONTEXT(2) 
PARAMETRIC_REPRESENTATION_CONTEXT() REPRESENTATION_CONTEXT('2D SPACE',''
  ) );
#5443 = PCURVE('',#5341,#5444);
#5444 = DEFINITIONAL_REPRESENTATION('',(#5445),#5449);
#5445 = LINE('',#5446,#5447);
#5446 = CARTESIAN_POINT('',(0.,3.));
#5447 = VECTOR('',#5448,1.);
#5448 = DIRECTION('',(-1.,0.));
#5449 = ( GEOMETRIC_REPRESENTATION_CONTEXT(2) 
PARAMETRIC_REPRESENTATION_CONTEXT() REPRESENTATION_CONTEXT('2D SPACE',''
  ) );
#5450 = FACE_BOUND('',#5451,.F.);
#5451 = EDGE_LOOP('',(#5452,#5482,#5510,#5538));
#5452 = ORIENTED_EDGE('',*,*,#5453,.F.);
#5453 = EDGE_CURVE('',#5454,#5456,#5458,.T.);
#5454 = VERTEX_POINT('',#5455);
#5455 = CARTESIAN_POINT('',(86.75,107.2,11.4));
#5456 = VERTEX_POINT('',#5457);
#5457 = CARTESIAN_POINT('',(81.75,107.2,11.4));
#5458 = SURFACE_CURVE('',#5459,(#5463,#5470),.PCURVE_S1.);
#5459 = LINE('',#5460,#5461);
#5460 = CARTESIAN_POINT('',(89.,107.2,11.4));
#5461 = VECTOR('',#5462,1.);
#5462 = DIRECTION('',(-1.,-0.,-0.));
#5463 = PCURVE('',#2166,#5464);
#5464 = DEFINITIONAL_REPRESENTATION('',(#5465),#5469);
#5465 = LINE('',#5466,#5467);
#5466 = CARTESIAN_POINT('',(-8.9,2.25));
#5467 = VECTOR('',#5468,1.);
#5468 = DIRECTION('',(-0.,1.));
#5469 = ( GEOMETRIC_REPRESENTATION_CONTEXT(2) 
PARAMETRIC_REPRESENTATION_CONTEXT() REPRESENTATION_CONTEXT('2D SPACE',''
  ) );
#5470 = PCURVE('',#5471,#5476);
#5471 = PLANE('',#5472);
#5472 = AXIS2_PLACEMENT_3D('',#5473,#5474,#5475);
#5473 = CARTESIAN_POINT('',(86.75,106.9,11.4));
#5474 = DIRECTION('',(0.,0.,1.));
#5475 = DIRECTION('',(1.,0.,0.));
#5476 = DEFINITIONAL_REPRESENTATION('',(#5477),#5481);
#5477 = LINE('',#5478,#5479);
#5478 = CARTESIAN_POINT('',(2.25,0.3));
#5479 = VECTOR('',#5480,1.);
#5480 = DIRECTION('',(-1.,0.));
#5481 = ( GEOMETRIC_REPRESENTATION_CONTEXT(2) 
PARAMETRIC_REPRESENTATION_CONTEXT() REPRESENTATION_CONTEXT('2D SPACE',''
  ) );
#5482 = ORIENTED_EDGE('',*,*,#5483,.T.);
#5483 = EDGE_CURVE('',#5454,#5484,#5486,.T.);
#5484 = VERTEX_POINT('',#5485);
#5485 = CARTESIAN_POINT('',(86.75,107.2,9.8));
#5486 = SURFACE_CURVE('',#5487,(#5491,#5498),.PCURVE_S1.);
#5487 = LINE('',#5488,#5489);
#5488 = CARTESIAN_POINT('',(86.75,107.2,6.15));
#5489 = VECTOR('',#5490,1.);
#5490 = DIRECTION('',(-0.,-0.,-1.));
#5491 = PCURVE('',#2166,#5492);
#5492 = DEFINITIONAL_REPRESENTATION('',(#5493),#5497);
#5493 = LINE('',#5494,#5495);
#5494 = CARTESIAN_POINT('',(-3.65,4.5));
#5495 = VECTOR('',#5496,1.);
#5496 = DIRECTION('',(1.,-0.));
#5497 = ( GEOMETRIC_REPRESENTATION_CONTEXT(2) 
PARAMETRIC_REPRESENTATION_CONTEXT() REPRESENTATION_CONTEXT('2D SPACE',''
  ) );
#5498 = PCURVE('',#5499,#5504);
#5499 = PLANE('',#5500);
#5500 = AXIS2_PLACEMENT_3D('',#5501,#5502,#5503);
#5501 = CARTESIAN_POINT('',(86.75,106.9,9.8));
#5502 = DIRECTION('',(-1.,-0.,0.));
#5503 = DIRECTION('',(0.,-0.,-1.));
#5504 = DEFINITIONAL_REPRESENTATION('',(#5505),#5509);
#5505 = LINE('',#5506,#5507);
#5506 = CARTESIAN_POINT('',(3.65,-0.3));
#5507 = VECTOR('',#5508,1.);
#5508 = DIRECTION('',(1.,-0.));
#5509 = ( GEOMETRIC_REPRESENTATION_CONTEXT(2) 
PARAMETRIC_REPRESENTATION_CONTEXT() REPRESENTATION_CONTEXT('2D SPACE',''
  ) );
#5510 = ORIENTED_EDGE('',*,*,#5511,.T.);
#5511 = EDGE_CURVE('',#5484,#5512,#5514,.T.);
#5512 = VERTEX_POINT('',#5513);
#5513 = CARTESIAN_POINT('',(81.75,107.2,9.8));
#5514 = SURFACE_CURVE('',#5515,(#5519,#5526),.PCURVE_S1.);
#5515 = LINE('',#5516,#5517);
#5516 = CARTESIAN_POINT('',(89.,107.2,9.8));
#5517 = VECTOR('',#5518,1.);
#5518 = DIRECTION('',(-1.,-0.,-0.));
#5519 = PCURVE('',#2166,#5520);
#5520 = DEFINITIONAL_REPRESENTATION('',(#5521),#5525);
#5521 = LINE('',#5522,#5523);
#5522 = CARTESIAN_POINT('',(-7.3,2.25));
#5523 = VECTOR('',#5524,1.);
#5524 = DIRECTION('',(-0.,1.));
#5525 = ( GEOMETRIC_REPRESENTATION_CONTEXT(2) 
PARAMETRIC_REPRESENTATION_CONTEXT() REPRESENTATION_CONTEXT('2D SPACE',''
  ) );
#5526 = PCURVE('',#5527,#5532);
#5527 = PLANE('',#5528);
#5528 = AXIS2_PLACEMENT_3D('',#5529,#5530,#5531);
#5529 = CARTESIAN_POINT('',(86.75,106.9,9.8));
#5530 = DIRECTION('',(0.,0.,1.));
#5531 = DIRECTION('',(1.,0.,0.));
#5532 = DEFINITIONAL_REPRESENTATION('',(#5533),#5537);
#5533 = LINE('',#5534,#5535);
#5534 = CARTESIAN_POINT('',(2.25,0.3));
#5535 = VECTOR('',#5536,1.);
#5536 = DIRECTION('',(-1.,0.));
#5537 = ( GEOMETRIC_REPRESENTATION_CONTEXT(2) 
PARAMETRIC_REPRESENTATION_CONTEXT() REPRESENTATION_CONTEXT('2D SPACE',''
  ) );
#5538 = ORIENTED_EDGE('',*,*,#5539,.F.);
#5539 = EDGE_CURVE('',#5456,#5512,#5540,.T.);
#5540 = SURFACE_CURVE('',#5541,(#5545,#5552),.PCURVE_S1.);
#5541 = LINE('',#5542,#5543);
#5542 = CARTESIAN_POINT('',(81.75,107.2,6.15));
#5543 = VECTOR('',#5544,1.);
#5544 = DIRECTION('',(-0.,-0.,-1.));
#5545 = PCURVE('',#2166,#5546);
#5546 = DEFINITIONAL_REPRESENTATION('',(#5547),#5551);
#5547 = LINE('',#5548,#5549);
#5548 = CARTESIAN_POINT('',(-3.65,9.5));
#5549 = VECTOR('',#5550,1.);
#5550 = DIRECTION('',(1.,-0.));
#5551 = ( GEOMETRIC_REPRESENTATION_CONTEXT(2) 
PARAMETRIC_REPRESENTATION_CONTEXT() REPRESENTATION_CONTEXT('2D SPACE',''
  ) );
#5552 = PCURVE('',#5553,#5558);
#5553 = PLANE('',#5554);
#5554 = AXIS2_PLACEMENT_3D('',#5555,#5556,#5557);
#5555 = CARTESIAN_POINT('',(81.75,106.9,9.8));
#5556 = DIRECTION('',(-1.,-0.,0.));
#5557 = DIRECTION('',(0.,-0.,-1.));
#5558 = DEFINITIONAL_REPRESENTATION('',(#5559),#5563);
#5559 = LINE('',#5560,#5561);
#5560 = CARTESIAN_POINT('',(3.65,-0.3));
#5561 = VECTOR('',#5562,1.);
#5562 = DIRECTION('',(1.,-0.));
#5563 = ( GEOMETRIC_REPRESENTATION_CONTEXT(2) 
PARAMETRIC_REPRESENTATION_CONTEXT() REPRESENTATION_CONTEXT('2D SPACE',''
  ) );
#5564 = ADVANCED_FACE('',(#5565),#2192,.T.);
#5565 = FACE_BOUND('',#5566,.F.);
#5566 = EDGE_LOOP('',(#5567,#5568,#5569,#5570));
#5567 = ORIENTED_EDGE('',*,*,#5280,.F.);
#5568 = ORIENTED_EDGE('',*,*,#2178,.T.);
#5569 = ORIENTED_EDGE('',*,*,#5405,.T.);
#5570 = ORIENTED_EDGE('',*,*,#5571,.F.);
#5571 = EDGE_CURVE('',#5281,#5406,#5572,.T.);
#5572 = SURFACE_CURVE('',#5573,(#5577,#5584),.PCURVE_S1.);
#5573 = LINE('',#5574,#5575);
#5574 = CARTESIAN_POINT('',(77.25,104.2,12.));
#5575 = VECTOR('',#5576,1.);
#5576 = DIRECTION('',(0.,1.,0.));
#5577 = PCURVE('',#2192,#5578);
#5578 = DEFINITIONAL_REPRESENTATION('',(#5579),#5583);
#5579 = LINE('',#5580,#5581);
#5580 = CARTESIAN_POINT('',(-9.5,-0.));
#5581 = VECTOR('',#5582,1.);
#5582 = DIRECTION('',(-0.,-1.));
#5583 = ( GEOMETRIC_REPRESENTATION_CONTEXT(2) 
PARAMETRIC_REPRESENTATION_CONTEXT() REPRESENTATION_CONTEXT('2D SPACE',''
  ) );
#5584 = PCURVE('',#5341,#5585);
#5585 = DEFINITIONAL_REPRESENTATION('',(#5586),#5590);
#5586 = LINE('',#5587,#5588);
#5587 = CARTESIAN_POINT('',(-14.,0.));
#5588 = VECTOR('',#5589,1.);
#5589 = DIRECTION('',(0.,1.));
#5590 = ( GEOMETRIC_REPRESENTATION_CONTEXT(2) 
PARAMETRIC_REPRESENTATION_CONTEXT() REPRESENTATION_CONTEXT('2D SPACE',''
  ) );
#5591 = ADVANCED_FACE('',(#5592),#2229,.F.);
#5592 = FACE_BOUND('',#5593,.T.);
#5593 = EDGE_LOOP('',(#5594,#5595,#5616,#5617));
#5594 = ORIENTED_EDGE('',*,*,#3607,.T.);
#5595 = ORIENTED_EDGE('',*,*,#5596,.T.);
#5596 = EDGE_CURVE('',#3610,#2209,#5597,.T.);
#5597 = SURFACE_CURVE('',#5598,(#5602,#5609),.PCURVE_S1.);
#5598 = LINE('',#5599,#5600);
#5599 = CARTESIAN_POINT('',(36.25,82.2,-0.1));
#5600 = VECTOR('',#5601,1.);
#5601 = DIRECTION('',(0.,0.,1.));
#5602 = PCURVE('',#2229,#5603);
#5603 = DEFINITIONAL_REPRESENTATION('',(#5604),#5608);
#5604 = LINE('',#5605,#5606);
#5605 = CARTESIAN_POINT('',(-7.853981633974,0.));
#5606 = VECTOR('',#5607,1.);
#5607 = DIRECTION('',(-0.,1.));
#5608 = ( GEOMETRIC_REPRESENTATION_CONTEXT(2) 
PARAMETRIC_REPRESENTATION_CONTEXT() REPRESENTATION_CONTEXT('2D SPACE',''
  ) );
#5609 = PCURVE('',#2316,#5610);
#5610 = DEFINITIONAL_REPRESENTATION('',(#5611),#5615);
#5611 = LINE('',#5612,#5613);
#5612 = CARTESIAN_POINT('',(-0.,28.));
#5613 = VECTOR('',#5614,1.);
#5614 = DIRECTION('',(-1.,-0.));
#5615 = ( GEOMETRIC_REPRESENTATION_CONTEXT(2) 
PARAMETRIC_REPRESENTATION_CONTEXT() REPRESENTATION_CONTEXT('2D SPACE',''
  ) );
#5616 = ORIENTED_EDGE('',*,*,#2206,.F.);
#5617 = ORIENTED_EDGE('',*,*,#5618,.F.);
#5618 = EDGE_CURVE('',#3608,#2207,#5619,.T.);
#5619 = SURFACE_CURVE('',#5620,(#5624,#5631),.PCURVE_S1.);
#5620 = LINE('',#5621,#5622);
#5621 = CARTESIAN_POINT('',(36.25,76.2,-0.1));
#5622 = VECTOR('',#5623,1.);
#5623 = DIRECTION('',(0.,0.,1.));
#5624 = PCURVE('',#2229,#5625);
#5625 = DEFINITIONAL_REPRESENTATION('',(#5626),#5630);
#5626 = LINE('',#5627,#5628);
#5627 = CARTESIAN_POINT('',(-4.712388980385,0.));
#5628 = VECTOR('',#5629,1.);
#5629 = DIRECTION('',(-0.,1.));
#5630 = ( GEOMETRIC_REPRESENTATION_CONTEXT(2) 
PARAMETRIC_REPRESENTATION_CONTEXT() REPRESENTATION_CONTEXT('2D SPACE',''
  ) );
#5631 = PCURVE('',#2257,#5632);
#5632 = DEFINITIONAL_REPRESENTATION('',(#5633),#5637);
#5633 = LINE('',#5634,#5635);
#5634 = CARTESIAN_POINT('',(-0.,28.));
#5635 = VECTOR('',#5636,1.);
#5636 = DIRECTION('',(-1.,-0.));
#5637 = ( GEOMETRIC_REPRESENTATION_CONTEXT(2) 
PARAMETRIC_REPRESENTATION_CONTEXT() REPRESENTATION_CONTEXT('2D SPACE',''
  ) );
#5638 = ADVANCED_FACE('',(#5639),#2257,.T.);
#5639 = FACE_BOUND('',#5640,.F.);
#5640 = EDGE_LOOP('',(#5641,#5642,#5643,#5664));
#5641 = ORIENTED_EDGE('',*,*,#5618,.F.);
#5642 = ORIENTED_EDGE('',*,*,#3637,.T.);
#5643 = ORIENTED_EDGE('',*,*,#5644,.T.);
#5644 = EDGE_CURVE('',#3638,#2242,#5645,.T.);
#5645 = SURFACE_CURVE('',#5646,(#5650,#5657),.PCURVE_S1.);
#5646 = LINE('',#5647,#5648);
#5647 = CARTESIAN_POINT('',(64.25,76.2,-0.1));
#5648 = VECTOR('',#5649,1.);
#5649 = DIRECTION('',(0.,0.,1.));
#5650 = PCURVE('',#2257,#5651);
#5651 = DEFINITIONAL_REPRESENTATION('',(#5652),#5656);
#5652 = LINE('',#5653,#5654);
#5653 = CARTESIAN_POINT('',(-0.,-0.));
#5654 = VECTOR('',#5655,1.);
#5655 = DIRECTION('',(-1.,-0.));
#5656 = ( GEOMETRIC_REPRESENTATION_CONTEXT(2) 
PARAMETRIC_REPRESENTATION_CONTEXT() REPRESENTATION_CONTEXT('2D SPACE',''
  ) );
#5657 = PCURVE('',#2290,#5658);
#5658 = DEFINITIONAL_REPRESENTATION('',(#5659),#5663);
#5659 = LINE('',#5660,#5661);
#5660 = CARTESIAN_POINT('',(-4.712388980385,0.));
#5661 = VECTOR('',#5662,1.);
#5662 = DIRECTION('',(-0.,1.));
#5663 = ( GEOMETRIC_REPRESENTATION_CONTEXT(2) 
PARAMETRIC_REPRESENTATION_CONTEXT() REPRESENTATION_CONTEXT('2D SPACE',''
  ) );
#5664 = ORIENTED_EDGE('',*,*,#2241,.F.);
#5665 = ADVANCED_FACE('',(#5666),#2290,.F.);
#5666 = FACE_BOUND('',#5667,.T.);
#5667 = EDGE_LOOP('',(#5668,#5669,#5690,#5691));
#5668 = ORIENTED_EDGE('',*,*,#2269,.F.);
#5669 = ORIENTED_EDGE('',*,*,#5670,.F.);
#5670 = EDGE_CURVE('',#3661,#2270,#5671,.T.);
#5671 = SURFACE_CURVE('',#5672,(#5676,#5683),.PCURVE_S1.);
#5672 = LINE('',#5673,#5674);
#5673 = CARTESIAN_POINT('',(64.25,82.2,-0.1));
#5674 = VECTOR('',#5675,1.);
#5675 = DIRECTION('',(0.,0.,1.));
#5676 = PCURVE('',#2290,#5677);
#5677 = DEFINITIONAL_REPRESENTATION('',(#5678),#5682);
#5678 = LINE('',#5679,#5680);
#5679 = CARTESIAN_POINT('',(-1.570796326795,0.));
#5680 = VECTOR('',#5681,1.);
#5681 = DIRECTION('',(-0.,1.));
#5682 = ( GEOMETRIC_REPRESENTATION_CONTEXT(2) 
PARAMETRIC_REPRESENTATION_CONTEXT() REPRESENTATION_CONTEXT('2D SPACE',''
  ) );
#5683 = PCURVE('',#2316,#5684);
#5684 = DEFINITIONAL_REPRESENTATION('',(#5685),#5689);
#5685 = LINE('',#5686,#5687);
#5686 = CARTESIAN_POINT('',(-0.,-0.));
#5687 = VECTOR('',#5688,1.);
#5688 = DIRECTION('',(-1.,-0.));
#5689 = ( GEOMETRIC_REPRESENTATION_CONTEXT(2) 
PARAMETRIC_REPRESENTATION_CONTEXT() REPRESENTATION_CONTEXT('2D SPACE',''
  ) );
#5690 = ORIENTED_EDGE('',*,*,#3660,.T.);
#5691 = ORIENTED_EDGE('',*,*,#5644,.T.);
#5692 = ADVANCED_FACE('',(#5693),#2316,.F.);
#5693 = FACE_BOUND('',#5694,.T.);
#5694 = EDGE_LOOP('',(#5695,#5696,#5697,#5698));
#5695 = ORIENTED_EDGE('',*,*,#5596,.F.);
#5696 = ORIENTED_EDGE('',*,*,#3688,.T.);
#5697 = ORIENTED_EDGE('',*,*,#5670,.T.);
#5698 = ORIENTED_EDGE('',*,*,#2302,.F.);
#5699 = ADVANCED_FACE('',(#5700),#2353,.F.);
#5700 = FACE_BOUND('',#5701,.T.);
#5701 = EDGE_LOOP('',(#5702,#5703,#5724,#5725));
#5702 = ORIENTED_EDGE('',*,*,#3815,.T.);
#5703 = ORIENTED_EDGE('',*,*,#5704,.T.);
#5704 = EDGE_CURVE('',#3818,#2333,#5705,.T.);
#5705 = SURFACE_CURVE('',#5706,(#5710,#5717),.PCURVE_S1.);
#5706 = LINE('',#5707,#5708);
#5707 = CARTESIAN_POINT('',(36.25,133.2,-0.1));
#5708 = VECTOR('',#5709,1.);
#5709 = DIRECTION('',(0.,0.,1.));
#5710 = PCURVE('',#2353,#5711);
#5711 = DEFINITIONAL_REPRESENTATION('',(#5712),#5716);
#5712 = LINE('',#5713,#5714);
#5713 = CARTESIAN_POINT('',(-7.853981633974,0.));
#5714 = VECTOR('',#5715,1.);
#5715 = DIRECTION('',(-0.,1.));
#5716 = ( GEOMETRIC_REPRESENTATION_CONTEXT(2) 
PARAMETRIC_REPRESENTATION_CONTEXT() REPRESENTATION_CONTEXT('2D SPACE',''
  ) );
#5717 = PCURVE('',#2440,#5718);
#5718 = DEFINITIONAL_REPRESENTATION('',(#5719),#5723);
#5719 = LINE('',#5720,#5721);
#5720 = CARTESIAN_POINT('',(-0.,28.));
#5721 = VECTOR('',#5722,1.);
#5722 = DIRECTION('',(-1.,-0.));
#5723 = ( GEOMETRIC_REPRESENTATION_CONTEXT(2) 
PARAMETRIC_REPRESENTATION_CONTEXT() REPRESENTATION_CONTEXT('2D SPACE',''
  ) );
#5724 = ORIENTED_EDGE('',*,*,#2330,.F.);
#5725 = ORIENTED_EDGE('',*,*,#5726,.F.);
#5726 = EDGE_CURVE('',#3816,#2331,#5727,.T.);
#5727 = SURFACE_CURVE('',#5728,(#5732,#5739),.PCURVE_S1.);
#5728 = LINE('',#5729,#5730);
#5729 = CARTESIAN_POINT('',(36.25,127.2,-0.1));
#5730 = VECTOR('',#5731,1.);
#5731 = DIRECTION('',(0.,0.,1.));
#5732 = PCURVE('',#2353,#5733);
#5733 = DEFINITIONAL_REPRESENTATION('',(#5734),#5738);
#5734 = LINE('',#5735,#5736);
#5735 = CARTESIAN_POINT('',(-4.712388980385,0.));
#5736 = VECTOR('',#5737,1.);
#5737 = DIRECTION('',(-0.,1.));
#5738 = ( GEOMETRIC_REPRESENTATION_CONTEXT(2) 
PARAMETRIC_REPRESENTATION_CONTEXT() REPRESENTATION_CONTEXT('2D SPACE',''
  ) );
#5739 = PCURVE('',#2381,#5740);
#5740 = DEFINITIONAL_REPRESENTATION('',(#5741),#5745);
#5741 = LINE('',#5742,#5743);
#5742 = CARTESIAN_POINT('',(-0.,28.));
#5743 = VECTOR('',#5744,1.);
#5744 = DIRECTION('',(-1.,-0.));
#5745 = ( GEOMETRIC_REPRESENTATION_CONTEXT(2) 
PARAMETRIC_REPRESENTATION_CONTEXT() REPRESENTATION_CONTEXT('2D SPACE',''
  ) );
#5746 = ADVANCED_FACE('',(#5747),#2381,.T.);
#5747 = FACE_BOUND('',#5748,.F.);
#5748 = EDGE_LOOP('',(#5749,#5750,#5751,#5772));
#5749 = ORIENTED_EDGE('',*,*,#5726,.F.);
#5750 = ORIENTED_EDGE('',*,*,#3845,.T.);
#5751 = ORIENTED_EDGE('',*,*,#5752,.T.);
#5752 = EDGE_CURVE('',#3846,#2366,#5753,.T.);
#5753 = SURFACE_CURVE('',#5754,(#5758,#5765),.PCURVE_S1.);
#5754 = LINE('',#5755,#5756);
#5755 = CARTESIAN_POINT('',(64.25,127.2,-0.1));
#5756 = VECTOR('',#5757,1.);
#5757 = DIRECTION('',(0.,0.,1.));
#5758 = PCURVE('',#2381,#5759);
#5759 = DEFINITIONAL_REPRESENTATION('',(#5760),#5764);
#5760 = LINE('',#5761,#5762);
#5761 = CARTESIAN_POINT('',(-0.,-0.));
#5762 = VECTOR('',#5763,1.);
#5763 = DIRECTION('',(-1.,-0.));
#5764 = ( GEOMETRIC_REPRESENTATION_CONTEXT(2) 
PARAMETRIC_REPRESENTATION_CONTEXT() REPRESENTATION_CONTEXT('2D SPACE',''
  ) );
#5765 = PCURVE('',#2414,#5766);
#5766 = DEFINITIONAL_REPRESENTATION('',(#5767),#5771);
#5767 = LINE('',#5768,#5769);
#5768 = CARTESIAN_POINT('',(-4.712388980385,0.));
#5769 = VECTOR('',#5770,1.);
#5770 = DIRECTION('',(-0.,1.));
#5771 = ( GEOMETRIC_REPRESENTATION_CONTEXT(2) 
PARAMETRIC_REPRESENTATION_CONTEXT() REPRESENTATION_CONTEXT('2D SPACE',''
  ) );
#5772 = ORIENTED_EDGE('',*,*,#2365,.F.);
#5773 = ADVANCED_FACE('',(#5774),#2414,.F.);
#5774 = FACE_BOUND('',#5775,.T.);
#5775 = EDGE_LOOP('',(#5776,#5777,#5798,#5799));
#5776 = ORIENTED_EDGE('',*,*,#2393,.F.);
#5777 = ORIENTED_EDGE('',*,*,#5778,.F.);
#5778 = EDGE_CURVE('',#3869,#2394,#5779,.T.);
#5779 = SURFACE_CURVE('',#5780,(#5784,#5791),.PCURVE_S1.);
#5780 = LINE('',#5781,#5782);
#5781 = CARTESIAN_POINT('',(64.25,133.2,-0.1));
#5782 = VECTOR('',#5783,1.);
#5783 = DIRECTION('',(0.,0.,1.));
#5784 = PCURVE('',#2414,#5785);
#5785 = DEFINITIONAL_REPRESENTATION('',(#5786),#5790);
#5786 = LINE('',#5787,#5788);
#5787 = CARTESIAN_POINT('',(-1.570796326795,0.));
#5788 = VECTOR('',#5789,1.);
#5789 = DIRECTION('',(-0.,1.));
#5790 = ( GEOMETRIC_REPRESENTATION_CONTEXT(2) 
PARAMETRIC_REPRESENTATION_CONTEXT() REPRESENTATION_CONTEXT('2D SPACE',''
  ) );
#5791 = PCURVE('',#2440,#5792);
#5792 = DEFINITIONAL_REPRESENTATION('',(#5793),#5797);
#5793 = LINE('',#5794,#5795);
#5794 = CARTESIAN_POINT('',(-0.,-0.));
#5795 = VECTOR('',#5796,1.);
#5796 = DIRECTION('',(-1.,-0.));
#5797 = ( GEOMETRIC_REPRESENTATION_CONTEXT(2) 
PARAMETRIC_REPRESENTATION_CONTEXT() REPRESENTATION_CONTEXT('2D SPACE',''
  ) );
#5798 = ORIENTED_EDGE('',*,*,#3868,.T.);
#5799 = ORIENTED_EDGE('',*,*,#5752,.T.);
#5800 = ADVANCED_FACE('',(#5801),#2440,.F.);
#5801 = FACE_BOUND('',#5802,.T.);
#5802 = EDGE_LOOP('',(#5803,#5804,#5805,#5806));
#5803 = ORIENTED_EDGE('',*,*,#5704,.F.);
#5804 = ORIENTED_EDGE('',*,*,#3896,.T.);
#5805 = ORIENTED_EDGE('',*,*,#5778,.T.);
#5806 = ORIENTED_EDGE('',*,*,#2426,.F.);
#5807 = ADVANCED_FACE('',(#5808),#2472,.F.);
#5808 = FACE_BOUND('',#5809,.T.);
#5809 = EDGE_LOOP('',(#5810,#5833,#5834,#5857));
#5810 = ORIENTED_EDGE('',*,*,#5811,.F.);
#5811 = EDGE_CURVE('',#2455,#5812,#5814,.T.);
#5812 = VERTEX_POINT('',#5813);
#5813 = CARTESIAN_POINT('',(19.25,104.2,12.));
#5814 = SURFACE_CURVE('',#5815,(#5819,#5826),.PCURVE_S1.);
#5815 = LINE('',#5816,#5817);
#5816 = CARTESIAN_POINT('',(19.25,104.2,2.5));
#5817 = VECTOR('',#5818,1.);
#5818 = DIRECTION('',(0.,0.,1.));
#5819 = PCURVE('',#2472,#5820);
#5820 = DEFINITIONAL_REPRESENTATION('',(#5821),#5825);
#5821 = LINE('',#5822,#5823);
#5822 = CARTESIAN_POINT('',(-0.,14.));
#5823 = VECTOR('',#5824,1.);
#5824 = DIRECTION('',(-1.,-0.));
#5825 = ( GEOMETRIC_REPRESENTATION_CONTEXT(2) 
PARAMETRIC_REPRESENTATION_CONTEXT() REPRESENTATION_CONTEXT('2D SPACE',''
  ) );
#5826 = PCURVE('',#2554,#5827);
#5827 = DEFINITIONAL_REPRESENTATION('',(#5828),#5832);
#5828 = LINE('',#5829,#5830);
#5829 = CARTESIAN_POINT('',(-0.,-0.));
#5830 = VECTOR('',#5831,1.);
#5831 = DIRECTION('',(-1.,-0.));
#5832 = ( GEOMETRIC_REPRESENTATION_CONTEXT(2) 
PARAMETRIC_REPRESENTATION_CONTEXT() REPRESENTATION_CONTEXT('2D SPACE',''
  ) );
#5833 = ORIENTED_EDGE('',*,*,#2454,.T.);
#5834 = ORIENTED_EDGE('',*,*,#5835,.T.);
#5835 = EDGE_CURVE('',#2457,#5836,#5838,.T.);
#5836 = VERTEX_POINT('',#5837);
#5837 = CARTESIAN_POINT('',(33.25,104.2,12.));
#5838 = SURFACE_CURVE('',#5839,(#5843,#5850),.PCURVE_S1.);
#5839 = LINE('',#5840,#5841);
#5840 = CARTESIAN_POINT('',(33.25,104.2,2.5));
#5841 = VECTOR('',#5842,1.);
#5842 = DIRECTION('',(0.,0.,1.));
#5843 = PCURVE('',#2472,#5844);
#5844 = DEFINITIONAL_REPRESENTATION('',(#5845),#5849);
#5845 = LINE('',#5846,#5847);
#5846 = CARTESIAN_POINT('',(-0.,-0.));
#5847 = VECTOR('',#5848,1.);
#5848 = DIRECTION('',(-1.,-0.));
#5849 = ( GEOMETRIC_REPRESENTATION_CONTEXT(2) 
PARAMETRIC_REPRESENTATION_CONTEXT() REPRESENTATION_CONTEXT('2D SPACE',''
  ) );
#5850 = PCURVE('',#2500,#5851);
#5851 = DEFINITIONAL_REPRESENTATION('',(#5852),#5856);
#5852 = LINE('',#5853,#5854);
#5853 = CARTESIAN_POINT('',(-0.,-0.));
#5854 = VECTOR('',#5855,1.);
#5855 = DIRECTION('',(-1.,-0.));
#5856 = ( GEOMETRIC_REPRESENTATION_CONTEXT(2) 
PARAMETRIC_REPRESENTATION_CONTEXT() REPRESENTATION_CONTEXT('2D SPACE',''
  ) );
#5857 = ORIENTED_EDGE('',*,*,#5858,.T.);
#5858 = EDGE_CURVE('',#5836,#5812,#5859,.T.);
#5859 = SURFACE_CURVE('',#5860,(#5864,#5871),.PCURVE_S1.);
#5860 = LINE('',#5861,#5862);
#5861 = CARTESIAN_POINT('',(33.25,104.2,12.));
#5862 = VECTOR('',#5863,1.);
#5863 = DIRECTION('',(-1.,-0.,0.));
#5864 = PCURVE('',#2472,#5865);
#5865 = DEFINITIONAL_REPRESENTATION('',(#5866),#5870);
#5866 = LINE('',#5867,#5868);
#5867 = CARTESIAN_POINT('',(-9.5,-0.));
#5868 = VECTOR('',#5869,1.);
#5869 = DIRECTION('',(-0.,1.));
#5870 = ( GEOMETRIC_REPRESENTATION_CONTEXT(2) 
PARAMETRIC_REPRESENTATION_CONTEXT() REPRESENTATION_CONTEXT('2D SPACE',''
  ) );
#5871 = PCURVE('',#5872,#5877);
#5872 = PLANE('',#5873);
#5873 = AXIS2_PLACEMENT_3D('',#5874,#5875,#5876);
#5874 = CARTESIAN_POINT('',(33.25,104.2,12.));
#5875 = DIRECTION('',(0.,0.,1.));
#5876 = DIRECTION('',(1.,0.,0.));
#5877 = DEFINITIONAL_REPRESENTATION('',(#5878),#5882);
#5878 = LINE('',#5879,#5880);
#5879 = CARTESIAN_POINT('',(0.,-0.));
#5880 = VECTOR('',#5881,1.);
#5881 = DIRECTION('',(-1.,0.));
#5882 = ( GEOMETRIC_REPRESENTATION_CONTEXT(2) 
PARAMETRIC_REPRESENTATION_CONTEXT() REPRESENTATION_CONTEXT('2D SPACE',''
  ) );
#5883 = ADVANCED_FACE('',(#5884),#2500,.F.);
#5884 = FACE_BOUND('',#5885,.T.);
#5885 = EDGE_LOOP('',(#5886,#5887,#5888,#5911));
#5886 = ORIENTED_EDGE('',*,*,#5835,.F.);
#5887 = ORIENTED_EDGE('',*,*,#2484,.T.);
#5888 = ORIENTED_EDGE('',*,*,#5889,.T.);
#5889 = EDGE_CURVE('',#2485,#5890,#5892,.T.);
#5890 = VERTEX_POINT('',#5891);
#5891 = CARTESIAN_POINT('',(33.25,107.2,12.));
#5892 = SURFACE_CURVE('',#5893,(#5897,#5904),.PCURVE_S1.);
#5893 = LINE('',#5894,#5895);
#5894 = CARTESIAN_POINT('',(33.25,107.2,2.5));
#5895 = VECTOR('',#5896,1.);
#5896 = DIRECTION('',(0.,0.,1.));
#5897 = PCURVE('',#2500,#5898);
#5898 = DEFINITIONAL_REPRESENTATION('',(#5899),#5903);
#5899 = LINE('',#5900,#5901);
#5900 = CARTESIAN_POINT('',(-0.,-3.));
#5901 = VECTOR('',#5902,1.);
#5902 = DIRECTION('',(-1.,-0.));
#5903 = ( GEOMETRIC_REPRESENTATION_CONTEXT(2) 
PARAMETRIC_REPRESENTATION_CONTEXT() REPRESENTATION_CONTEXT('2D SPACE',''
  ) );
#5904 = PCURVE('',#2528,#5905);
#5905 = DEFINITIONAL_REPRESENTATION('',(#5906),#5910);
#5906 = LINE('',#5907,#5908);
#5907 = CARTESIAN_POINT('',(-0.,-0.));
#5908 = VECTOR('',#5909,1.);
#5909 = DIRECTION('',(-1.,-0.));
#5910 = ( GEOMETRIC_REPRESENTATION_CONTEXT(2) 
PARAMETRIC_REPRESENTATION_CONTEXT() REPRESENTATION_CONTEXT('2D SPACE',''
  ) );
#5911 = ORIENTED_EDGE('',*,*,#5912,.F.);
#5912 = EDGE_CURVE('',#5836,#5890,#5913,.T.);
#5913 = SURFACE_CURVE('',#5914,(#5918,#5925),.PCURVE_S1.);
#5914 = LINE('',#5915,#5916);
#5915 = CARTESIAN_POINT('',(33.25,104.2,12.));
#5916 = VECTOR('',#5917,1.);
#5917 = DIRECTION('',(0.,1.,0.));
#5918 = PCURVE('',#2500,#5919);
#5919 = DEFINITIONAL_REPRESENTATION('',(#5920),#5924);
#5920 = LINE('',#5921,#5922);
#5921 = CARTESIAN_POINT('',(-9.5,-0.));
#5922 = VECTOR('',#5923,1.);
#5923 = DIRECTION('',(-0.,-1.));
#5924 = ( GEOMETRIC_REPRESENTATION_CONTEXT(2) 
PARAMETRIC_REPRESENTATION_CONTEXT() REPRESENTATION_CONTEXT('2D SPACE',''
  ) );
#5925 = PCURVE('',#5872,#5926);
#5926 = DEFINITIONAL_REPRESENTATION('',(#5927),#5931);
#5927 = LINE('',#5928,#5929);
#5928 = CARTESIAN_POINT('',(0.,-0.));
#5929 = VECTOR('',#5930,1.);
#5930 = DIRECTION('',(0.,1.));
#5931 = ( GEOMETRIC_REPRESENTATION_CONTEXT(2) 
PARAMETRIC_REPRESENTATION_CONTEXT() REPRESENTATION_CONTEXT('2D SPACE',''
  ) );
#5932 = ADVANCED_FACE('',(#5933,#5981),#2528,.T.);
#5933 = FACE_BOUND('',#5934,.F.);
#5934 = EDGE_LOOP('',(#5935,#5958,#5959,#5960));
#5935 = ORIENTED_EDGE('',*,*,#5936,.F.);
#5936 = EDGE_CURVE('',#2513,#5937,#5939,.T.);
#5937 = VERTEX_POINT('',#5938);
#5938 = CARTESIAN_POINT('',(19.25,107.2,12.));
#5939 = SURFACE_CURVE('',#5940,(#5944,#5951),.PCURVE_S1.);
#5940 = LINE('',#5941,#5942);
#5941 = CARTESIAN_POINT('',(19.25,107.2,2.5));
#5942 = VECTOR('',#5943,1.);
#5943 = DIRECTION('',(0.,0.,1.));
#5944 = PCURVE('',#2528,#5945);
#5945 = DEFINITIONAL_REPRESENTATION('',(#5946),#5950);
#5946 = LINE('',#5947,#5948);
#5947 = CARTESIAN_POINT('',(-0.,14.));
#5948 = VECTOR('',#5949,1.);
#5949 = DIRECTION('',(-1.,-0.));
#5950 = ( GEOMETRIC_REPRESENTATION_CONTEXT(2) 
PARAMETRIC_REPRESENTATION_CONTEXT() REPRESENTATION_CONTEXT('2D SPACE',''
  ) );
#5951 = PCURVE('',#2554,#5952);
#5952 = DEFINITIONAL_REPRESENTATION('',(#5953),#5957);
#5953 = LINE('',#5954,#5955);
#5954 = CARTESIAN_POINT('',(-0.,-3.));
#5955 = VECTOR('',#5956,1.);
#5956 = DIRECTION('',(-1.,-0.));
#5957 = ( GEOMETRIC_REPRESENTATION_CONTEXT(2) 
PARAMETRIC_REPRESENTATION_CONTEXT() REPRESENTATION_CONTEXT('2D SPACE',''
  ) );
#5958 = ORIENTED_EDGE('',*,*,#2512,.T.);
#5959 = ORIENTED_EDGE('',*,*,#5889,.T.);
#5960 = ORIENTED_EDGE('',*,*,#5961,.T.);
#5961 = EDGE_CURVE('',#5890,#5937,#5962,.T.);
#5962 = SURFACE_CURVE('',#5963,(#5967,#5974),.PCURVE_S1.);
#5963 = LINE('',#5964,#5965);
#5964 = CARTESIAN_POINT('',(33.25,107.2,12.));
#5965 = VECTOR('',#5966,1.);
#5966 = DIRECTION('',(-1.,-0.,0.));
#5967 = PCURVE('',#2528,#5968);
#5968 = DEFINITIONAL_REPRESENTATION('',(#5969),#5973);
#5969 = LINE('',#5970,#5971);
#5970 = CARTESIAN_POINT('',(-9.5,-0.));
#5971 = VECTOR('',#5972,1.);
#5972 = DIRECTION('',(-0.,1.));
#5973 = ( GEOMETRIC_REPRESENTATION_CONTEXT(2) 
PARAMETRIC_REPRESENTATION_CONTEXT() REPRESENTATION_CONTEXT('2D SPACE',''
  ) );
#5974 = PCURVE('',#5872,#5975);
#5975 = DEFINITIONAL_REPRESENTATION('',(#5976),#5980);
#5976 = LINE('',#5977,#5978);
#5977 = CARTESIAN_POINT('',(0.,3.));
#5978 = VECTOR('',#5979,1.);
#5979 = DIRECTION('',(-1.,0.));
#5980 = ( GEOMETRIC_REPRESENTATION_CONTEXT(2) 
PARAMETRIC_REPRESENTATION_CONTEXT() REPRESENTATION_CONTEXT('2D SPACE',''
  ) );
#5981 = FACE_BOUND('',#5982,.F.);
#5982 = EDGE_LOOP('',(#5983,#6013,#6041,#6069));
#5983 = ORIENTED_EDGE('',*,*,#5984,.F.);
#5984 = EDGE_CURVE('',#5985,#5987,#5989,.T.);
#5985 = VERTEX_POINT('',#5986);
#5986 = CARTESIAN_POINT('',(28.75,107.2,11.4));
#5987 = VERTEX_POINT('',#5988);
#5988 = CARTESIAN_POINT('',(23.75,107.2,11.4));
#5989 = SURFACE_CURVE('',#5990,(#5994,#6001),.PCURVE_S1.);
#5990 = LINE('',#5991,#5992);
#5991 = CARTESIAN_POINT('',(31.,107.2,11.4));
#5992 = VECTOR('',#5993,1.);
#5993 = DIRECTION('',(-1.,-0.,-0.));
#5994 = PCURVE('',#2528,#5995);
#5995 = DEFINITIONAL_REPRESENTATION('',(#5996),#6000);
#5996 = LINE('',#5997,#5998);
#5997 = CARTESIAN_POINT('',(-8.9,2.25));
#5998 = VECTOR('',#5999,1.);
#5999 = DIRECTION('',(-0.,1.));
#6000 = ( GEOMETRIC_REPRESENTATION_CONTEXT(2) 
PARAMETRIC_REPRESENTATION_CONTEXT() REPRESENTATION_CONTEXT('2D SPACE',''
  ) );
#6001 = PCURVE('',#6002,#6007);
#6002 = PLANE('',#6003);
#6003 = AXIS2_PLACEMENT_3D('',#6004,#6005,#6006);
#6004 = CARTESIAN_POINT('',(28.75,106.9,11.4));
#6005 = DIRECTION('',(0.,0.,1.));
#6006 = DIRECTION('',(1.,0.,0.));
#6007 = DEFINITIONAL_REPRESENTATION('',(#6008),#6012);
#6008 = LINE('',#6009,#6010);
#6009 = CARTESIAN_POINT('',(2.25,0.3));
#6010 = VECTOR('',#6011,1.);
#6011 = DIRECTION('',(-1.,0.));
#6012 = ( GEOMETRIC_REPRESENTATION_CONTEXT(2) 
PARAMETRIC_REPRESENTATION_CONTEXT() REPRESENTATION_CONTEXT('2D SPACE',''
  ) );
#6013 = ORIENTED_EDGE('',*,*,#6014,.T.);
#6014 = EDGE_CURVE('',#5985,#6015,#6017,.T.);
#6015 = VERTEX_POINT('',#6016);
#6016 = CARTESIAN_POINT('',(28.75,107.2,9.8));
#6017 = SURFACE_CURVE('',#6018,(#6022,#6029),.PCURVE_S1.);
#6018 = LINE('',#6019,#6020);
#6019 = CARTESIAN_POINT('',(28.75,107.2,6.15));
#6020 = VECTOR('',#6021,1.);
#6021 = DIRECTION('',(-0.,-0.,-1.));
#6022 = PCURVE('',#2528,#6023);
#6023 = DEFINITIONAL_REPRESENTATION('',(#6024),#6028);
#6024 = LINE('',#6025,#6026);
#6025 = CARTESIAN_POINT('',(-3.65,4.5));
#6026 = VECTOR('',#6027,1.);
#6027 = DIRECTION('',(1.,-0.));
#6028 = ( GEOMETRIC_REPRESENTATION_CONTEXT(2) 
PARAMETRIC_REPRESENTATION_CONTEXT() REPRESENTATION_CONTEXT('2D SPACE',''
  ) );
#6029 = PCURVE('',#6030,#6035);
#6030 = PLANE('',#6031);
#6031 = AXIS2_PLACEMENT_3D('',#6032,#6033,#6034);
#6032 = CARTESIAN_POINT('',(28.75,106.9,9.8));
#6033 = DIRECTION('',(-1.,-0.,0.));
#6034 = DIRECTION('',(0.,-0.,-1.));
#6035 = DEFINITIONAL_REPRESENTATION('',(#6036),#6040);
#6036 = LINE('',#6037,#6038);
#6037 = CARTESIAN_POINT('',(3.65,-0.3));
#6038 = VECTOR('',#6039,1.);
#6039 = DIRECTION('',(1.,-0.));
#6040 = ( GEOMETRIC_REPRESENTATION_CONTEXT(2) 
PARAMETRIC_REPRESENTATION_CONTEXT() REPRESENTATION_CONTEXT('2D SPACE',''
  ) );
#6041 = ORIENTED_EDGE('',*,*,#6042,.T.);
#6042 = EDGE_CURVE('',#6015,#6043,#6045,.T.);
#6043 = VERTEX_POINT('',#6044);
#6044 = CARTESIAN_POINT('',(23.75,107.2,9.8));
#6045 = SURFACE_CURVE('',#6046,(#6050,#6057),.PCURVE_S1.);
#6046 = LINE('',#6047,#6048);
#6047 = CARTESIAN_POINT('',(31.,107.2,9.8));
#6048 = VECTOR('',#6049,1.);
#6049 = DIRECTION('',(-1.,-0.,-0.));
#6050 = PCURVE('',#2528,#6051);
#6051 = DEFINITIONAL_REPRESENTATION('',(#6052),#6056);
#6052 = LINE('',#6053,#6054);
#6053 = CARTESIAN_POINT('',(-7.3,2.25));
#6054 = VECTOR('',#6055,1.);
#6055 = DIRECTION('',(-0.,1.));
#6056 = ( GEOMETRIC_REPRESENTATION_CONTEXT(2) 
PARAMETRIC_REPRESENTATION_CONTEXT() REPRESENTATION_CONTEXT('2D SPACE',''
  ) );
#6057 = PCURVE('',#6058,#6063);
#6058 = PLANE('',#6059);
#6059 = AXIS2_PLACEMENT_3D('',#6060,#6061,#6062);
#6060 = CARTESIAN_POINT('',(28.75,106.9,9.8));
#6061 = DIRECTION('',(0.,0.,1.));
#6062 = DIRECTION('',(1.,0.,0.));
#6063 = DEFINITIONAL_REPRESENTATION('',(#6064),#6068);
#6064 = LINE('',#6065,#6066);
#6065 = CARTESIAN_POINT('',(2.25,0.3));
#6066 = VECTOR('',#6067,1.);
#6067 = DIRECTION('',(-1.,0.));
#6068 = ( GEOMETRIC_REPRESENTATION_CONTEXT(2) 
PARAMETRIC_REPRESENTATION_CONTEXT() REPRESENTATION_CONTEXT('2D SPACE',''
  ) );
#6069 = ORIENTED_EDGE('',*,*,#6070,.F.);
#6070 = EDGE_CURVE('',#5987,#6043,#6071,.T.);
#6071 = SURFACE_CURVE('',#6072,(#6076,#6083),.PCURVE_S1.);
#6072 = LINE('',#6073,#6074);
#6073 = CARTESIAN_POINT('',(23.75,107.2,6.15));
#6074 = VECTOR('',#6075,1.);
#6075 = DIRECTION('',(-0.,-0.,-1.));
#6076 = PCURVE('',#2528,#6077);
#6077 = DEFINITIONAL_REPRESENTATION('',(#6078),#6082);
#6078 = LINE('',#6079,#6080);
#6079 = CARTESIAN_POINT('',(-3.65,9.5));
#6080 = VECTOR('',#6081,1.);
#6081 = DIRECTION('',(1.,-0.));
#6082 = ( GEOMETRIC_REPRESENTATION_CONTEXT(2) 
PARAMETRIC_REPRESENTATION_CONTEXT() REPRESENTATION_CONTEXT('2D SPACE',''
  ) );
#6083 = PCURVE('',#6084,#6089);
#6084 = PLANE('',#6085);
#6085 = AXIS2_PLACEMENT_3D('',#6086,#6087,#6088);
#6086 = CARTESIAN_POINT('',(23.75,106.9,9.8));
#6087 = DIRECTION('',(-1.,-0.,0.));
#6088 = DIRECTION('',(0.,-0.,-1.));
#6089 = DEFINITIONAL_REPRESENTATION('',(#6090),#6094);
#6090 = LINE('',#6091,#6092);
#6091 = CARTESIAN_POINT('',(3.65,-0.3));
#6092 = VECTOR('',#6093,1.);
#6093 = DIRECTION('',(1.,-0.));
#6094 = ( GEOMETRIC_REPRESENTATION_CONTEXT(2) 
PARAMETRIC_REPRESENTATION_CONTEXT() REPRESENTATION_CONTEXT('2D SPACE',''
  ) );
#6095 = ADVANCED_FACE('',(#6096),#2554,.T.);
#6096 = FACE_BOUND('',#6097,.F.);
#6097 = EDGE_LOOP('',(#6098,#6099,#6100,#6101));
#6098 = ORIENTED_EDGE('',*,*,#5811,.F.);
#6099 = ORIENTED_EDGE('',*,*,#2540,.T.);
#6100 = ORIENTED_EDGE('',*,*,#5936,.T.);
#6101 = ORIENTED_EDGE('',*,*,#6102,.F.);
#6102 = EDGE_CURVE('',#5812,#5937,#6103,.T.);
#6103 = SURFACE_CURVE('',#6104,(#6108,#6115),.PCURVE_S1.);
#6104 = LINE('',#6105,#6106);
#6105 = CARTESIAN_POINT('',(19.25,104.2,12.));
#6106 = VECTOR('',#6107,1.);
#6107 = DIRECTION('',(0.,1.,0.));
#6108 = PCURVE('',#2554,#6109);
#6109 = DEFINITIONAL_REPRESENTATION('',(#6110),#6114);
#6110 = LINE('',#6111,#6112);
#6111 = CARTESIAN_POINT('',(-9.5,-0.));
#6112 = VECTOR('',#6113,1.);
#6113 = DIRECTION('',(-0.,-1.));
#6114 = ( GEOMETRIC_REPRESENTATION_CONTEXT(2) 
PARAMETRIC_REPRESENTATION_CONTEXT() REPRESENTATION_CONTEXT('2D SPACE',''
  ) );
#6115 = PCURVE('',#5872,#6116);
#6116 = DEFINITIONAL_REPRESENTATION('',(#6117),#6121);
#6117 = LINE('',#6118,#6119);
#6118 = CARTESIAN_POINT('',(-14.,0.));
#6119 = VECTOR('',#6120,1.);
#6120 = DIRECTION('',(0.,1.));
#6121 = ( GEOMETRIC_REPRESENTATION_CONTEXT(2) 
PARAMETRIC_REPRESENTATION_CONTEXT() REPRESENTATION_CONTEXT('2D SPACE',''
  ) );
#6122 = ADVANCED_FACE('',(#6123),#1030,.T.);
#6123 = FACE_BOUND('',#6124,.F.);
#6124 = EDGE_LOOP('',(#6125,#6146,#6147,#6148));
#6125 = ORIENTED_EDGE('',*,*,#6126,.T.);
#6126 = EDGE_CURVE('',#3203,#1015,#6127,.T.);
#6127 = SURFACE_CURVE('',#6128,(#6132,#6139),.PCURVE_S1.);
#6128 = LINE('',#6129,#6130);
#6129 = CARTESIAN_POINT('',(0.,121.984,0.));
#6130 = VECTOR('',#6131,1.);
#6131 = DIRECTION('',(-0.,-0.,1.));
#6132 = PCURVE('',#1030,#6133);
#6133 = DEFINITIONAL_REPRESENTATION('',(#6134),#6138);
#6134 = LINE('',#6135,#6136);
#6135 = CARTESIAN_POINT('',(-0.,0.));
#6136 = VECTOR('',#6137,1.);
#6137 = DIRECTION('',(-0.,-1.));
#6138 = ( GEOMETRIC_REPRESENTATION_CONTEXT(2) 
PARAMETRIC_REPRESENTATION_CONTEXT() REPRESENTATION_CONTEXT('2D SPACE',''
  ) );
#6139 = PCURVE('',#1058,#6140);
#6140 = DEFINITIONAL_REPRESENTATION('',(#6141),#6145);
#6141 = LINE('',#6142,#6143);
#6142 = CARTESIAN_POINT('',(-12.,0.));
#6143 = VECTOR('',#6144,1.);
#6144 = DIRECTION('',(-0.,-1.));
#6145 = ( GEOMETRIC_REPRESENTATION_CONTEXT(2) 
PARAMETRIC_REPRESENTATION_CONTEXT() REPRESENTATION_CONTEXT('2D SPACE',''
  ) );
#6146 = ORIENTED_EDGE('',*,*,#1014,.T.);
#6147 = ORIENTED_EDGE('',*,*,#4146,.F.);
#6148 = ORIENTED_EDGE('',*,*,#3202,.F.);
#6149 = ADVANCED_FACE('',(#6150),#1086,.T.);
#6150 = FACE_BOUND('',#6151,.F.);
#6151 = EDGE_LOOP('',(#6152,#6153,#6154,#6175));
#6152 = ORIENTED_EDGE('',*,*,#4171,.T.);
#6153 = ORIENTED_EDGE('',*,*,#1070,.T.);
#6154 = ORIENTED_EDGE('',*,*,#6155,.F.);
#6155 = EDGE_CURVE('',#3226,#1043,#6156,.T.);
#6156 = SURFACE_CURVE('',#6157,(#6161,#6168),.PCURVE_S1.);
#6157 = LINE('',#6158,#6159);
#6158 = CARTESIAN_POINT('',(0.,133.984,0.));
#6159 = VECTOR('',#6160,1.);
#6160 = DIRECTION('',(-0.,-0.,1.));
#6161 = PCURVE('',#1086,#6162);
#6162 = DEFINITIONAL_REPRESENTATION('',(#6163),#6167);
#6163 = LINE('',#6164,#6165);
#6164 = CARTESIAN_POINT('',(-4.472135955,0.));
#6165 = VECTOR('',#6166,1.);
#6166 = DIRECTION('',(-0.,-1.));
#6167 = ( GEOMETRIC_REPRESENTATION_CONTEXT(2) 
PARAMETRIC_REPRESENTATION_CONTEXT() REPRESENTATION_CONTEXT('2D SPACE',''
  ) );
#6168 = PCURVE('',#1058,#6169);
#6169 = DEFINITIONAL_REPRESENTATION('',(#6170),#6174);
#6170 = LINE('',#6171,#6172);
#6171 = CARTESIAN_POINT('',(-0.,-0.));
#6172 = VECTOR('',#6173,1.);
#6173 = DIRECTION('',(-0.,-1.));
#6174 = ( GEOMETRIC_REPRESENTATION_CONTEXT(2) 
PARAMETRIC_REPRESENTATION_CONTEXT() REPRESENTATION_CONTEXT('2D SPACE',''
  ) );
#6175 = ORIENTED_EDGE('',*,*,#3248,.F.);
#6176 = ADVANCED_FACE('',(#6177),#1058,.T.);
#6177 = FACE_BOUND('',#6178,.F.);
#6178 = EDGE_LOOP('',(#6179,#6180,#6181,#6182));
#6179 = ORIENTED_EDGE('',*,*,#6155,.T.);
#6180 = ORIENTED_EDGE('',*,*,#1042,.T.);
#6181 = ORIENTED_EDGE('',*,*,#6126,.F.);
#6182 = ORIENTED_EDGE('',*,*,#3225,.F.);
#6183 = ADVANCED_FACE('',(#6184),#4279,.T.);
#6184 = FACE_BOUND('',#6185,.F.);
#6185 = EDGE_LOOP('',(#6186,#6187,#6188,#6189));
#6186 = ORIENTED_EDGE('',*,*,#4319,.F.);
#6187 = ORIENTED_EDGE('',*,*,#4265,.T.);
#6188 = ORIENTED_EDGE('',*,*,#4509,.T.);
#6189 = ORIENTED_EDGE('',*,*,#4368,.F.);
#6190 = ADVANCED_FACE('',(#6191),#4409,.T.);
#6191 = FACE_BOUND('',#6192,.F.);
#6192 = EDGE_LOOP('',(#6193,#6216,#6217,#6240));
#6193 = ORIENTED_EDGE('',*,*,#6194,.F.);
#6194 = EDGE_CURVE('',#4392,#6195,#6197,.T.);
#6195 = VERTEX_POINT('',#6196);
#6196 = CARTESIAN_POINT('',(88.55,8.8,13.25));
#6197 = SURFACE_CURVE('',#6198,(#6202,#6209),.PCURVE_S1.);
#6198 = LINE('',#6199,#6200);
#6199 = CARTESIAN_POINT('',(88.55,6.9,13.25));
#6200 = VECTOR('',#6201,1.);
#6201 = DIRECTION('',(0.,1.,0.));
#6202 = PCURVE('',#4409,#6203);
#6203 = DEFINITIONAL_REPRESENTATION('',(#6204),#6208);
#6204 = LINE('',#6205,#6206);
#6205 = CARTESIAN_POINT('',(0.,-0.));
#6206 = VECTOR('',#6207,1.);
#6207 = DIRECTION('',(0.,1.));
#6208 = ( GEOMETRIC_REPRESENTATION_CONTEXT(2) 
PARAMETRIC_REPRESENTATION_CONTEXT() REPRESENTATION_CONTEXT('2D SPACE',''
  ) );
#6209 = PCURVE('',#4437,#6210);
#6210 = DEFINITIONAL_REPRESENTATION('',(#6211),#6215);
#6211 = LINE('',#6212,#6213);
#6212 = CARTESIAN_POINT('',(-1.6,-0.));
#6213 = VECTOR('',#6214,1.);
#6214 = DIRECTION('',(-0.,-1.));
#6215 = ( GEOMETRIC_REPRESENTATION_CONTEXT(2) 
PARAMETRIC_REPRESENTATION_CONTEXT() REPRESENTATION_CONTEXT('2D SPACE',''
  ) );
#6216 = ORIENTED_EDGE('',*,*,#4391,.T.);
#6217 = ORIENTED_EDGE('',*,*,#6218,.T.);
#6218 = EDGE_CURVE('',#4394,#6219,#6221,.T.);
#6219 = VERTEX_POINT('',#6220);
#6220 = CARTESIAN_POINT('',(82.55,8.8,13.25));
#6221 = SURFACE_CURVE('',#6222,(#6226,#6233),.PCURVE_S1.);
#6222 = LINE('',#6223,#6224);
#6223 = CARTESIAN_POINT('',(82.55,6.9,13.25));
#6224 = VECTOR('',#6225,1.);
#6225 = DIRECTION('',(0.,1.,0.));
#6226 = PCURVE('',#4409,#6227);
#6227 = DEFINITIONAL_REPRESENTATION('',(#6228),#6232);
#6228 = LINE('',#6229,#6230);
#6229 = CARTESIAN_POINT('',(-6.,0.));
#6230 = VECTOR('',#6231,1.);
#6231 = DIRECTION('',(0.,1.));
#6232 = ( GEOMETRIC_REPRESENTATION_CONTEXT(2) 
PARAMETRIC_REPRESENTATION_CONTEXT() REPRESENTATION_CONTEXT('2D SPACE',''
  ) );
#6233 = PCURVE('',#4491,#6234);
#6234 = DEFINITIONAL_REPRESENTATION('',(#6235),#6239);
#6235 = LINE('',#6236,#6237);
#6236 = CARTESIAN_POINT('',(-1.6,-0.));
#6237 = VECTOR('',#6238,1.);
#6238 = DIRECTION('',(-0.,-1.));
#6239 = ( GEOMETRIC_REPRESENTATION_CONTEXT(2) 
PARAMETRIC_REPRESENTATION_CONTEXT() REPRESENTATION_CONTEXT('2D SPACE',''
  ) );
#6240 = ORIENTED_EDGE('',*,*,#6241,.F.);
#6241 = EDGE_CURVE('',#6195,#6219,#6242,.T.);
#6242 = SURFACE_CURVE('',#6243,(#6247,#6254),.PCURVE_S1.);
#6243 = LINE('',#6244,#6245);
#6244 = CARTESIAN_POINT('',(88.55,8.8,13.25));
#6245 = VECTOR('',#6246,1.);
#6246 = DIRECTION('',(-1.,-0.,0.));
#6247 = PCURVE('',#4409,#6248);
#6248 = DEFINITIONAL_REPRESENTATION('',(#6249),#6253);
#6249 = LINE('',#6250,#6251);
#6250 = CARTESIAN_POINT('',(0.,1.9));
#6251 = VECTOR('',#6252,1.);
#6252 = DIRECTION('',(-1.,0.));
#6253 = ( GEOMETRIC_REPRESENTATION_CONTEXT(2) 
PARAMETRIC_REPRESENTATION_CONTEXT() REPRESENTATION_CONTEXT('2D SPACE',''
  ) );
#6254 = PCURVE('',#6255,#6260);
#6255 = PLANE('',#6256);
#6256 = AXIS2_PLACEMENT_3D('',#6257,#6258,#6259);
#6257 = CARTESIAN_POINT('',(88.55,8.8,11.65));
#6258 = DIRECTION('',(0.,1.,0.));
#6259 = DIRECTION('',(0.,-0.,-1.));
#6260 = DEFINITIONAL_REPRESENTATION('',(#6261),#6265);
#6261 = LINE('',#6262,#6263);
#6262 = CARTESIAN_POINT('',(-1.6,-0.));
#6263 = VECTOR('',#6264,1.);
#6264 = DIRECTION('',(-0.,1.));
#6265 = ( GEOMETRIC_REPRESENTATION_CONTEXT(2) 
PARAMETRIC_REPRESENTATION_CONTEXT() REPRESENTATION_CONTEXT('2D SPACE',''
  ) );
#6266 = ADVANCED_FACE('',(#6267),#4491,.T.);
#6267 = FACE_BOUND('',#6268,.F.);
#6268 = EDGE_LOOP('',(#6269,#6270,#6271,#6294));
#6269 = ORIENTED_EDGE('',*,*,#6218,.F.);
#6270 = ORIENTED_EDGE('',*,*,#4477,.T.);
#6271 = ORIENTED_EDGE('',*,*,#6272,.T.);
#6272 = EDGE_CURVE('',#4450,#6273,#6275,.T.);
#6273 = VERTEX_POINT('',#6274);
#6274 = CARTESIAN_POINT('',(82.55,8.8,11.65));
#6275 = SURFACE_CURVE('',#6276,(#6280,#6287),.PCURVE_S1.);
#6276 = LINE('',#6277,#6278);
#6277 = CARTESIAN_POINT('',(82.55,6.9,11.65));
#6278 = VECTOR('',#6279,1.);
#6279 = DIRECTION('',(0.,1.,0.));
#6280 = PCURVE('',#4491,#6281);
#6281 = DEFINITIONAL_REPRESENTATION('',(#6282),#6286);
#6282 = LINE('',#6283,#6284);
#6283 = CARTESIAN_POINT('',(-0.,-0.));
#6284 = VECTOR('',#6285,1.);
#6285 = DIRECTION('',(-0.,-1.));
#6286 = ( GEOMETRIC_REPRESENTATION_CONTEXT(2) 
PARAMETRIC_REPRESENTATION_CONTEXT() REPRESENTATION_CONTEXT('2D SPACE',''
  ) );
#6287 = PCURVE('',#4465,#6288);
#6288 = DEFINITIONAL_REPRESENTATION('',(#6289),#6293);
#6289 = LINE('',#6290,#6291);
#6290 = CARTESIAN_POINT('',(-6.,0.));
#6291 = VECTOR('',#6292,1.);
#6292 = DIRECTION('',(0.,1.));
#6293 = ( GEOMETRIC_REPRESENTATION_CONTEXT(2) 
PARAMETRIC_REPRESENTATION_CONTEXT() REPRESENTATION_CONTEXT('2D SPACE',''
  ) );
#6294 = ORIENTED_EDGE('',*,*,#6295,.T.);
#6295 = EDGE_CURVE('',#6273,#6219,#6296,.T.);
#6296 = SURFACE_CURVE('',#6297,(#6301,#6308),.PCURVE_S1.);
#6297 = LINE('',#6298,#6299);
#6298 = CARTESIAN_POINT('',(82.55,8.8,11.65));
#6299 = VECTOR('',#6300,1.);
#6300 = DIRECTION('',(0.,0.,1.));
#6301 = PCURVE('',#4491,#6302);
#6302 = DEFINITIONAL_REPRESENTATION('',(#6303),#6307);
#6303 = LINE('',#6304,#6305);
#6304 = CARTESIAN_POINT('',(-0.,-1.9));
#6305 = VECTOR('',#6306,1.);
#6306 = DIRECTION('',(-1.,-0.));
#6307 = ( GEOMETRIC_REPRESENTATION_CONTEXT(2) 
PARAMETRIC_REPRESENTATION_CONTEXT() REPRESENTATION_CONTEXT('2D SPACE',''
  ) );
#6308 = PCURVE('',#6255,#6309);
#6309 = DEFINITIONAL_REPRESENTATION('',(#6310),#6314);
#6310 = LINE('',#6311,#6312);
#6311 = CARTESIAN_POINT('',(-0.,6.));
#6312 = VECTOR('',#6313,1.);
#6313 = DIRECTION('',(-1.,-0.));
#6314 = ( GEOMETRIC_REPRESENTATION_CONTEXT(2) 
PARAMETRIC_REPRESENTATION_CONTEXT() REPRESENTATION_CONTEXT('2D SPACE',''
  ) );
#6315 = ADVANCED_FACE('',(#6316),#4465,.F.);
#6316 = FACE_BOUND('',#6317,.T.);
#6317 = EDGE_LOOP('',(#6318,#6341,#6342,#6343));
#6318 = ORIENTED_EDGE('',*,*,#6319,.F.);
#6319 = EDGE_CURVE('',#4422,#6320,#6322,.T.);
#6320 = VERTEX_POINT('',#6321);
#6321 = CARTESIAN_POINT('',(88.55,8.8,11.65));
#6322 = SURFACE_CURVE('',#6323,(#6327,#6334),.PCURVE_S1.);
#6323 = LINE('',#6324,#6325);
#6324 = CARTESIAN_POINT('',(88.55,6.9,11.65));
#6325 = VECTOR('',#6326,1.);
#6326 = DIRECTION('',(0.,1.,0.));
#6327 = PCURVE('',#4465,#6328);
#6328 = DEFINITIONAL_REPRESENTATION('',(#6329),#6333);
#6329 = LINE('',#6330,#6331);
#6330 = CARTESIAN_POINT('',(0.,-0.));
#6331 = VECTOR('',#6332,1.);
#6332 = DIRECTION('',(0.,1.));
#6333 = ( GEOMETRIC_REPRESENTATION_CONTEXT(2) 
PARAMETRIC_REPRESENTATION_CONTEXT() REPRESENTATION_CONTEXT('2D SPACE',''
  ) );
#6334 = PCURVE('',#4437,#6335);
#6335 = DEFINITIONAL_REPRESENTATION('',(#6336),#6340);
#6336 = LINE('',#6337,#6338);
#6337 = CARTESIAN_POINT('',(-0.,-0.));
#6338 = VECTOR('',#6339,1.);
#6339 = DIRECTION('',(-0.,-1.));
#6340 = ( GEOMETRIC_REPRESENTATION_CONTEXT(2) 
PARAMETRIC_REPRESENTATION_CONTEXT() REPRESENTATION_CONTEXT('2D SPACE',''
  ) );
#6341 = ORIENTED_EDGE('',*,*,#4449,.T.);
#6342 = ORIENTED_EDGE('',*,*,#6272,.T.);
#6343 = ORIENTED_EDGE('',*,*,#6344,.F.);
#6344 = EDGE_CURVE('',#6320,#6273,#6345,.T.);
#6345 = SURFACE_CURVE('',#6346,(#6350,#6357),.PCURVE_S1.);
#6346 = LINE('',#6347,#6348);
#6347 = CARTESIAN_POINT('',(88.55,8.8,11.65));
#6348 = VECTOR('',#6349,1.);
#6349 = DIRECTION('',(-1.,-0.,0.));
#6350 = PCURVE('',#4465,#6351);
#6351 = DEFINITIONAL_REPRESENTATION('',(#6352),#6356);
#6352 = LINE('',#6353,#6354);
#6353 = CARTESIAN_POINT('',(0.,1.9));
#6354 = VECTOR('',#6355,1.);
#6355 = DIRECTION('',(-1.,0.));
#6356 = ( GEOMETRIC_REPRESENTATION_CONTEXT(2) 
PARAMETRIC_REPRESENTATION_CONTEXT() REPRESENTATION_CONTEXT('2D SPACE',''
  ) );
#6357 = PCURVE('',#6255,#6358);
#6358 = DEFINITIONAL_REPRESENTATION('',(#6359),#6363);
#6359 = LINE('',#6360,#6361);
#6360 = CARTESIAN_POINT('',(-0.,-0.));
#6361 = VECTOR('',#6362,1.);
#6362 = DIRECTION('',(-0.,1.));
#6363 = ( GEOMETRIC_REPRESENTATION_CONTEXT(2) 
PARAMETRIC_REPRESENTATION_CONTEXT() REPRESENTATION_CONTEXT('2D SPACE',''
  ) );
#6364 = ADVANCED_FACE('',(#6365),#4437,.F.);
#6365 = FACE_BOUND('',#6366,.T.);
#6366 = EDGE_LOOP('',(#6367,#6368,#6369,#6370));
#6367 = ORIENTED_EDGE('',*,*,#6194,.F.);
#6368 = ORIENTED_EDGE('',*,*,#4421,.T.);
#6369 = ORIENTED_EDGE('',*,*,#6319,.T.);
#6370 = ORIENTED_EDGE('',*,*,#6371,.T.);
#6371 = EDGE_CURVE('',#6320,#6195,#6372,.T.);
#6372 = SURFACE_CURVE('',#6373,(#6377,#6384),.PCURVE_S1.);
#6373 = LINE('',#6374,#6375);
#6374 = CARTESIAN_POINT('',(88.55,8.8,11.65));
#6375 = VECTOR('',#6376,1.);
#6376 = DIRECTION('',(0.,0.,1.));
#6377 = PCURVE('',#4437,#6378);
#6378 = DEFINITIONAL_REPRESENTATION('',(#6379),#6383);
#6379 = LINE('',#6380,#6381);
#6380 = CARTESIAN_POINT('',(-0.,-1.9));
#6381 = VECTOR('',#6382,1.);
#6382 = DIRECTION('',(-1.,-0.));
#6383 = ( GEOMETRIC_REPRESENTATION_CONTEXT(2) 
PARAMETRIC_REPRESENTATION_CONTEXT() REPRESENTATION_CONTEXT('2D SPACE',''
  ) );
#6384 = PCURVE('',#6255,#6385);
#6385 = DEFINITIONAL_REPRESENTATION('',(#6386),#6390);
#6386 = LINE('',#6387,#6388);
#6387 = CARTESIAN_POINT('',(-0.,-0.));
#6388 = VECTOR('',#6389,1.);
#6389 = DIRECTION('',(-1.,-0.));
#6390 = ( GEOMETRIC_REPRESENTATION_CONTEXT(2) 
PARAMETRIC_REPRESENTATION_CONTEXT() REPRESENTATION_CONTEXT('2D SPACE',''
  ) );
#6391 = ADVANCED_FACE('',(#6392),#4702,.T.);
#6392 = FACE_BOUND('',#6393,.F.);
#6393 = EDGE_LOOP('',(#6394,#6395,#6396,#6397));
#6394 = ORIENTED_EDGE('',*,*,#4742,.F.);
#6395 = ORIENTED_EDGE('',*,*,#4688,.T.);
#6396 = ORIENTED_EDGE('',*,*,#4932,.T.);
#6397 = ORIENTED_EDGE('',*,*,#4791,.F.);
#6398 = ADVANCED_FACE('',(#6399),#4832,.T.);
#6399 = FACE_BOUND('',#6400,.F.);
#6400 = EDGE_LOOP('',(#6401,#6424,#6425,#6448));
#6401 = ORIENTED_EDGE('',*,*,#6402,.F.);
#6402 = EDGE_CURVE('',#4815,#6403,#6405,.T.);
#6403 = VERTEX_POINT('',#6404);
#6404 = CARTESIAN_POINT('',(88.55,58.8,13.25));
#6405 = SURFACE_CURVE('',#6406,(#6410,#6417),.PCURVE_S1.);
#6406 = LINE('',#6407,#6408);
#6407 = CARTESIAN_POINT('',(88.55,56.9,13.25));
#6408 = VECTOR('',#6409,1.);
#6409 = DIRECTION('',(0.,1.,0.));
#6410 = PCURVE('',#4832,#6411);
#6411 = DEFINITIONAL_REPRESENTATION('',(#6412),#6416);
#6412 = LINE('',#6413,#6414);
#6413 = CARTESIAN_POINT('',(0.,-0.));
#6414 = VECTOR('',#6415,1.);
#6415 = DIRECTION('',(0.,1.));
#6416 = ( GEOMETRIC_REPRESENTATION_CONTEXT(2) 
PARAMETRIC_REPRESENTATION_CONTEXT() REPRESENTATION_CONTEXT('2D SPACE',''
  ) );
#6417 = PCURVE('',#4860,#6418);
#6418 = DEFINITIONAL_REPRESENTATION('',(#6419),#6423);
#6419 = LINE('',#6420,#6421);
#6420 = CARTESIAN_POINT('',(-1.6,-0.));
#6421 = VECTOR('',#6422,1.);
#6422 = DIRECTION('',(-0.,-1.));
#6423 = ( GEOMETRIC_REPRESENTATION_CONTEXT(2) 
PARAMETRIC_REPRESENTATION_CONTEXT() REPRESENTATION_CONTEXT('2D SPACE',''
  ) );
#6424 = ORIENTED_EDGE('',*,*,#4814,.T.);
#6425 = ORIENTED_EDGE('',*,*,#6426,.T.);
#6426 = EDGE_CURVE('',#4817,#6427,#6429,.T.);
#6427 = VERTEX_POINT('',#6428);
#6428 = CARTESIAN_POINT('',(82.55,58.8,13.25));
#6429 = SURFACE_CURVE('',#6430,(#6434,#6441),.PCURVE_S1.);
#6430 = LINE('',#6431,#6432);
#6431 = CARTESIAN_POINT('',(82.55,56.9,13.25));
#6432 = VECTOR('',#6433,1.);
#6433 = DIRECTION('',(0.,1.,0.));
#6434 = PCURVE('',#4832,#6435);
#6435 = DEFINITIONAL_REPRESENTATION('',(#6436),#6440);
#6436 = LINE('',#6437,#6438);
#6437 = CARTESIAN_POINT('',(-6.,0.));
#6438 = VECTOR('',#6439,1.);
#6439 = DIRECTION('',(0.,1.));
#6440 = ( GEOMETRIC_REPRESENTATION_CONTEXT(2) 
PARAMETRIC_REPRESENTATION_CONTEXT() REPRESENTATION_CONTEXT('2D SPACE',''
  ) );
#6441 = PCURVE('',#4914,#6442);
#6442 = DEFINITIONAL_REPRESENTATION('',(#6443),#6447);
#6443 = LINE('',#6444,#6445);
#6444 = CARTESIAN_POINT('',(-1.6,-0.));
#6445 = VECTOR('',#6446,1.);
#6446 = DIRECTION('',(-0.,-1.));
#6447 = ( GEOMETRIC_REPRESENTATION_CONTEXT(2) 
PARAMETRIC_REPRESENTATION_CONTEXT() REPRESENTATION_CONTEXT('2D SPACE',''
  ) );
#6448 = ORIENTED_EDGE('',*,*,#6449,.F.);
#6449 = EDGE_CURVE('',#6403,#6427,#6450,.T.);
#6450 = SURFACE_CURVE('',#6451,(#6455,#6462),.PCURVE_S1.);
#6451 = LINE('',#6452,#6453);
#6452 = CARTESIAN_POINT('',(88.55,58.8,13.25));
#6453 = VECTOR('',#6454,1.);
#6454 = DIRECTION('',(-1.,-0.,0.));
#6455 = PCURVE('',#4832,#6456);
#6456 = DEFINITIONAL_REPRESENTATION('',(#6457),#6461);
#6457 = LINE('',#6458,#6459);
#6458 = CARTESIAN_POINT('',(0.,1.9));
#6459 = VECTOR('',#6460,1.);
#6460 = DIRECTION('',(-1.,0.));
#6461 = ( GEOMETRIC_REPRESENTATION_CONTEXT(2) 
PARAMETRIC_REPRESENTATION_CONTEXT() REPRESENTATION_CONTEXT('2D SPACE',''
  ) );
#6462 = PCURVE('',#6463,#6468);
#6463 = PLANE('',#6464);
#6464 = AXIS2_PLACEMENT_3D('',#6465,#6466,#6467);
#6465 = CARTESIAN_POINT('',(88.55,58.8,11.65));
#6466 = DIRECTION('',(0.,1.,0.));
#6467 = DIRECTION('',(0.,-0.,-1.));
#6468 = DEFINITIONAL_REPRESENTATION('',(#6469),#6473);
#6469 = LINE('',#6470,#6471);
#6470 = CARTESIAN_POINT('',(-1.6,-0.));
#6471 = VECTOR('',#6472,1.);
#6472 = DIRECTION('',(-0.,1.));
#6473 = ( GEOMETRIC_REPRESENTATION_CONTEXT(2) 
PARAMETRIC_REPRESENTATION_CONTEXT() REPRESENTATION_CONTEXT('2D SPACE',''
  ) );
#6474 = ADVANCED_FACE('',(#6475),#4914,.T.);
#6475 = FACE_BOUND('',#6476,.F.);
#6476 = EDGE_LOOP('',(#6477,#6478,#6479,#6502));
#6477 = ORIENTED_EDGE('',*,*,#6426,.F.);
#6478 = ORIENTED_EDGE('',*,*,#4900,.T.);
#6479 = ORIENTED_EDGE('',*,*,#6480,.T.);
#6480 = EDGE_CURVE('',#4873,#6481,#6483,.T.);
#6481 = VERTEX_POINT('',#6482);
#6482 = CARTESIAN_POINT('',(82.55,58.8,11.65));
#6483 = SURFACE_CURVE('',#6484,(#6488,#6495),.PCURVE_S1.);
#6484 = LINE('',#6485,#6486);
#6485 = CARTESIAN_POINT('',(82.55,56.9,11.65));
#6486 = VECTOR('',#6487,1.);
#6487 = DIRECTION('',(0.,1.,0.));
#6488 = PCURVE('',#4914,#6489);
#6489 = DEFINITIONAL_REPRESENTATION('',(#6490),#6494);
#6490 = LINE('',#6491,#6492);
#6491 = CARTESIAN_POINT('',(-0.,-0.));
#6492 = VECTOR('',#6493,1.);
#6493 = DIRECTION('',(-0.,-1.));
#6494 = ( GEOMETRIC_REPRESENTATION_CONTEXT(2) 
PARAMETRIC_REPRESENTATION_CONTEXT() REPRESENTATION_CONTEXT('2D SPACE',''
  ) );
#6495 = PCURVE('',#4888,#6496);
#6496 = DEFINITIONAL_REPRESENTATION('',(#6497),#6501);
#6497 = LINE('',#6498,#6499);
#6498 = CARTESIAN_POINT('',(-6.,0.));
#6499 = VECTOR('',#6500,1.);
#6500 = DIRECTION('',(0.,1.));
#6501 = ( GEOMETRIC_REPRESENTATION_CONTEXT(2) 
PARAMETRIC_REPRESENTATION_CONTEXT() REPRESENTATION_CONTEXT('2D SPACE',''
  ) );
#6502 = ORIENTED_EDGE('',*,*,#6503,.T.);
#6503 = EDGE_CURVE('',#6481,#6427,#6504,.T.);
#6504 = SURFACE_CURVE('',#6505,(#6509,#6516),.PCURVE_S1.);
#6505 = LINE('',#6506,#6507);
#6506 = CARTESIAN_POINT('',(82.55,58.8,11.65));
#6507 = VECTOR('',#6508,1.);
#6508 = DIRECTION('',(0.,0.,1.));
#6509 = PCURVE('',#4914,#6510);
#6510 = DEFINITIONAL_REPRESENTATION('',(#6511),#6515);
#6511 = LINE('',#6512,#6513);
#6512 = CARTESIAN_POINT('',(-0.,-1.9));
#6513 = VECTOR('',#6514,1.);
#6514 = DIRECTION('',(-1.,-0.));
#6515 = ( GEOMETRIC_REPRESENTATION_CONTEXT(2) 
PARAMETRIC_REPRESENTATION_CONTEXT() REPRESENTATION_CONTEXT('2D SPACE',''
  ) );
#6516 = PCURVE('',#6463,#6517);
#6517 = DEFINITIONAL_REPRESENTATION('',(#6518),#6522);
#6518 = LINE('',#6519,#6520);
#6519 = CARTESIAN_POINT('',(-0.,6.));
#6520 = VECTOR('',#6521,1.);
#6521 = DIRECTION('',(-1.,-0.));
#6522 = ( GEOMETRIC_REPRESENTATION_CONTEXT(2) 
PARAMETRIC_REPRESENTATION_CONTEXT() REPRESENTATION_CONTEXT('2D SPACE',''
  ) );
#6523 = ADVANCED_FACE('',(#6524),#4888,.F.);
#6524 = FACE_BOUND('',#6525,.T.);
#6525 = EDGE_LOOP('',(#6526,#6549,#6550,#6551));
#6526 = ORIENTED_EDGE('',*,*,#6527,.F.);
#6527 = EDGE_CURVE('',#4845,#6528,#6530,.T.);
#6528 = VERTEX_POINT('',#6529);
#6529 = CARTESIAN_POINT('',(88.55,58.8,11.65));
#6530 = SURFACE_CURVE('',#6531,(#6535,#6542),.PCURVE_S1.);
#6531 = LINE('',#6532,#6533);
#6532 = CARTESIAN_POINT('',(88.55,56.9,11.65));
#6533 = VECTOR('',#6534,1.);
#6534 = DIRECTION('',(0.,1.,0.));
#6535 = PCURVE('',#4888,#6536);
#6536 = DEFINITIONAL_REPRESENTATION('',(#6537),#6541);
#6537 = LINE('',#6538,#6539);
#6538 = CARTESIAN_POINT('',(0.,-0.));
#6539 = VECTOR('',#6540,1.);
#6540 = DIRECTION('',(0.,1.));
#6541 = ( GEOMETRIC_REPRESENTATION_CONTEXT(2) 
PARAMETRIC_REPRESENTATION_CONTEXT() REPRESENTATION_CONTEXT('2D SPACE',''
  ) );
#6542 = PCURVE('',#4860,#6543);
#6543 = DEFINITIONAL_REPRESENTATION('',(#6544),#6548);
#6544 = LINE('',#6545,#6546);
#6545 = CARTESIAN_POINT('',(-0.,-0.));
#6546 = VECTOR('',#6547,1.);
#6547 = DIRECTION('',(-0.,-1.));
#6548 = ( GEOMETRIC_REPRESENTATION_CONTEXT(2) 
PARAMETRIC_REPRESENTATION_CONTEXT() REPRESENTATION_CONTEXT('2D SPACE',''
  ) );
#6549 = ORIENTED_EDGE('',*,*,#4872,.T.);
#6550 = ORIENTED_EDGE('',*,*,#6480,.T.);
#6551 = ORIENTED_EDGE('',*,*,#6552,.F.);
#6552 = EDGE_CURVE('',#6528,#6481,#6553,.T.);
#6553 = SURFACE_CURVE('',#6554,(#6558,#6565),.PCURVE_S1.);
#6554 = LINE('',#6555,#6556);
#6555 = CARTESIAN_POINT('',(88.55,58.8,11.65));
#6556 = VECTOR('',#6557,1.);
#6557 = DIRECTION('',(-1.,-0.,0.));
#6558 = PCURVE('',#4888,#6559);
#6559 = DEFINITIONAL_REPRESENTATION('',(#6560),#6564);
#6560 = LINE('',#6561,#6562);
#6561 = CARTESIAN_POINT('',(0.,1.9));
#6562 = VECTOR('',#6563,1.);
#6563 = DIRECTION('',(-1.,0.));
#6564 = ( GEOMETRIC_REPRESENTATION_CONTEXT(2) 
PARAMETRIC_REPRESENTATION_CONTEXT() REPRESENTATION_CONTEXT('2D SPACE',''
  ) );
#6565 = PCURVE('',#6463,#6566);
#6566 = DEFINITIONAL_REPRESENTATION('',(#6567),#6571);
#6567 = LINE('',#6568,#6569);
#6568 = CARTESIAN_POINT('',(-0.,-0.));
#6569 = VECTOR('',#6570,1.);
#6570 = DIRECTION('',(-0.,1.));
#6571 = ( GEOMETRIC_REPRESENTATION_CONTEXT(2) 
PARAMETRIC_REPRESENTATION_CONTEXT() REPRESENTATION_CONTEXT('2D SPACE',''
  ) );
#6572 = ADVANCED_FACE('',(#6573),#4860,.F.);
#6573 = FACE_BOUND('',#6574,.T.);
#6574 = EDGE_LOOP('',(#6575,#6576,#6577,#6578));
#6575 = ORIENTED_EDGE('',*,*,#6402,.F.);
#6576 = ORIENTED_EDGE('',*,*,#4844,.T.);
#6577 = ORIENTED_EDGE('',*,*,#6527,.T.);
#6578 = ORIENTED_EDGE('',*,*,#6579,.T.);
#6579 = EDGE_CURVE('',#6528,#6403,#6580,.T.);
#6580 = SURFACE_CURVE('',#6581,(#6585,#6592),.PCURVE_S1.);
#6581 = LINE('',#6582,#6583);
#6582 = CARTESIAN_POINT('',(88.55,58.8,11.65));
#6583 = VECTOR('',#6584,1.);
#6584 = DIRECTION('',(0.,0.,1.));
#6585 = PCURVE('',#4860,#6586);
#6586 = DEFINITIONAL_REPRESENTATION('',(#6587),#6591);
#6587 = LINE('',#6588,#6589);
#6588 = CARTESIAN_POINT('',(-0.,-1.9));
#6589 = VECTOR('',#6590,1.);
#6590 = DIRECTION('',(-1.,-0.));
#6591 = ( GEOMETRIC_REPRESENTATION_CONTEXT(2) 
PARAMETRIC_REPRESENTATION_CONTEXT() REPRESENTATION_CONTEXT('2D SPACE',''
  ) );
#6592 = PCURVE('',#6463,#6593);
#6593 = DEFINITIONAL_REPRESENTATION('',(#6594),#6598);
#6594 = LINE('',#6595,#6596);
#6595 = CARTESIAN_POINT('',(-0.,-0.));
#6596 = VECTOR('',#6597,1.);
#6597 = DIRECTION('',(-1.,-0.));
#6598 = ( GEOMETRIC_REPRESENTATION_CONTEXT(2) 
PARAMETRIC_REPRESENTATION_CONTEXT() REPRESENTATION_CONTEXT('2D SPACE',''
  ) );
#6599 = ADVANCED_FACE('',(#6600),#5341,.T.);
#6600 = FACE_BOUND('',#6601,.F.);
#6601 = EDGE_LOOP('',(#6602,#6603,#6604,#6605));
#6602 = ORIENTED_EDGE('',*,*,#5381,.F.);
#6603 = ORIENTED_EDGE('',*,*,#5327,.T.);
#6604 = ORIENTED_EDGE('',*,*,#5571,.T.);
#6605 = ORIENTED_EDGE('',*,*,#5430,.F.);
#6606 = ADVANCED_FACE('',(#6607),#5471,.T.);
#6607 = FACE_BOUND('',#6608,.F.);
#6608 = EDGE_LOOP('',(#6609,#6632,#6633,#6656));
#6609 = ORIENTED_EDGE('',*,*,#6610,.F.);
#6610 = EDGE_CURVE('',#5454,#6611,#6613,.T.);
#6611 = VERTEX_POINT('',#6612);
#6612 = CARTESIAN_POINT('',(86.75,108.8,11.4));
#6613 = SURFACE_CURVE('',#6614,(#6618,#6625),.PCURVE_S1.);
#6614 = LINE('',#6615,#6616);
#6615 = CARTESIAN_POINT('',(86.75,106.9,11.4));
#6616 = VECTOR('',#6617,1.);
#6617 = DIRECTION('',(0.,1.,0.));
#6618 = PCURVE('',#5471,#6619);
#6619 = DEFINITIONAL_REPRESENTATION('',(#6620),#6624);
#6620 = LINE('',#6621,#6622);
#6621 = CARTESIAN_POINT('',(0.,-0.));
#6622 = VECTOR('',#6623,1.);
#6623 = DIRECTION('',(0.,1.));
#6624 = ( GEOMETRIC_REPRESENTATION_CONTEXT(2) 
PARAMETRIC_REPRESENTATION_CONTEXT() REPRESENTATION_CONTEXT('2D SPACE',''
  ) );
#6625 = PCURVE('',#5499,#6626);
#6626 = DEFINITIONAL_REPRESENTATION('',(#6627),#6631);
#6627 = LINE('',#6628,#6629);
#6628 = CARTESIAN_POINT('',(-1.6,-0.));
#6629 = VECTOR('',#6630,1.);
#6630 = DIRECTION('',(-0.,-1.));
#6631 = ( GEOMETRIC_REPRESENTATION_CONTEXT(2) 
PARAMETRIC_REPRESENTATION_CONTEXT() REPRESENTATION_CONTEXT('2D SPACE',''
  ) );
#6632 = ORIENTED_EDGE('',*,*,#5453,.T.);
#6633 = ORIENTED_EDGE('',*,*,#6634,.T.);
#6634 = EDGE_CURVE('',#5456,#6635,#6637,.T.);
#6635 = VERTEX_POINT('',#6636);
#6636 = CARTESIAN_POINT('',(81.75,108.8,11.4));
#6637 = SURFACE_CURVE('',#6638,(#6642,#6649),.PCURVE_S1.);
#6638 = LINE('',#6639,#6640);
#6639 = CARTESIAN_POINT('',(81.75,106.9,11.4));
#6640 = VECTOR('',#6641,1.);
#6641 = DIRECTION('',(0.,1.,0.));
#6642 = PCURVE('',#5471,#6643);
#6643 = DEFINITIONAL_REPRESENTATION('',(#6644),#6648);
#6644 = LINE('',#6645,#6646);
#6645 = CARTESIAN_POINT('',(-5.,0.));
#6646 = VECTOR('',#6647,1.);
#6647 = DIRECTION('',(0.,1.));
#6648 = ( GEOMETRIC_REPRESENTATION_CONTEXT(2) 
PARAMETRIC_REPRESENTATION_CONTEXT() REPRESENTATION_CONTEXT('2D SPACE',''
  ) );
#6649 = PCURVE('',#5553,#6650);
#6650 = DEFINITIONAL_REPRESENTATION('',(#6651),#6655);
#6651 = LINE('',#6652,#6653);
#6652 = CARTESIAN_POINT('',(-1.6,-0.));
#6653 = VECTOR('',#6654,1.);
#6654 = DIRECTION('',(-0.,-1.));
#6655 = ( GEOMETRIC_REPRESENTATION_CONTEXT(2) 
PARAMETRIC_REPRESENTATION_CONTEXT() REPRESENTATION_CONTEXT('2D SPACE',''
  ) );
#6656 = ORIENTED_EDGE('',*,*,#6657,.F.);
#6657 = EDGE_CURVE('',#6611,#6635,#6658,.T.);
#6658 = SURFACE_CURVE('',#6659,(#6663,#6670),.PCURVE_S1.);
#6659 = LINE('',#6660,#6661);
#6660 = CARTESIAN_POINT('',(86.75,108.8,11.4));
#6661 = VECTOR('',#6662,1.);
#6662 = DIRECTION('',(-1.,-0.,0.));
#6663 = PCURVE('',#5471,#6664);
#6664 = DEFINITIONAL_REPRESENTATION('',(#6665),#6669);
#6665 = LINE('',#6666,#6667);
#6666 = CARTESIAN_POINT('',(0.,1.9));
#6667 = VECTOR('',#6668,1.);
#6668 = DIRECTION('',(-1.,0.));
#6669 = ( GEOMETRIC_REPRESENTATION_CONTEXT(2) 
PARAMETRIC_REPRESENTATION_CONTEXT() REPRESENTATION_CONTEXT('2D SPACE',''
  ) );
#6670 = PCURVE('',#6671,#6676);
#6671 = PLANE('',#6672);
#6672 = AXIS2_PLACEMENT_3D('',#6673,#6674,#6675);
#6673 = CARTESIAN_POINT('',(86.75,108.8,9.8));
#6674 = DIRECTION('',(0.,1.,0.));
#6675 = DIRECTION('',(0.,-0.,-1.));
#6676 = DEFINITIONAL_REPRESENTATION('',(#6677),#6681);
#6677 = LINE('',#6678,#6679);
#6678 = CARTESIAN_POINT('',(-1.6,-0.));
#6679 = VECTOR('',#6680,1.);
#6680 = DIRECTION('',(-0.,1.));
#6681 = ( GEOMETRIC_REPRESENTATION_CONTEXT(2) 
PARAMETRIC_REPRESENTATION_CONTEXT() REPRESENTATION_CONTEXT('2D SPACE',''
  ) );
#6682 = ADVANCED_FACE('',(#6683),#5553,.T.);
#6683 = FACE_BOUND('',#6684,.F.);
#6684 = EDGE_LOOP('',(#6685,#6686,#6687,#6710));
#6685 = ORIENTED_EDGE('',*,*,#6634,.F.);
#6686 = ORIENTED_EDGE('',*,*,#5539,.T.);
#6687 = ORIENTED_EDGE('',*,*,#6688,.T.);
#6688 = EDGE_CURVE('',#5512,#6689,#6691,.T.);
#6689 = VERTEX_POINT('',#6690);
#6690 = CARTESIAN_POINT('',(81.75,108.8,9.8));
#6691 = SURFACE_CURVE('',#6692,(#6696,#6703),.PCURVE_S1.);
#6692 = LINE('',#6693,#6694);
#6693 = CARTESIAN_POINT('',(81.75,106.9,9.8));
#6694 = VECTOR('',#6695,1.);
#6695 = DIRECTION('',(0.,1.,0.));
#6696 = PCURVE('',#5553,#6697);
#6697 = DEFINITIONAL_REPRESENTATION('',(#6698),#6702);
#6698 = LINE('',#6699,#6700);
#6699 = CARTESIAN_POINT('',(-0.,-0.));
#6700 = VECTOR('',#6701,1.);
#6701 = DIRECTION('',(-0.,-1.));
#6702 = ( GEOMETRIC_REPRESENTATION_CONTEXT(2) 
PARAMETRIC_REPRESENTATION_CONTEXT() REPRESENTATION_CONTEXT('2D SPACE',''
  ) );
#6703 = PCURVE('',#5527,#6704);
#6704 = DEFINITIONAL_REPRESENTATION('',(#6705),#6709);
#6705 = LINE('',#6706,#6707);
#6706 = CARTESIAN_POINT('',(-5.,0.));
#6707 = VECTOR('',#6708,1.);
#6708 = DIRECTION('',(0.,1.));
#6709 = ( GEOMETRIC_REPRESENTATION_CONTEXT(2) 
PARAMETRIC_REPRESENTATION_CONTEXT() REPRESENTATION_CONTEXT('2D SPACE',''
  ) );
#6710 = ORIENTED_EDGE('',*,*,#6711,.T.);
#6711 = EDGE_CURVE('',#6689,#6635,#6712,.T.);
#6712 = SURFACE_CURVE('',#6713,(#6717,#6724),.PCURVE_S1.);
#6713 = LINE('',#6714,#6715);
#6714 = CARTESIAN_POINT('',(81.75,108.8,9.8));
#6715 = VECTOR('',#6716,1.);
#6716 = DIRECTION('',(0.,0.,1.));
#6717 = PCURVE('',#5553,#6718);
#6718 = DEFINITIONAL_REPRESENTATION('',(#6719),#6723);
#6719 = LINE('',#6720,#6721);
#6720 = CARTESIAN_POINT('',(-0.,-1.9));
#6721 = VECTOR('',#6722,1.);
#6722 = DIRECTION('',(-1.,-0.));
#6723 = ( GEOMETRIC_REPRESENTATION_CONTEXT(2) 
PARAMETRIC_REPRESENTATION_CONTEXT() REPRESENTATION_CONTEXT('2D SPACE',''
  ) );
#6724 = PCURVE('',#6671,#6725);
#6725 = DEFINITIONAL_REPRESENTATION('',(#6726),#6730);
#6726 = LINE('',#6727,#6728);
#6727 = CARTESIAN_POINT('',(-0.,5.));
#6728 = VECTOR('',#6729,1.);
#6729 = DIRECTION('',(-1.,-0.));
#6730 = ( GEOMETRIC_REPRESENTATION_CONTEXT(2) 
PARAMETRIC_REPRESENTATION_CONTEXT() REPRESENTATION_CONTEXT('2D SPACE',''
  ) );
#6731 = ADVANCED_FACE('',(#6732),#5527,.F.);
#6732 = FACE_BOUND('',#6733,.T.);
#6733 = EDGE_LOOP('',(#6734,#6757,#6758,#6759));
#6734 = ORIENTED_EDGE('',*,*,#6735,.F.);
#6735 = EDGE_CURVE('',#5484,#6736,#6738,.T.);
#6736 = VERTEX_POINT('',#6737);
#6737 = CARTESIAN_POINT('',(86.75,108.8,9.8));
#6738 = SURFACE_CURVE('',#6739,(#6743,#6750),.PCURVE_S1.);
#6739 = LINE('',#6740,#6741);
#6740 = CARTESIAN_POINT('',(86.75,106.9,9.8));
#6741 = VECTOR('',#6742,1.);
#6742 = DIRECTION('',(0.,1.,0.));
#6743 = PCURVE('',#5527,#6744);
#6744 = DEFINITIONAL_REPRESENTATION('',(#6745),#6749);
#6745 = LINE('',#6746,#6747);
#6746 = CARTESIAN_POINT('',(0.,-0.));
#6747 = VECTOR('',#6748,1.);
#6748 = DIRECTION('',(0.,1.));
#6749 = ( GEOMETRIC_REPRESENTATION_CONTEXT(2) 
PARAMETRIC_REPRESENTATION_CONTEXT() REPRESENTATION_CONTEXT('2D SPACE',''
  ) );
#6750 = PCURVE('',#5499,#6751);
#6751 = DEFINITIONAL_REPRESENTATION('',(#6752),#6756);
#6752 = LINE('',#6753,#6754);
#6753 = CARTESIAN_POINT('',(-0.,-0.));
#6754 = VECTOR('',#6755,1.);
#6755 = DIRECTION('',(-0.,-1.));
#6756 = ( GEOMETRIC_REPRESENTATION_CONTEXT(2) 
PARAMETRIC_REPRESENTATION_CONTEXT() REPRESENTATION_CONTEXT('2D SPACE',''
  ) );
#6757 = ORIENTED_EDGE('',*,*,#5511,.T.);
#6758 = ORIENTED_EDGE('',*,*,#6688,.T.);
#6759 = ORIENTED_EDGE('',*,*,#6760,.F.);
#6760 = EDGE_CURVE('',#6736,#6689,#6761,.T.);
#6761 = SURFACE_CURVE('',#6762,(#6766,#6773),.PCURVE_S1.);
#6762 = LINE('',#6763,#6764);
#6763 = CARTESIAN_POINT('',(86.75,108.8,9.8));
#6764 = VECTOR('',#6765,1.);
#6765 = DIRECTION('',(-1.,-0.,0.));
#6766 = PCURVE('',#5527,#6767);
#6767 = DEFINITIONAL_REPRESENTATION('',(#6768),#6772);
#6768 = LINE('',#6769,#6770);
#6769 = CARTESIAN_POINT('',(0.,1.9));
#6770 = VECTOR('',#6771,1.);
#6771 = DIRECTION('',(-1.,0.));
#6772 = ( GEOMETRIC_REPRESENTATION_CONTEXT(2) 
PARAMETRIC_REPRESENTATION_CONTEXT() REPRESENTATION_CONTEXT('2D SPACE',''
  ) );
#6773 = PCURVE('',#6671,#6774);
#6774 = DEFINITIONAL_REPRESENTATION('',(#6775),#6779);
#6775 = LINE('',#6776,#6777);
#6776 = CARTESIAN_POINT('',(-0.,-0.));
#6777 = VECTOR('',#6778,1.);
#6778 = DIRECTION('',(-0.,1.));
#6779 = ( GEOMETRIC_REPRESENTATION_CONTEXT(2) 
PARAMETRIC_REPRESENTATION_CONTEXT() REPRESENTATION_CONTEXT('2D SPACE',''
  ) );
#6780 = ADVANCED_FACE('',(#6781),#5499,.F.);
#6781 = FACE_BOUND('',#6782,.T.);
#6782 = EDGE_LOOP('',(#6783,#6784,#6785,#6786));
#6783 = ORIENTED_EDGE('',*,*,#6610,.F.);
#6784 = ORIENTED_EDGE('',*,*,#5483,.T.);
#6785 = ORIENTED_EDGE('',*,*,#6735,.T.);
#6786 = ORIENTED_EDGE('',*,*,#6787,.T.);
#6787 = EDGE_CURVE('',#6736,#6611,#6788,.T.);
#6788 = SURFACE_CURVE('',#6789,(#6793,#6800),.PCURVE_S1.);
#6789 = LINE('',#6790,#6791);
#6790 = CARTESIAN_POINT('',(86.75,108.8,9.8));
#6791 = VECTOR('',#6792,1.);
#6792 = DIRECTION('',(0.,0.,1.));
#6793 = PCURVE('',#5499,#6794);
#6794 = DEFINITIONAL_REPRESENTATION('',(#6795),#6799);
#6795 = LINE('',#6796,#6797);
#6796 = CARTESIAN_POINT('',(-0.,-1.9));
#6797 = VECTOR('',#6798,1.);
#6798 = DIRECTION('',(-1.,-0.));
#6799 = ( GEOMETRIC_REPRESENTATION_CONTEXT(2) 
PARAMETRIC_REPRESENTATION_CONTEXT() REPRESENTATION_CONTEXT('2D SPACE',''
  ) );
#6800 = PCURVE('',#6671,#6801);
#6801 = DEFINITIONAL_REPRESENTATION('',(#6802),#6806);
#6802 = LINE('',#6803,#6804);
#6803 = CARTESIAN_POINT('',(-0.,-0.));
#6804 = VECTOR('',#6805,1.);
#6805 = DIRECTION('',(-1.,-0.));
#6806 = ( GEOMETRIC_REPRESENTATION_CONTEXT(2) 
PARAMETRIC_REPRESENTATION_CONTEXT() REPRESENTATION_CONTEXT('2D SPACE',''
  ) );
#6807 = ADVANCED_FACE('',(#6808),#5872,.T.);
#6808 = FACE_BOUND('',#6809,.F.);
#6809 = EDGE_LOOP('',(#6810,#6811,#6812,#6813));
#6810 = ORIENTED_EDGE('',*,*,#5912,.F.);
#6811 = ORIENTED_EDGE('',*,*,#5858,.T.);
#6812 = ORIENTED_EDGE('',*,*,#6102,.T.);
#6813 = ORIENTED_EDGE('',*,*,#5961,.F.);
#6814 = ADVANCED_FACE('',(#6815),#6002,.T.);
#6815 = FACE_BOUND('',#6816,.F.);
#6816 = EDGE_LOOP('',(#6817,#6840,#6841,#6864));
#6817 = ORIENTED_EDGE('',*,*,#6818,.F.);
#6818 = EDGE_CURVE('',#5985,#6819,#6821,.T.);
#6819 = VERTEX_POINT('',#6820);
#6820 = CARTESIAN_POINT('',(28.75,108.8,11.4));
#6821 = SURFACE_CURVE('',#6822,(#6826,#6833),.PCURVE_S1.);
#6822 = LINE('',#6823,#6824);
#6823 = CARTESIAN_POINT('',(28.75,106.9,11.4));
#6824 = VECTOR('',#6825,1.);
#6825 = DIRECTION('',(0.,1.,0.));
#6826 = PCURVE('',#6002,#6827);
#6827 = DEFINITIONAL_REPRESENTATION('',(#6828),#6832);
#6828 = LINE('',#6829,#6830);
#6829 = CARTESIAN_POINT('',(0.,-0.));
#6830 = VECTOR('',#6831,1.);
#6831 = DIRECTION('',(0.,1.));
#6832 = ( GEOMETRIC_REPRESENTATION_CONTEXT(2) 
PARAMETRIC_REPRESENTATION_CONTEXT() REPRESENTATION_CONTEXT('2D SPACE',''
  ) );
#6833 = PCURVE('',#6030,#6834);
#6834 = DEFINITIONAL_REPRESENTATION('',(#6835),#6839);
#6835 = LINE('',#6836,#6837);
#6836 = CARTESIAN_POINT('',(-1.6,-0.));
#6837 = VECTOR('',#6838,1.);
#6838 = DIRECTION('',(-0.,-1.));
#6839 = ( GEOMETRIC_REPRESENTATION_CONTEXT(2) 
PARAMETRIC_REPRESENTATION_CONTEXT() REPRESENTATION_CONTEXT('2D SPACE',''
  ) );
#6840 = ORIENTED_EDGE('',*,*,#5984,.T.);
#6841 = ORIENTED_EDGE('',*,*,#6842,.T.);
#6842 = EDGE_CURVE('',#5987,#6843,#6845,.T.);
#6843 = VERTEX_POINT('',#6844);
#6844 = CARTESIAN_POINT('',(23.75,108.8,11.4));
#6845 = SURFACE_CURVE('',#6846,(#6850,#6857),.PCURVE_S1.);
#6846 = LINE('',#6847,#6848);
#6847 = CARTESIAN_POINT('',(23.75,106.9,11.4));
#6848 = VECTOR('',#6849,1.);
#6849 = DIRECTION('',(0.,1.,0.));
#6850 = PCURVE('',#6002,#6851);
#6851 = DEFINITIONAL_REPRESENTATION('',(#6852),#6856);
#6852 = LINE('',#6853,#6854);
#6853 = CARTESIAN_POINT('',(-5.,0.));
#6854 = VECTOR('',#6855,1.);
#6855 = DIRECTION('',(0.,1.));
#6856 = ( GEOMETRIC_REPRESENTATION_CONTEXT(2) 
PARAMETRIC_REPRESENTATION_CONTEXT() REPRESENTATION_CONTEXT('2D SPACE',''
  ) );
#6857 = PCURVE('',#6084,#6858);
#6858 = DEFINITIONAL_REPRESENTATION('',(#6859),#6863);
#6859 = LINE('',#6860,#6861);
#6860 = CARTESIAN_POINT('',(-1.6,-0.));
#6861 = VECTOR('',#6862,1.);
#6862 = DIRECTION('',(-0.,-1.));
#6863 = ( GEOMETRIC_REPRESENTATION_CONTEXT(2) 
PARAMETRIC_REPRESENTATION_CONTEXT() REPRESENTATION_CONTEXT('2D SPACE',''
  ) );
#6864 = ORIENTED_EDGE('',*,*,#6865,.F.);
#6865 = EDGE_CURVE('',#6819,#6843,#6866,.T.);
#6866 = SURFACE_CURVE('',#6867,(#6871,#6878),.PCURVE_S1.);
#6867 = LINE('',#6868,#6869);
#6868 = CARTESIAN_POINT('',(28.75,108.8,11.4));
#6869 = VECTOR('',#6870,1.);
#6870 = DIRECTION('',(-1.,-0.,0.));
#6871 = PCURVE('',#6002,#6872);
#6872 = DEFINITIONAL_REPRESENTATION('',(#6873),#6877);
#6873 = LINE('',#6874,#6875);
#6874 = CARTESIAN_POINT('',(0.,1.9));
#6875 = VECTOR('',#6876,1.);
#6876 = DIRECTION('',(-1.,0.));
#6877 = ( GEOMETRIC_REPRESENTATION_CONTEXT(2) 
PARAMETRIC_REPRESENTATION_CONTEXT() REPRESENTATION_CONTEXT('2D SPACE',''
  ) );
#6878 = PCURVE('',#6879,#6884);
#6879 = PLANE('',#6880);
#6880 = AXIS2_PLACEMENT_3D('',#6881,#6882,#6883);
#6881 = CARTESIAN_POINT('',(28.75,108.8,9.8));
#6882 = DIRECTION('',(0.,1.,0.));
#6883 = DIRECTION('',(0.,-0.,-1.));
#6884 = DEFINITIONAL_REPRESENTATION('',(#6885),#6889);
#6885 = LINE('',#6886,#6887);
#6886 = CARTESIAN_POINT('',(-1.6,-0.));
#6887 = VECTOR('',#6888,1.);
#6888 = DIRECTION('',(-0.,1.));
#6889 = ( GEOMETRIC_REPRESENTATION_CONTEXT(2) 
PARAMETRIC_REPRESENTATION_CONTEXT() REPRESENTATION_CONTEXT('2D SPACE',''
  ) );
#6890 = ADVANCED_FACE('',(#6891),#6084,.T.);
#6891 = FACE_BOUND('',#6892,.F.);
#6892 = EDGE_LOOP('',(#6893,#6894,#6895,#6918));
#6893 = ORIENTED_EDGE('',*,*,#6842,.F.);
#6894 = ORIENTED_EDGE('',*,*,#6070,.T.);
#6895 = ORIENTED_EDGE('',*,*,#6896,.T.);
#6896 = EDGE_CURVE('',#6043,#6897,#6899,.T.);
#6897 = VERTEX_POINT('',#6898);
#6898 = CARTESIAN_POINT('',(23.75,108.8,9.8));
#6899 = SURFACE_CURVE('',#6900,(#6904,#6911),.PCURVE_S1.);
#6900 = LINE('',#6901,#6902);
#6901 = CARTESIAN_POINT('',(23.75,106.9,9.8));
#6902 = VECTOR('',#6903,1.);
#6903 = DIRECTION('',(0.,1.,0.));
#6904 = PCURVE('',#6084,#6905);
#6905 = DEFINITIONAL_REPRESENTATION('',(#6906),#6910);
#6906 = LINE('',#6907,#6908);
#6907 = CARTESIAN_POINT('',(-0.,-0.));
#6908 = VECTOR('',#6909,1.);
#6909 = DIRECTION('',(-0.,-1.));
#6910 = ( GEOMETRIC_REPRESENTATION_CONTEXT(2) 
PARAMETRIC_REPRESENTATION_CONTEXT() REPRESENTATION_CONTEXT('2D SPACE',''
  ) );
#6911 = PCURVE('',#6058,#6912);
#6912 = DEFINITIONAL_REPRESENTATION('',(#6913),#6917);
#6913 = LINE('',#6914,#6915);
#6914 = CARTESIAN_POINT('',(-5.,0.));
#6915 = VECTOR('',#6916,1.);
#6916 = DIRECTION('',(0.,1.));
#6917 = ( GEOMETRIC_REPRESENTATION_CONTEXT(2) 
PARAMETRIC_REPRESENTATION_CONTEXT() REPRESENTATION_CONTEXT('2D SPACE',''
  ) );
#6918 = ORIENTED_EDGE('',*,*,#6919,.T.);
#6919 = EDGE_CURVE('',#6897,#6843,#6920,.T.);
#6920 = SURFACE_CURVE('',#6921,(#6925,#6932),.PCURVE_S1.);
#6921 = LINE('',#6922,#6923);
#6922 = CARTESIAN_POINT('',(23.75,108.8,9.8));
#6923 = VECTOR('',#6924,1.);
#6924 = DIRECTION('',(0.,0.,1.));
#6925 = PCURVE('',#6084,#6926);
#6926 = DEFINITIONAL_REPRESENTATION('',(#6927),#6931);
#6927 = LINE('',#6928,#6929);
#6928 = CARTESIAN_POINT('',(-0.,-1.9));
#6929 = VECTOR('',#6930,1.);
#6930 = DIRECTION('',(-1.,-0.));
#6931 = ( GEOMETRIC_REPRESENTATION_CONTEXT(2) 
PARAMETRIC_REPRESENTATION_CONTEXT() REPRESENTATION_CONTEXT('2D SPACE',''
  ) );
#6932 = PCURVE('',#6879,#6933);
#6933 = DEFINITIONAL_REPRESENTATION('',(#6934),#6938);
#6934 = LINE('',#6935,#6936);
#6935 = CARTESIAN_POINT('',(-0.,5.));
#6936 = VECTOR('',#6937,1.);
#6937 = DIRECTION('',(-1.,-0.));
#6938 = ( GEOMETRIC_REPRESENTATION_CONTEXT(2) 
PARAMETRIC_REPRESENTATION_CONTEXT() REPRESENTATION_CONTEXT('2D SPACE',''
  ) );
#6939 = ADVANCED_FACE('',(#6940),#6058,.F.);
#6940 = FACE_BOUND('',#6941,.T.);
#6941 = EDGE_LOOP('',(#6942,#6965,#6966,#6967));
#6942 = ORIENTED_EDGE('',*,*,#6943,.F.);
#6943 = EDGE_CURVE('',#6015,#6944,#6946,.T.);
#6944 = VERTEX_POINT('',#6945);
#6945 = CARTESIAN_POINT('',(28.75,108.8,9.8));
#6946 = SURFACE_CURVE('',#6947,(#6951,#6958),.PCURVE_S1.);
#6947 = LINE('',#6948,#6949);
#6948 = CARTESIAN_POINT('',(28.75,106.9,9.8));
#6949 = VECTOR('',#6950,1.);
#6950 = DIRECTION('',(0.,1.,0.));
#6951 = PCURVE('',#6058,#6952);
#6952 = DEFINITIONAL_REPRESENTATION('',(#6953),#6957);
#6953 = LINE('',#6954,#6955);
#6954 = CARTESIAN_POINT('',(0.,-0.));
#6955 = VECTOR('',#6956,1.);
#6956 = DIRECTION('',(0.,1.));
#6957 = ( GEOMETRIC_REPRESENTATION_CONTEXT(2) 
PARAMETRIC_REPRESENTATION_CONTEXT() REPRESENTATION_CONTEXT('2D SPACE',''
  ) );
#6958 = PCURVE('',#6030,#6959);
#6959 = DEFINITIONAL_REPRESENTATION('',(#6960),#6964);
#6960 = LINE('',#6961,#6962);
#6961 = CARTESIAN_POINT('',(-0.,-0.));
#6962 = VECTOR('',#6963,1.);
#6963 = DIRECTION('',(-0.,-1.));
#6964 = ( GEOMETRIC_REPRESENTATION_CONTEXT(2) 
PARAMETRIC_REPRESENTATION_CONTEXT() REPRESENTATION_CONTEXT('2D SPACE',''
  ) );
#6965 = ORIENTED_EDGE('',*,*,#6042,.T.);
#6966 = ORIENTED_EDGE('',*,*,#6896,.T.);
#6967 = ORIENTED_EDGE('',*,*,#6968,.F.);
#6968 = EDGE_CURVE('',#6944,#6897,#6969,.T.);
#6969 = SURFACE_CURVE('',#6970,(#6974,#6981),.PCURVE_S1.);
#6970 = LINE('',#6971,#6972);
#6971 = CARTESIAN_POINT('',(28.75,108.8,9.8));
#6972 = VECTOR('',#6973,1.);
#6973 = DIRECTION('',(-1.,-0.,0.));
#6974 = PCURVE('',#6058,#6975);
#6975 = DEFINITIONAL_REPRESENTATION('',(#6976),#6980);
#6976 = LINE('',#6977,#6978);
#6977 = CARTESIAN_POINT('',(0.,1.9));
#6978 = VECTOR('',#6979,1.);
#6979 = DIRECTION('',(-1.,0.));
#6980 = ( GEOMETRIC_REPRESENTATION_CONTEXT(2) 
PARAMETRIC_REPRESENTATION_CONTEXT() REPRESENTATION_CONTEXT('2D SPACE',''
  ) );
#6981 = PCURVE('',#6879,#6982);
#6982 = DEFINITIONAL_REPRESENTATION('',(#6983),#6987);
#6983 = LINE('',#6984,#6985);
#6984 = CARTESIAN_POINT('',(-0.,-0.));
#6985 = VECTOR('',#6986,1.);
#6986 = DIRECTION('',(-0.,1.));
#6987 = ( GEOMETRIC_REPRESENTATION_CONTEXT(2) 
PARAMETRIC_REPRESENTATION_CONTEXT() REPRESENTATION_CONTEXT('2D SPACE',''
  ) );
#6988 = ADVANCED_FACE('',(#6989),#6030,.F.);
#6989 = FACE_BOUND('',#6990,.T.);
#6990 = EDGE_LOOP('',(#6991,#6992,#6993,#6994));
#6991 = ORIENTED_EDGE('',*,*,#6818,.F.);
#6992 = ORIENTED_EDGE('',*,*,#6014,.T.);
#6993 = ORIENTED_EDGE('',*,*,#6943,.T.);
#6994 = ORIENTED_EDGE('',*,*,#6995,.T.);
#6995 = EDGE_CURVE('',#6944,#6819,#6996,.T.);
#6996 = SURFACE_CURVE('',#6997,(#7001,#7008),.PCURVE_S1.);
#6997 = LINE('',#6998,#6999);
#6998 = CARTESIAN_POINT('',(28.75,108.8,9.8));
#6999 = VECTOR('',#7000,1.);
#7000 = DIRECTION('',(0.,0.,1.));
#7001 = PCURVE('',#6030,#7002);
#7002 = DEFINITIONAL_REPRESENTATION('',(#7003),#7007);
#7003 = LINE('',#7004,#7005);
#7004 = CARTESIAN_POINT('',(-0.,-1.9));
#7005 = VECTOR('',#7006,1.);
#7006 = DIRECTION('',(-1.,-0.));
#7007 = ( GEOMETRIC_REPRESENTATION_CONTEXT(2) 
PARAMETRIC_REPRESENTATION_CONTEXT() REPRESENTATION_CONTEXT('2D SPACE',''
  ) );
#7008 = PCURVE('',#6879,#7009);
#7009 = DEFINITIONAL_REPRESENTATION('',(#7010),#7014);
#7010 = LINE('',#7011,#7012);
#7011 = CARTESIAN_POINT('',(-0.,-0.));
#7012 = VECTOR('',#7013,1.);
#7013 = DIRECTION('',(-1.,-0.));
#7014 = ( GEOMETRIC_REPRESENTATION_CONTEXT(2) 
PARAMETRIC_REPRESENTATION_CONTEXT() REPRESENTATION_CONTEXT('2D SPACE',''
  ) );
#7015 = ADVANCED_FACE('',(#7016),#6255,.T.);
#7016 = FACE_BOUND('',#7017,.F.);
#7017 = EDGE_LOOP('',(#7018,#7019,#7020,#7021));
#7018 = ORIENTED_EDGE('',*,*,#6344,.F.);
#7019 = ORIENTED_EDGE('',*,*,#6371,.T.);
#7020 = ORIENTED_EDGE('',*,*,#6241,.T.);
#7021 = ORIENTED_EDGE('',*,*,#6295,.F.);
#7022 = ADVANCED_FACE('',(#7023),#6463,.T.);
#7023 = FACE_BOUND('',#7024,.F.);
#7024 = EDGE_LOOP('',(#7025,#7026,#7027,#7028));
#7025 = ORIENTED_EDGE('',*,*,#6552,.F.);
#7026 = ORIENTED_EDGE('',*,*,#6579,.T.);
#7027 = ORIENTED_EDGE('',*,*,#6449,.T.);
#7028 = ORIENTED_EDGE('',*,*,#6503,.F.);
#7029 = ADVANCED_FACE('',(#7030),#6671,.T.);
#7030 = FACE_BOUND('',#7031,.F.);
#7031 = EDGE_LOOP('',(#7032,#7033,#7034,#7035));
#7032 = ORIENTED_EDGE('',*,*,#6760,.F.);
#7033 = ORIENTED_EDGE('',*,*,#6787,.T.);
#7034 = ORIENTED_EDGE('',*,*,#6657,.T.);
#7035 = ORIENTED_EDGE('',*,*,#6711,.F.);
#7036 = ADVANCED_FACE('',(#7037),#6879,.T.);
#7037 = FACE_BOUND('',#7038,.F.);
#7038 = EDGE_LOOP('',(#7039,#7040,#7041,#7042));
#7039 = ORIENTED_EDGE('',*,*,#6968,.F.);
#7040 = ORIENTED_EDGE('',*,*,#6995,.T.);
#7041 = ORIENTED_EDGE('',*,*,#6865,.T.);
#7042 = ORIENTED_EDGE('',*,*,#6919,.F.);
#7043 = ( GEOMETRIC_REPRESENTATION_CONTEXT(3) 
GLOBAL_UNCERTAINTY_ASSIGNED_CONTEXT((#7047)) 
GLOBAL_UNIT_ASSIGNED_CONTEXT((#7044,#7045,#7046)) REPRESENTATION_CONTEXT
('Context #1','3D Context with UNIT and UNCERTAINTY') );
#7044 = ( LENGTH_UNIT() NAMED_UNIT(*) SI_UNIT(.MILLI.,.METRE.) );
#7045 = ( NAMED_UNIT(*) PLANE_ANGLE_UNIT() SI_UNIT($,.RADIAN.) );
#7046 = ( NAMED_UNIT(*) SI_UNIT($,.STERADIAN.) SOLID_ANGLE_UNIT() );
#7047 = UNCERTAINTY_MEASURE_WITH_UNIT(LENGTH_MEASURE(1.E-07),#7044,
  'distance_accuracy_value','confusion accuracy');
#7048 = PRODUCT_RELATED_PRODUCT_CATEGORY('part',$,(#7));
ENDSEC;
END-ISO-10303-21;
